study,method,bmi,trial,snr_db,respiration_true_bpm,respiration_est_bpm,respiration_abs_error_bpm,heart_true_bpm,heart_est_bpm,heart_abs_error_bpm,spatial_sinr_db
snr,No intelligent surface,18.0,0.0,-10.0,13.967883734059752,9.989171190357496,3.9787125437022564,68.41090083960857,49.833680572373616,18.577220267234956,-7.598023842764945
snr,Digital MVDR array (BMI-adaptive),18.0,0.0,-10.0,13.967883734059752,6.264236798923595,7.703646935136157,68.41090083960857,60.3757210266945,8.035179812914073,9.037980515055072
snr,1-layer RIS (BMI-adaptive),18.0,0.0,-10.0,13.967883734059752,4.675791433179357,9.292092300880395,68.41090083960857,51.65968129682492,16.75121954278365,5.394905198877255
snr,3-layer SIM (universal),18.0,0.0,-10.0,13.967883734059752,5.92534396633908,8.042539767720672,68.41090083960857,62.45299964256163,5.957901197046944,7.902339122580447
snr,3-layer SIM (BMI-adaptive),18.0,0.0,-10.0,13.967883734059752,8.725005474864027,5.2428782591957255,68.41090083960857,64.04860363161363,4.362297207994942,9.218706536756887
snr,No intelligent surface,18.0,1.0,-10.0,18.75874237290061,13.155085716340919,5.603656656559691,93.00198738883023,60.557849030019526,32.444138358810704,-7.597743121222939
snr,Digital MVDR array (BMI-adaptive),18.0,1.0,-10.0,18.75874237290061,9.785799272168413,8.972943100732197,93.00198738883023,60.563915429391464,32.438071959438766,8.983803672617372
snr,1-layer RIS (BMI-adaptive),18.0,1.0,-10.0,18.75874237290061,11.488001284980863,7.270741087919747,93.00198738883023,54.45001446716158,38.55197292166865,5.143927369457895
snr,3-layer SIM (universal),18.0,1.0,-10.0,18.75874237290061,4.724440885523945,14.034301487376664,93.00198738883023,51.13777858508479,41.86420880374544,7.57407593741216
snr,3-layer SIM (BMI-adaptive),18.0,1.0,-10.0,18.75874237290061,7.521594744980427,11.237147627920184,93.00198738883023,62.33841228341983,30.663575105410402,8.844527053557945
snr,No intelligent surface,18.0,2.0,-10.0,16.807991843047045,6.0515015253831725,10.756490317663872,71.24956222474773,56.27220069308864,14.977361531659092,-7.597766486668638
snr,Digital MVDR array (BMI-adaptive),18.0,2.0,-10.0,16.807991843047045,7.048624899742603,9.759366943304443,71.24956222474773,62.32812649477585,8.921435729971883,8.800194734582059
snr,1-layer RIS (BMI-adaptive),18.0,2.0,-10.0,16.807991843047045,3.560449480290404,13.24754236275664,71.24956222474773,60.098548786751884,11.15101343799585,5.086697882743603
snr,3-layer SIM (universal),18.0,2.0,-10.0,16.807991843047045,6.37828919187514,10.429702651171905,71.24956222474773,61.47595842792672,9.773603796821014,7.09666480848038
snr,3-layer SIM (BMI-adaptive),18.0,2.0,-10.0,16.807991843047045,5.318953914402403,11.489037928644642,71.24956222474773,52.035015407658285,19.21454681708945,8.575886408769515
snr,No intelligent surface,18.0,3.0,-10.0,14.550522338076934,4.267656043581974,10.28286629449496,70.72396348346656,69.49820382185148,1.2257596616150863,-7.597824418135623
snr,Digital MVDR array (BMI-adaptive),18.0,3.0,-10.0,14.550522338076934,8.842833268448933,5.707689069628001,70.72396348346656,48.63857901607563,22.08538446739093,9.117824559735778
snr,1-layer RIS (BMI-adaptive),18.0,3.0,-10.0,14.550522338076934,6.531276777389254,8.01924556068768,70.72396348346656,47.71983986034283,23.004123623123732,5.4328196908147515
snr,3-layer SIM (universal),18.0,3.0,-10.0,14.550522338076934,6.769381688521429,7.781140649555505,70.72396348346656,48.212190355513215,22.511773127953347,7.668388903904518
snr,3-layer SIM (BMI-adaptive),18.0,3.0,-10.0,14.550522338076934,4.7099105020387295,9.840611836038205,70.72396348346656,62.82165304268461,7.902310440781953,9.077251556628886
snr,No intelligent surface,18.0,4.0,-10.0,21.072243560614396,7.106144992907836,13.96609856770656,67.222697276503,81.01011887590637,13.787421599403373,-7.597774760668898
snr,Digital MVDR array (BMI-adaptive),18.0,4.0,-10.0,21.072243560614396,-3.1027869100380756,24.175030470652473,67.222697276503,61.009961986456204,6.212735290046794,8.678035849314291
snr,1-layer RIS (BMI-adaptive),18.0,4.0,-10.0,21.072243560614396,10.055220345475616,11.01702321513878,67.222697276503,71.21644075825326,3.9937434817502577,4.976693152014047
snr,3-layer SIM (universal),18.0,4.0,-10.0,21.072243560614396,9.037192677366233,12.035050883248163,67.222697276503,51.678668392733414,15.544028883769585,6.899771740797872
snr,3-layer SIM (BMI-adaptive),18.0,4.0,-10.0,21.072243560614396,7.728688558576542,13.343555002037853,67.222697276503,59.207919765238024,8.014777511264974,8.416630793195123
snr,No intelligent surface,18.0,5.0,-10.0,18.309244019288684,4.883523387483521,13.425720631805163,68.77580637385239,58.29807309258095,10.47773328127144,-7.597951305521624
snr,Digital MVDR array (BMI-adaptive),18.0,5.0,-10.0,18.309244019288684,5.000585118434632,13.308658900854052,68.77580637385239,46.824732400019826,21.951073973832564,8.857459763535541
snr,1-layer RIS (BMI-adaptive),18.0,5.0,-10.0,18.309244019288684,16.977645155224224,1.3315988640644605,68.77580637385239,47.431298710718906,21.344507663133484,5.38742081923771
snr,3-layer SIM (universal),18.0,5.0,-10.0,18.309244019288684,5.027415198526744,13.281828820761941,68.77580637385239,63.43103042423391,5.34477594961848,7.210126269036198
snr,3-layer SIM (BMI-adaptive),18.0,5.0,-10.0,18.309244019288684,3.054248455426179,15.254995563862504,68.77580637385239,54.04690387254038,14.728902501312007,8.835156748861202
snr,No intelligent surface,18.0,6.0,-10.0,25.061537171786203,2.0171131210006528,23.04442405078555,63.358069887542904,58.964287671536844,4.393782216006059,-7.5980429172463175
snr,Digital MVDR array (BMI-adaptive),18.0,6.0,-10.0,25.061537171786203,9.790107042888309,15.271430128897894,63.358069887542904,55.04199937647171,8.316070511071196,9.027264460163952
snr,1-layer RIS (BMI-adaptive),18.0,6.0,-10.0,25.061537171786203,7.8944556509049955,17.167081520881208,63.358069887542904,49.85755526147801,13.500514626064891,5.198199968304752
snr,3-layer SIM (universal),18.0,6.0,-10.0,25.061537171786203,9.793465103072188,15.268072068714014,63.358069887542904,81.58907540393848,18.231005516395577,8.153188610018052
snr,3-layer SIM (BMI-adaptive),18.0,6.0,-10.0,25.061537171786203,11.256198586386688,13.805338585399515,63.358069887542904,51.316220954010205,12.041848933532698,9.291146780410246
snr,No intelligent surface,18.0,7.0,-10.0,16.60964879989673,5.08686019270678,11.522788607189948,70.42347101545967,55.436369221200806,14.987101794258862,-7.5978102852684675
snr,Digital MVDR array (BMI-adaptive),18.0,7.0,-10.0,16.60964879989673,7.429852768038915,9.179796031857814,70.42347101545967,51.00139260142393,19.422078414035738,9.191086493695694
snr,1-layer RIS (BMI-adaptive),18.0,7.0,-10.0,16.60964879989673,10.05743288513683,6.552215914759898,70.42347101545967,73.42012681037801,2.9966557949183397,5.445594497253435
snr,3-layer SIM (universal),18.0,7.0,-10.0,16.60964879989673,6.378082191200779,10.23156660869595,70.42347101545967,51.1774456002654,19.246025415194268,7.8444310951926
snr,3-layer SIM (BMI-adaptive),18.0,7.0,-10.0,16.60964879989673,9.908697158979336,6.700951640917392,70.42347101545967,47.606503238046876,22.816967777412792,9.177044472741526
snr,No intelligent surface,18.0,8.0,-10.0,22.816548305349297,6.811521423795934,16.005026881553363,88.50372583343945,70.74068682978135,17.763039003658093,-7.598063426325953
snr,Digital MVDR array (BMI-adaptive),18.0,8.0,-10.0,22.816548305349297,7.597513084588602,15.219035220760695,88.50372583343945,61.22611624866392,27.277609584775526,8.818896914436726
snr,1-layer RIS (BMI-adaptive),18.0,8.0,-10.0,22.816548305349297,9.043351901216074,13.773196404133223,88.50372583343945,46.46615232520935,42.037573508230096,5.391018262749723
snr,3-layer SIM (universal),18.0,8.0,-10.0,22.816548305349297,5.156785278469321,17.659763026879975,88.50372583343945,73.98984958858752,14.513876244851929,7.353425370663997
snr,3-layer SIM (BMI-adaptive),18.0,8.0,-10.0,22.816548305349297,4.124045939146385,18.692502366202913,88.50372583343945,46.66554973072872,41.838176102710726,8.919523657382506
snr,No intelligent surface,18.0,9.0,-10.0,19.237609366215413,7.496551831102049,11.741057535113363,86.19880909504789,50.54456033176493,35.654248763282965,-7.598183097223448
snr,Digital MVDR array (BMI-adaptive),18.0,9.0,-10.0,19.237609366215413,13.313136122923083,5.924473243292329,86.19880909504789,57.81420975090738,28.38459934414051,8.726274182848266
snr,1-layer RIS (BMI-adaptive),18.0,9.0,-10.0,19.237609366215413,8.667262617091536,10.570346749123877,86.19880909504789,51.397197133068374,34.80161196197952,5.273650244578125
snr,3-layer SIM (universal),18.0,9.0,-10.0,19.237609366215413,12.882698782248237,6.354910583967175,86.19880909504789,55.31529291455612,30.883516180491775,7.51945959581214
snr,3-layer SIM (BMI-adaptive),18.0,9.0,-10.0,19.237609366215413,5.959404833323977,13.278204532891436,86.19880909504789,51.42765156490564,34.771157530142254,8.9600392782435
snr,No intelligent surface,18.0,10.0,-10.0,21.80770401355853,5.953994062312235,15.853709951246296,76.27461545358948,55.49391975739924,20.780695696190236,-7.598234026080224
snr,Digital MVDR array (BMI-adaptive),18.0,10.0,-10.0,21.80770401355853,6.702618894564818,15.105085118993713,76.27461545358948,68.06665799423605,8.207957459353423,8.534412149321613
snr,1-layer RIS (BMI-adaptive),18.0,10.0,-10.0,21.80770401355853,3.8122409405759723,17.99546307298256,76.27461545358948,70.64619351316959,5.628421940419884,5.249349609740599
snr,3-layer SIM (universal),18.0,10.0,-10.0,21.80770401355853,8.716713041743397,13.090990971815135,76.27461545358948,53.670219183123386,22.60439627046609,7.106067979814357
snr,3-layer SIM (BMI-adaptive),18.0,10.0,-10.0,21.80770401355853,7.609732952115302,14.19797106144323,76.27461545358948,69.96914536314922,6.305470090440252,8.730014074282499
snr,No intelligent surface,18.0,11.0,-10.0,15.049653222267512,15.343641036122529,0.2939878138550167,74.55965557306135,68.55163595833609,6.0080196147252565,-7.597747600966194
snr,Digital MVDR array (BMI-adaptive),18.0,11.0,-10.0,15.049653222267512,16.21052510284506,1.1608718805775489,74.55965557306135,67.12509485115477,7.434560721906578,8.786812451561772
snr,1-layer RIS (BMI-adaptive),18.0,11.0,-10.0,15.049653222267512,9.425583690998636,5.624069531268876,74.55965557306135,68.60622586148428,5.953429711577073,5.020339867120651
snr,3-layer SIM (universal),18.0,11.0,-10.0,15.049653222267512,6.576081455398033,8.47357176686948,74.55965557306135,51.13522489043572,23.424430682625626,7.136831577018199
snr,3-layer SIM (BMI-adaptive),18.0,11.0,-10.0,15.049653222267512,7.748412087476963,7.3012411347905495,74.55965557306135,49.02044990916419,25.539205663897157,8.547843592908082
snr,No intelligent surface,22.0,0.0,-10.0,21.525847358327105,4.032523026362277,17.49332433196483,75.94645959346165,58.021161469718855,17.9252981237428,-7.543520483880403
snr,Digital MVDR array (BMI-adaptive),22.0,0.0,-10.0,21.525847358327105,14.369916322333223,7.155931035993882,75.94645959346165,46.74978808734864,29.196671506113013,6.51075400171158
snr,1-layer RIS (BMI-adaptive),22.0,0.0,-10.0,21.525847358327105,10.233147136037688,11.292700222289417,75.94645959346165,56.615361382990265,19.33109821047139,3.6546336083185746
snr,3-layer SIM (universal),22.0,0.0,-10.0,21.525847358327105,7.985907027571329,13.539940330755776,75.94645959346165,63.27857355568768,12.667886037773975,4.876968741363829
snr,3-layer SIM (BMI-adaptive),22.0,0.0,-10.0,21.525847358327105,14.78557891405398,6.740268444273125,75.94645959346165,72.3281926466315,3.618266946830147,6.402317600988726
snr,No intelligent surface,22.0,1.0,-10.0,17.64749957589065,7.049948549800057,10.597551026090592,88.35500924241853,59.59996608243362,28.755043159984915,-7.544124914792344
snr,Digital MVDR array (BMI-adaptive),22.0,1.0,-10.0,17.64749957589065,5.230159854918518,12.41733972097213,88.35500924241853,50.42831428913345,37.92669495328508,6.151116210044859
snr,1-layer RIS (BMI-adaptive),22.0,1.0,-10.0,17.64749957589065,8.495364414749362,9.152135161141286,88.35500924241853,56.57067539435304,31.784333848065494,3.6507592699937237
snr,3-layer SIM (universal),22.0,1.0,-10.0,17.64749957589065,8.914020846521847,8.733478729368802,88.35500924241853,53.830775163893755,34.52423407852478,4.981936128322445
snr,3-layer SIM (BMI-adaptive),22.0,1.0,-10.0,17.64749957589065,7.346489408867155,10.301010167023493,88.35500924241853,56.59550551290336,31.759503729515174,6.297599392694755
snr,No intelligent surface,22.0,2.0,-10.0,22.438836454375878,1.441060782395513,20.997775671980364,68.42785318606656,50.914100531405886,17.51375265466067,-7.543713894363734
snr,Digital MVDR array (BMI-adaptive),22.0,2.0,-10.0,22.438836454375878,8.678350882091689,13.760485572284189,68.42785318606656,66.6827445257871,1.745108660279456,6.538560001881402
snr,1-layer RIS (BMI-adaptive),22.0,2.0,-10.0,22.438836454375878,10.713457912200868,11.72537854217501,68.42785318606656,65.34837293640403,3.0794802496625238,3.8266690207376817
snr,3-layer SIM (universal),22.0,2.0,-10.0,22.438836454375878,4.490377908270346,17.94845854610553,68.42785318606656,66.5566833462899,1.8711698397766554,4.845500444443439
snr,3-layer SIM (BMI-adaptive),22.0,2.0,-10.0,22.438836454375878,14.49599129076368,7.942845163612198,68.42785318606656,51.493672992445205,16.93418019362135,6.48547983887994
snr,No intelligent surface,22.0,3.0,-10.0,14.352633642509986,9.810006026559352,4.542627615950634,69.87929888808534,49.87266092955659,20.006637958528756,-7.543641150006437
snr,Digital MVDR array (BMI-adaptive),22.0,3.0,-10.0,14.352633642509986,8.240051244952175,6.11258239755781,69.87929888808534,49.49932736456882,20.379971523516524,6.4688019889437545
snr,1-layer RIS (BMI-adaptive),22.0,3.0,-10.0,14.352633642509986,5.280237304685877,9.07239633782411,69.87929888808534,82.25361216659923,12.374313278513881,3.572267862530642
snr,3-layer SIM (universal),22.0,3.0,-10.0,14.352633642509986,9.46723105933431,4.885402583175676,69.87929888808534,82.37645129097258,12.497152402887238,5.484983301566679
snr,3-layer SIM (BMI-adaptive),22.0,3.0,-10.0,14.352633642509986,10.374522189364946,3.97811145314504,69.87929888808534,-51.704102208697115,121.58340109678247,6.540316376298518
snr,No intelligent surface,22.0,4.0,-10.0,18.20925045878519,7.856812529651876,10.352437929133313,68.13448790251381,94.25946599606706,26.124978093553253,-7.54436232226987
snr,Digital MVDR array (BMI-adaptive),22.0,4.0,-10.0,18.20925045878519,7.324805249570494,10.884445209214695,68.13448790251381,59.288588887521826,8.845899014991986,5.907662417615769
snr,1-layer RIS (BMI-adaptive),22.0,4.0,-10.0,18.20925045878519,9.823172165558423,8.386078293226765,68.13448790251381,55.374869206906155,12.759618695607656,3.827069669047816
snr,3-layer SIM (universal),22.0,4.0,-10.0,18.20925045878519,7.5409591064395975,10.668291352345591,68.13448790251381,51.453884768212696,16.680603134301116,3.633161279820634
snr,3-layer SIM (BMI-adaptive),22.0,4.0,-10.0,18.20925045878519,7.04251352833738,11.166736930447808,68.13448790251381,51.9053898181224,16.22909808439141,5.908024461576301
snr,No intelligent surface,22.0,5.0,-10.0,17.811207176543025,15.022849602797315,2.78835757374571,97.85495188213658,48.01425247042206,49.84069941171452,-7.544016045057066
snr,Digital MVDR array (BMI-adaptive),22.0,5.0,-10.0,17.811207176543025,13.109486821010432,4.7017203555325935,97.85495188213658,48.92165059891287,48.933301283223706,6.315943121741424
snr,1-layer RIS (BMI-adaptive),22.0,5.0,-10.0,17.811207176543025,9.399970052084281,8.411237124458744,97.85495188213658,50.197484146415775,47.6574677357208,3.8705327054643917
snr,3-layer SIM (universal),22.0,5.0,-10.0,17.811207176543025,7.462110169328985,10.349097007214041,97.85495188213658,48.6033506659906,49.25160121614598,4.453945676824185
snr,3-layer SIM (BMI-adaptive),22.0,5.0,-10.0,17.811207176543025,7.485409706272296,10.325797470270729,97.85495188213658,48.76545004959974,49.08950183253683,6.309258952660411
snr,No intelligent surface,22.0,6.0,-10.0,14.48345803708795,5.252960321844942,9.230497715243008,80.26573055186678,52.90195848145796,27.36377207040882,-7.5437581906947635
snr,Digital MVDR array (BMI-adaptive),22.0,6.0,-10.0,14.48345803708795,6.341633663934365,8.141824373153584,80.26573055186678,70.63228445034368,9.633446101523106,6.444913059786154
snr,1-layer RIS (BMI-adaptive),22.0,6.0,-10.0,14.48345803708795,3.143735693503687,11.339722343584263,80.26573055186678,69.0885796696605,11.177150882206277,3.857733714748752
snr,3-layer SIM (universal),22.0,6.0,-10.0,14.48345803708795,5.677332160626997,8.806125876460953,80.26573055186678,61.17958526851328,19.086145283353503,4.1327590504208445
snr,3-layer SIM (BMI-adaptive),22.0,6.0,-10.0,14.48345803708795,3.890611115300672,10.592846921787277,80.26573055186678,68.58988135244837,11.675849199418408,6.2815579878844074
snr,No intelligent surface,22.0,7.0,-10.0,19.20495102417051,-2.841851105109831,22.04680212928034,77.95930190435828,51.424473331219374,26.53482857313891,-7.544001781225273
snr,Digital MVDR array (BMI-adaptive),22.0,7.0,-10.0,19.20495102417051,15.56782310517344,3.637127918997068,77.95930190435828,57.91102328867192,20.048278615686364,6.194955300165493
snr,1-layer RIS (BMI-adaptive),22.0,7.0,-10.0,19.20495102417051,7.4769382110409355,11.728012813129574,77.95930190435828,54.10204604308631,23.857255861271973,3.4922676164239626
snr,3-layer SIM (universal),22.0,7.0,-10.0,19.20495102417051,5.704716404524213,13.500234619646296,77.95930190435828,57.77145783932891,20.187844065029374,5.417122041797855
snr,3-layer SIM (BMI-adaptive),22.0,7.0,-10.0,19.20495102417051,8.111350999273993,11.093600024896515,77.95930190435828,92.49323793601349,14.533936031655202,6.39257080935923
snr,No intelligent surface,22.0,8.0,-10.0,14.086737352212811,5.599976587265677,8.486760764947135,80.1589830370699,47.718312182798314,32.44067085427159,-7.543706172019602
snr,Digital MVDR array (BMI-adaptive),22.0,8.0,-10.0,14.086737352212811,5.546816937229098,8.539920414983714,80.1589830370699,81.21972229279962,1.0607392557297146,6.4960708458605945
snr,1-layer RIS (BMI-adaptive),22.0,8.0,-10.0,14.086737352212811,8.263426367255029,5.823310984957782,80.1589830370699,70.90022071054037,9.258762326529535,3.8375368845514144
snr,3-layer SIM (universal),22.0,8.0,-10.0,14.086737352212811,12.99593279091719,1.0908045612956219,80.1589830370699,75.62054961754781,4.538433419522093,4.4091648934014875
snr,3-layer SIM (BMI-adaptive),22.0,8.0,-10.0,14.086737352212811,8.262828769266882,5.823908582945929,80.1589830370699,69.48886683159135,10.67011620547855,6.360696698764458
snr,No intelligent surface,22.0,9.0,-10.0,23.690209465927577,7.98026432847697,15.709945137450607,86.42381068155487,48.44120828334658,37.982602398208286,-7.543549274496292
snr,Digital MVDR array (BMI-adaptive),22.0,9.0,-10.0,23.690209465927577,6.2237852718218925,17.466424194105684,86.42381068155487,51.07293383223653,35.35087684931834,4.195609844021991
snr,1-layer RIS (BMI-adaptive),22.0,9.0,-10.0,23.690209465927577,3.6766645049524116,20.013544960975164,86.42381068155487,52.89800746110964,33.525803220445226,1.6651719713391155
snr,3-layer SIM (universal),22.0,9.0,-10.0,23.690209465927577,7.787862887288787,15.90234657863879,86.42381068155487,51.88569328452579,34.538117397029076,2.4653309184426604
snr,3-layer SIM (BMI-adaptive),22.0,9.0,-10.0,23.690209465927577,4.912968842705447,18.77724062322213,86.42381068155487,53.81833223668132,32.60547844487355,3.808959923842861
snr,No intelligent surface,22.0,10.0,-10.0,23.478399595429998,3.8860294231084604,19.592370172321537,93.65451723126449,55.38116380722678,38.273353424037715,-7.543479874210389
snr,Digital MVDR array (BMI-adaptive),22.0,10.0,-10.0,23.478399595429998,7.832802965235542,15.645596630194456,93.65451723126449,65.40799050965884,28.246526721605647,6.095270044760311
snr,1-layer RIS (BMI-adaptive),22.0,10.0,-10.0,23.478399595429998,10.587827219806746,12.890572375623252,93.65451723126449,58.973529601962035,34.68098762930246,3.141020502347756
snr,3-layer SIM (universal),22.0,10.0,-10.0,23.478399595429998,11.869511342949295,11.608888252480703,93.65451723126449,65.91668951889113,27.73782771237336,5.211189634916403
snr,3-layer SIM (BMI-adaptive),22.0,10.0,-10.0,23.478399595429998,5.0450643267200945,18.433335268709904,93.65451723126449,54.92560523845519,38.7289119928093,6.121680636736756
snr,No intelligent surface,22.0,11.0,-10.0,20.192265861387803,7.281128098291702,12.9111377630961,95.08468847828777,61.64844405500389,33.43624442328388,-7.544168790763013
snr,Digital MVDR array (BMI-adaptive),22.0,11.0,-10.0,20.192265861387803,3.49896489755258,16.693300963835224,95.08468847828777,52.54092132543204,42.543767152855736,6.126852091658586
snr,1-layer RIS (BMI-adaptive),22.0,11.0,-10.0,20.192265861387803,5.18444896127187,15.007816900115934,95.08468847828777,64.0144745074024,31.070213970885376,3.7182868755700955
snr,3-layer SIM (universal),22.0,11.0,-10.0,20.192265861387803,4.529311143218174,15.66295471816963,95.08468847828777,70.2558653534717,24.82882312481607,4.715487681584774
snr,3-layer SIM (BMI-adaptive),22.0,11.0,-10.0,20.192265861387803,6.153028008755725,14.039237852632077,95.08468847828777,56.95588344358572,38.128805034702054,6.2371746543467275
snr,No intelligent surface,26.0,0.0,-10.0,24.720820243851346,8.62283768820607,16.097982555645274,96.37159845652958,85.81720308267577,10.554395373853808,-8.750312160809514
snr,Digital MVDR array (BMI-adaptive),26.0,0.0,-10.0,24.720820243851346,12.338150971560976,12.38266927229037,96.37159845652958,97.84733239932639,1.4757339427968077,6.757288798429363
snr,1-layer RIS (BMI-adaptive),26.0,0.0,-10.0,24.720820243851346,8.094922499463802,16.625897744387544,96.37159845652958,46.7481744560758,49.62342400045378,3.7170048738487784
snr,3-layer SIM (universal),26.0,0.0,-10.0,24.720820243851346,4.970108515887654,19.75071172796369,96.37159845652958,51.59732286396614,44.77427559256344,5.468994718936634
snr,3-layer SIM (BMI-adaptive),26.0,0.0,-10.0,24.720820243851346,11.697243747834817,13.02357649601653,96.37159845652958,51.81966139784728,44.551937058682306,6.850851269945284
snr,No intelligent surface,26.0,1.0,-10.0,16.466220180238576,11.414805996238773,5.051414183999803,62.780347228534275,48.933891353131344,13.846455875402931,-8.750456494350635
snr,Digital MVDR array (BMI-adaptive),26.0,1.0,-10.0,16.466220180238576,5.637412657265227,10.82880752297335,62.780347228534275,54.67883612612039,8.101511102413887,7.372051219009743
snr,1-layer RIS (BMI-adaptive),26.0,1.0,-10.0,16.466220180238576,4.947474998334693,11.518745181903883,62.780347228534275,54.621256707243944,8.15909052129033,4.291903254021981
snr,3-layer SIM (universal),26.0,1.0,-10.0,16.466220180238576,0.3275091038431474,16.138711076395428,62.780347228534275,50.82890746927139,11.951439759262882,7.024583452501997
snr,3-layer SIM (BMI-adaptive),26.0,1.0,-10.0,16.466220180238576,2.3433034153622776,14.122916764876297,62.780347228534275,113.57370171022949,50.79335448169521,7.4431770369385495
snr,No intelligent surface,26.0,2.0,-10.0,19.500884301666087,5.173214261987887,14.3276700396782,77.56024129682356,47.706951284811176,29.853290012012387,-8.750433554404287
snr,Digital MVDR array (BMI-adaptive),26.0,2.0,-10.0,19.500884301666087,9.624602850286813,9.876281451379274,77.56024129682356,77.31150509235587,0.24873620446768996,6.974315891589459
snr,1-layer RIS (BMI-adaptive),26.0,2.0,-10.0,19.500884301666087,9.022475011521779,10.478409290144308,77.56024129682356,77.99565618640904,0.4354148895854735,4.026222471150271
snr,3-layer SIM (universal),26.0,2.0,-10.0,19.500884301666087,6.250104911321732,13.250779390344356,77.56024129682356,80.10130312675882,2.541061829935259,6.04114976259814
snr,3-layer SIM (BMI-adaptive),26.0,2.0,-10.0,19.500884301666087,6.588089890371364,12.912794411294723,77.56024129682356,59.732798865576974,17.82744243124659,7.071342700650161
snr,No intelligent surface,26.0,3.0,-10.0,21.9754742805541,10.234907688618952,11.740566591935147,80.60130872337508,68.81933015033964,11.781978573035445,-8.749550015736375
snr,Digital MVDR array (BMI-adaptive),26.0,3.0,-10.0,21.9754742805541,4.148738778360012,17.826735502194087,80.60130872337508,70.81686730329024,9.784441420084846,7.458036093069066
snr,1-layer RIS (BMI-adaptive),26.0,3.0,-10.0,21.9754742805541,9.539503455621494,12.435970824932605,80.60130872337508,65.78868131478893,14.812627408586152,3.783012571736124
snr,3-layer SIM (universal),26.0,3.0,-10.0,21.9754742805541,4.414159279146299,17.5613150014078,80.60130872337508,75.14313563533196,5.458173088043125,6.8959856886165
snr,3-layer SIM (BMI-adaptive),26.0,3.0,-10.0,21.9754742805541,3.8857196443592406,18.089754636194858,80.60130872337508,113.54529928441511,32.943990561040025,7.375757922709574
snr,No intelligent surface,26.0,4.0,-10.0,10.897640954807285,2.534131313694723,8.363509641112561,61.453069925870885,48.10309971033218,13.349970215538704,-8.749550577919859
snr,Digital MVDR array (BMI-adaptive),26.0,4.0,-10.0,10.897640954807285,9.076202277958123,1.8214386768491622,61.453069925870885,59.15137850932098,2.3016914165499074,7.600530110726972
snr,1-layer RIS (BMI-adaptive),26.0,4.0,-10.0,10.897640954807285,4.534604126400317,6.363036828406968,61.453069925870885,53.50636190985766,7.9467080160132255,3.9663080156727086
snr,3-layer SIM (universal),26.0,4.0,-10.0,10.897640954807285,4.425593104834383,6.472047849972902,61.453069925870885,82.70193898908191,21.248869063211025,7.03156910388718
snr,3-layer SIM (BMI-adaptive),26.0,4.0,-10.0,10.897640954807285,4.426993847535879,6.470647107271406,61.453069925870885,82.58966775407836,21.136597828207478,7.546684073092096
snr,No intelligent surface,26.0,5.0,-10.0,16.659251638236896,6.236064152436129,10.423187485800767,63.08002519522724,73.33595460562528,10.255929410398032,-8.749821482646482
snr,Digital MVDR array (BMI-adaptive),26.0,5.0,-10.0,16.659251638236896,-4.1858766753309435,20.84512831356784,63.08002519522724,53.09549996698146,9.984525228245786,7.715537617061053
snr,1-layer RIS (BMI-adaptive),26.0,5.0,-10.0,16.659251638236896,7.171909177435379,9.487342460801518,63.08002519522724,46.666247525089,16.413777670138245,4.275520504109545
snr,3-layer SIM (universal),26.0,5.0,-10.0,16.659251638236896,7.340705198401826,9.31854643983507,63.08002519522724,52.97269761567871,10.107327579548532,7.245628843674188
snr,3-layer SIM (BMI-adaptive),26.0,5.0,-10.0,16.659251638236896,6.800457797920643,9.858793840316252,63.08002519522724,65.16271737589784,2.0826921806705982,7.719095514394882
snr,No intelligent surface,26.0,6.0,-10.0,19.9095633756009,4.359301336153764,15.550262039447137,93.60344553620499,59.518728557867625,34.08471697833736,-8.749483705390931
snr,Digital MVDR array (BMI-adaptive),26.0,6.0,-10.0,19.9095633756009,5.061966566268951,14.84759680933195,93.60344553620499,48.51360940026557,45.089836135939414,7.403530153263144
snr,1-layer RIS (BMI-adaptive),26.0,6.0,-10.0,19.9095633756009,8.072707986110155,11.836855389490745,93.60344553620499,52.81013399832462,40.79331153788036,3.707940845078938
snr,3-layer SIM (universal),26.0,6.0,-10.0,19.9095633756009,5.140036598672556,14.769526776928345,93.60344553620499,47.07515453269211,46.52829100351288,6.716218982253407
snr,3-layer SIM (BMI-adaptive),26.0,6.0,-10.0,19.9095633756009,5.910568965570458,13.998994410030441,93.60344553620499,75.6101595492221,17.993285986982883,7.3327845890720305
snr,No intelligent surface,26.0,7.0,-10.0,11.413219933126477,6.8711773774991,4.542042555627377,80.3129795797326,60.11514442688296,20.197835152849642,-8.75006178965387
snr,Digital MVDR array (BMI-adaptive),26.0,7.0,-10.0,11.413219933126477,7.76057951352129,3.652640419605187,80.3129795797326,68.93044198057076,11.382537599161836,7.661214355275638
snr,1-layer RIS (BMI-adaptive),26.0,7.0,-10.0,11.413219933126477,6.589055584457004,4.824164348669473,80.3129795797326,54.23690615634649,26.076073423386106,4.285909197026369
snr,3-layer SIM (universal),26.0,7.0,-10.0,11.413219933126477,8.638762123476493,2.7744578096499843,80.3129795797326,75.45919765272836,4.853781927004235,7.350464633807339
snr,3-layer SIM (BMI-adaptive),26.0,7.0,-10.0,11.413219933126477,8.867312505471954,2.545907427654523,80.3129795797326,48.98956218048293,31.32341739924967,7.676072805700262
snr,No intelligent surface,26.0,8.0,-10.0,11.889314337712516,13.501760651389388,1.6124463136768714,94.97892050426755,65.7072090699725,29.271711434295042,-8.75023699824287
snr,Digital MVDR array (BMI-adaptive),26.0,8.0,-10.0,11.889314337712516,10.385246079259522,1.5040682584529943,94.97892050426755,65.3671677320384,29.611752772229153,7.56711304680084
snr,1-layer RIS (BMI-adaptive),26.0,8.0,-10.0,11.889314337712516,7.826230661072785,4.063083676639732,94.97892050426755,65.64524305173137,29.33367745253618,4.318573864188585
snr,3-layer SIM (universal),26.0,8.0,-10.0,11.889314337712516,16.748184176700125,4.858869838987609,94.97892050426755,65.2386425910072,29.740277913260343,7.260148196550768
snr,3-layer SIM (BMI-adaptive),26.0,8.0,-10.0,11.889314337712516,15.710686901853613,3.8213725641410967,94.97892050426755,65.43581998983393,29.54310051443362,7.6090709662842855
snr,No intelligent surface,26.0,9.0,-10.0,18.84506709966394,6.149048109936124,12.696018989727815,92.70595882541659,48.18660111685467,44.51935770856192,-8.749547782134426
snr,Digital MVDR array (BMI-adaptive),26.0,9.0,-10.0,18.84506709966394,7.405353277503653,11.439713822160286,92.70595882541659,65.11724959084293,27.588709234573656,7.601167256301151
snr,1-layer RIS (BMI-adaptive),26.0,9.0,-10.0,18.84506709966394,15.413343802940494,3.4317232967234457,92.70595882541659,65.05970146584177,27.64625735957482,3.9785404487076574
snr,3-layer SIM (universal),26.0,9.0,-10.0,18.84506709966394,6.742795827490123,12.102271272173816,92.70595882541659,67.06915854034158,25.63680028507501,7.000088736919937
snr,3-layer SIM (BMI-adaptive),26.0,9.0,-10.0,18.84506709966394,6.909303620357077,11.935763479306862,92.70595882541659,67.10399220321436,25.601966622202227,7.555044918614671
snr,No intelligent surface,26.0,10.0,-10.0,21.77645028011807,5.693121818886449,16.08332846123162,73.60266599352262,56.763854585631755,16.838811407890866,-8.749701824250671
snr,Digital MVDR array (BMI-adaptive),26.0,10.0,-10.0,21.77645028011807,8.82274060007827,12.9537096800398,73.60266599352262,52.44557262002034,21.157093373502278,7.4576199867738735
snr,1-layer RIS (BMI-adaptive),26.0,10.0,-10.0,21.77645028011807,18.16657690650271,3.609873373615361,73.60266599352262,90.09036253682153,16.48769654329891,3.9814380657639776
snr,3-layer SIM (universal),26.0,10.0,-10.0,21.77645028011807,8.84694263517665,12.92950764494142,73.60266599352262,68.92949918243396,4.673166811088663,6.669697081390604
snr,3-layer SIM (BMI-adaptive),26.0,10.0,-10.0,21.77645028011807,8.794577850056807,12.981872430061262,73.60266599352262,68.5496952559694,5.052970737553224,7.459659836649582
snr,No intelligent surface,26.0,11.0,-10.0,21.327750517152307,8.322290863366751,13.005459653785556,65.36584107349914,67.10650740766285,1.7406663341637056,-8.74984958633403
snr,Digital MVDR array (BMI-adaptive),26.0,11.0,-10.0,21.327750517152307,4.435004960168304,16.892745556984003,65.36584107349914,86.23275135883341,20.86691028533427,7.072922454336673
snr,1-layer RIS (BMI-adaptive),26.0,11.0,-10.0,21.327750517152307,4.395618843500616,16.93213167365169,65.36584107349914,57.169465816168035,8.196375257331106,3.6734009332363855
snr,3-layer SIM (universal),26.0,11.0,-10.0,21.327750517152307,2.4711278711314324,18.856622646020874,65.36584107349914,58.200000208291854,7.1658408652072865,5.985709937967698
snr,3-layer SIM (BMI-adaptive),26.0,11.0,-10.0,21.327750517152307,2.0545667403336707,19.273183776818637,65.36584107349914,66.3129704332075,0.9471293597083559,7.09982878769415
snr,No intelligent surface,30.0,0.0,-10.0,16.84415567777948,16.940087233858403,0.09593155607892356,94.2171413442716,79.0130823527713,15.20405899150029,-10.077108324076555
snr,Digital MVDR array (BMI-adaptive),30.0,0.0,-10.0,16.84415567777948,15.759723580350583,1.0844320974288966,94.2171413442716,62.12231460418926,32.09482674008233,9.903840652328196
snr,1-layer RIS (BMI-adaptive),30.0,0.0,-10.0,16.84415567777948,7.838778598109348,9.005377079670131,94.2171413442716,63.30900416637683,30.908137177894766,6.04417612091148
snr,3-layer SIM (universal),30.0,0.0,-10.0,16.84415567777948,10.569402888445799,6.2747527893336805,94.2171413442716,93.22495030073962,0.9921910435319745,9.511235904076681
snr,3-layer SIM (BMI-adaptive),30.0,0.0,-10.0,16.84415567777948,6.495258140748463,10.348897537031016,94.2171413442716,47.40667339637117,46.81046794790043,9.883973944240822
snr,No intelligent surface,30.0,1.0,-10.0,21.61306678325824,5.0590744096430305,16.55399237361521,87.84696695972445,59.81998297953024,28.026983980194217,-10.076626437428713
snr,Digital MVDR array (BMI-adaptive),30.0,1.0,-10.0,21.61306678325824,9.388193932513836,12.224872850744404,87.84696695972445,72.5832502582442,15.263716701480249,9.397217866579766
snr,1-layer RIS (BMI-adaptive),30.0,1.0,-10.0,21.61306678325824,9.130651925757933,12.482414857500308,87.84696695972445,76.95941336136872,10.887553598355737,5.486923978969994
snr,3-layer SIM (universal),30.0,1.0,-10.0,21.61306678325824,3.870501851262813,17.742564931995428,87.84696695972445,48.59191641049439,39.25505054923006,9.25072635498011
snr,3-layer SIM (BMI-adaptive),30.0,1.0,-10.0,21.61306678325824,8.90485907984646,12.70820770341178,87.84696695972445,48.32945970852676,39.51750725119769,9.513371801602515
snr,No intelligent surface,30.0,2.0,-10.0,15.330478729671364,8.575179879441867,6.755298850229497,82.80637557897062,53.23879945113258,29.567576127838038,-10.076993998279232
snr,Digital MVDR array (BMI-adaptive),30.0,2.0,-10.0,15.330478729671364,3.8918815398471107,11.438597189824254,82.80637557897062,65.08068930833184,17.725686270638775,9.775934733823417
snr,1-layer RIS (BMI-adaptive),30.0,2.0,-10.0,15.330478729671364,4.900817735561798,10.429660994109566,82.80637557897062,59.766896120348214,23.039479458622402,5.925226070929096
snr,3-layer SIM (universal),30.0,2.0,-10.0,15.330478729671364,-9.654113943884731,24.984592673556094,82.80637557897062,65.72963828007732,17.076737298893292,9.434918667124636
snr,3-layer SIM (BMI-adaptive),30.0,2.0,-10.0,15.330478729671364,0.8036119395902162,14.526866790081149,82.80637557897062,65.6968978674019,17.109477711568715,9.785947605208303
snr,No intelligent surface,30.0,3.0,-10.0,13.29735475834486,5.995285926551707,7.302068831793152,57.90371736124424,54.75684241527591,3.146874945968328,-10.07708350138974
snr,Digital MVDR array (BMI-adaptive),30.0,3.0,-10.0,13.29735475834486,8.827987166321375,4.4693675920234845,57.90371736124424,46.574312094749324,11.329405266494916,9.968684446755514
snr,1-layer RIS (BMI-adaptive),30.0,3.0,-10.0,13.29735475834486,6.802851883211222,6.494502875133637,57.90371736124424,85.18636072097645,27.282643359732212,6.08555657511303
snr,3-layer SIM (universal),30.0,3.0,-10.0,13.29735475834486,9.079493991196538,4.217860767148322,57.90371736124424,61.662425148099075,3.758707786854835,9.58090354539419
snr,3-layer SIM (BMI-adaptive),30.0,3.0,-10.0,13.29735475834486,4.438538638690931,8.858816119653929,57.90371736124424,62.52176037752497,4.61804301628073,9.949017770020575
snr,No intelligent surface,30.0,4.0,-10.0,20.013798243694033,7.713821276328099,12.299976967365934,91.7456370894934,55.50524718908014,36.24038990041326,-10.077331164968971
snr,Digital MVDR array (BMI-adaptive),30.0,4.0,-10.0,20.013798243694033,2.418454643581166,17.59534360011287,91.7456370894934,51.574477643973665,40.171159445519734,10.092092582953601
snr,1-layer RIS (BMI-adaptive),30.0,4.0,-10.0,20.013798243694033,11.798831899518124,8.21496634417591,91.7456370894934,53.9553745290455,37.7902625604479,6.205823255550962
snr,3-layer SIM (universal),30.0,4.0,-10.0,20.013798243694033,1.9326471840288175,18.081151059665217,91.7456370894934,46.98542982443501,44.76020726505839,9.618499091245859
snr,3-layer SIM (BMI-adaptive),30.0,4.0,-10.0,20.013798243694033,44.67576718731993,24.661968943625894,91.7456370894934,47.98777467907076,43.75786241042264,10.022922546209735
snr,No intelligent surface,30.0,5.0,-10.0,21.9885398781548,7.711801076526124,14.276738801628676,61.60100952690211,46.14742951899282,15.453580007909288,-10.076957941240043
snr,Digital MVDR array (BMI-adaptive),30.0,5.0,-10.0,21.9885398781548,4.921055346965784,17.067484531189017,61.60100952690211,70.16953246777527,8.568522940873159,9.871139832522289
snr,1-layer RIS (BMI-adaptive),30.0,5.0,-10.0,21.9885398781548,22.82516994942719,0.8366300712723884,61.60100952690211,57.815094723396875,3.7859148035052357,5.987498532358354
snr,3-layer SIM (universal),30.0,5.0,-10.0,21.9885398781548,2.7122902952896797,19.27624958286512,61.60100952690211,54.4045823741213,7.196427152780814,9.535765149709945
snr,3-layer SIM (BMI-adaptive),30.0,5.0,-10.0,21.9885398781548,10.102663540546041,11.885876337608758,61.60100952690211,54.357724428973015,7.243285097929096,9.880823504526168
snr,No intelligent surface,30.0,6.0,-10.0,17.574549004555386,7.447054932407403,10.127494072147982,62.007927618075406,61.87807390485946,0.12985371321594386,-10.07685442325527
snr,Digital MVDR array (BMI-adaptive),30.0,6.0,-10.0,17.574549004555386,5.2284979439846575,12.34605106057073,62.007927618075406,43.82713287584049,18.180794742234916,9.900045823078347
snr,1-layer RIS (BMI-adaptive),30.0,6.0,-10.0,17.574549004555386,3.467872242751354,14.106676761804032,62.007927618075406,47.59484533546995,14.413082282605458,5.978209980456427
snr,3-layer SIM (universal),30.0,6.0,-10.0,17.574549004555386,17.97683686919222,0.40228786463683264,62.007927618075406,66.95491422935673,4.946986611281325,9.60127052785727
snr,3-layer SIM (BMI-adaptive),30.0,6.0,-10.0,17.574549004555386,5.255942474745724,12.318606529809664,62.007927618075406,54.56779459768693,7.44013302038848,9.927952412087194
snr,No intelligent surface,30.0,7.0,-10.0,24.698024049016237,8.037624781821306,16.660399267194933,72.43320520435778,50.42779314360617,22.005412060751603,-10.076682784938773
snr,Digital MVDR array (BMI-adaptive),30.0,7.0,-10.0,24.698024049016237,4.715107650114055,19.982916398902184,72.43320520435778,67.73986753045976,4.693337673898014,9.352184995718554
snr,1-layer RIS (BMI-adaptive),30.0,7.0,-10.0,24.698024049016237,4.639281512021472,20.058742536994764,72.43320520435778,52.20146471839746,20.231740485960316,5.485779659319246
snr,3-layer SIM (universal),30.0,7.0,-10.0,24.698024049016237,11.2659789025952,13.432045146421036,72.43320520435778,57.29795827034401,15.135246934013765,9.188624525792076
snr,3-layer SIM (BMI-adaptive),30.0,7.0,-10.0,24.698024049016237,7.918662684252738,16.7793613647635,72.43320520435778,57.021049452753054,15.412155751604722,9.457447435618192
snr,No intelligent surface,30.0,8.0,-10.0,10.992311516223731,6.0188691245474315,4.9734423916763,98.53897271435083,46.153779077322525,52.38519363702831,-10.077395331895394
snr,Digital MVDR array (BMI-adaptive),30.0,8.0,-10.0,10.992311516223731,4.926655209157776,6.0656563070659555,98.53897271435083,67.3149655336216,31.22400718072923,10.259273954787634
snr,1-layer RIS (BMI-adaptive),30.0,8.0,-10.0,10.992311516223731,-0.9309780235225945,11.923289539746326,98.53897271435083,67.4380099289313,31.10096278541954,6.301995841111998
snr,3-layer SIM (universal),30.0,8.0,-10.0,10.992311516223731,7.566901576709851,3.42540993951388,98.53897271435083,68.25397585393246,30.284996860418374,9.771363073995548
snr,3-layer SIM (BMI-adaptive),30.0,8.0,-10.0,10.992311516223731,6.202601616573986,4.789709899649745,98.53897271435083,54.78386838694971,43.75510432740112,10.178389333377659
snr,No intelligent surface,30.0,9.0,-10.0,21.475718628197832,9.420758873416132,12.0549597547817,85.63302431647399,54.88000862463528,30.753015691838712,-10.077074778878409
snr,Digital MVDR array (BMI-adaptive),30.0,9.0,-10.0,21.475718628197832,7.953077341934828,13.522641286263003,85.63302431647399,69.86938818725979,15.763636129214206,10.115685144360144
snr,1-layer RIS (BMI-adaptive),30.0,9.0,-10.0,21.475718628197832,7.613327413646541,13.862391214551291,85.63302431647399,86.60052954953048,0.9675052330564853,6.181298281178396
snr,3-layer SIM (universal),30.0,9.0,-10.0,21.475718628197832,8.383909315347772,13.09180931285006,85.63302431647399,87.17000596704308,1.5369816505690892,9.723716622638655
snr,3-layer SIM (BMI-adaptive),30.0,9.0,-10.0,21.475718628197832,8.860724490156757,12.614994138041075,85.63302431647399,51.207807995642185,34.42521632083181,10.090279371401106
snr,No intelligent surface,30.0,10.0,-10.0,11.152323307462222,5.45329533429078,5.699027973171442,75.22526071334494,58.06704945098831,17.15821126235663,-10.077028197529234
snr,Digital MVDR array (BMI-adaptive),30.0,10.0,-10.0,11.152323307462222,6.0131924481395895,5.139130859322632,75.22526071334494,73.07748121029422,2.147779503050714,9.429792722959187
snr,1-layer RIS (BMI-adaptive),30.0,10.0,-10.0,11.152323307462222,9.800798674414102,1.35152463304812,75.22526071334494,62.621610072164025,12.603650641180913,5.660397503628819
snr,3-layer SIM (universal),30.0,10.0,-10.0,11.152323307462222,5.417487154884425,5.734836152577797,75.22526071334494,60.079635739422066,15.145624973922871,9.107807653352435
snr,3-layer SIM (BMI-adaptive),30.0,10.0,-10.0,11.152323307462222,10.551188751041582,0.6011345564206394,75.22526071334494,88.43356805039215,13.208307337047216,9.46294257491063
snr,No intelligent surface,30.0,11.0,-10.0,14.258152188910527,9.455604085997242,4.802548102913285,63.29960921526044,63.65757792365968,0.3579687083992411,-10.076961627963225
snr,Digital MVDR array (BMI-adaptive),30.0,11.0,-10.0,14.258152188910527,10.364811820223922,3.893340368686605,63.29960921526044,51.42298840428729,11.87662081097315,10.164105758744544
snr,1-layer RIS (BMI-adaptive),30.0,11.0,-10.0,14.258152188910527,6.474598082788118,7.783554106122409,63.29960921526044,51.18211873637257,12.117490478887866,6.140744144277727
snr,3-layer SIM (universal),30.0,11.0,-10.0,14.258152188910527,23.61290125287513,9.354749063964602,63.29960921526044,50.70709215090288,12.592517064357558,9.815522335679356
snr,3-layer SIM (BMI-adaptive),30.0,11.0,-10.0,14.258152188910527,7.24817991731153,7.009972271598997,63.29960921526044,68.61007341807164,5.310464202811197,10.171522927044045
snr,No intelligent surface,34.0,0.0,-10.0,21.380196459647138,0.9213883917730747,20.458808067874063,89.08863598386797,47.45959008089127,41.629045902976706,-11.663738773147678
snr,Digital MVDR array (BMI-adaptive),34.0,0.0,-10.0,21.380196459647138,4.833916507393937,16.5462799522532,89.08863598386797,71.7453274613659,17.34330852250207,11.660473550971604
snr,1-layer RIS (BMI-adaptive),34.0,0.0,-10.0,21.380196459647138,4.843335643227157,16.53686081641998,89.08863598386797,72.44434277917685,16.644293204691124,7.549845780558584
snr,3-layer SIM (universal),34.0,0.0,-10.0,21.380196459647138,20.894400392659193,0.48579606698794464,89.08863598386797,47.58201504193043,41.50662094193754,11.139806298083545
snr,3-layer SIM (BMI-adaptive),34.0,0.0,-10.0,21.380196459647138,9.474456580610322,11.905739879036815,89.08863598386797,49.27976917176852,39.80886681209945,11.609549332168111
snr,No intelligent surface,34.0,1.0,-10.0,22.66558114417442,7.106581526683189,15.558999617491232,60.86433451203807,51.9774230509684,8.886911461069673,-11.663797886728592
snr,Digital MVDR array (BMI-adaptive),34.0,1.0,-10.0,22.66558114417442,4.0049047041744075,18.660676440000014,60.86433451203807,62.50278100977571,1.6384464977376396,11.480028450290972
snr,1-layer RIS (BMI-adaptive),34.0,1.0,-10.0,22.66558114417442,3.8516666137285243,18.813914530445896,60.86433451203807,72.91595137352806,12.05161686148999,7.439490305052666
snr,3-layer SIM (universal),34.0,1.0,-10.0,22.66558114417442,11.86345955733039,10.80212158684403,60.86433451203807,50.980951001136106,9.883383510901965,10.95755654971789
snr,3-layer SIM (BMI-adaptive),34.0,1.0,-10.0,22.66558114417442,5.4701797367148295,17.195401407459592,60.86433451203807,56.92532348001478,3.939011032023288,11.444239002112585
snr,No intelligent surface,34.0,2.0,-10.0,14.276776286333686,5.001034227047709,9.275742059285976,76.24206273584393,55.556472358488676,20.685590377355254,-11.663710264380944
snr,Digital MVDR array (BMI-adaptive),34.0,2.0,-10.0,14.276776286333686,7.976524334485178,6.300251951848508,76.24206273584393,52.218958263062305,24.023104472781625,11.530267158794407
snr,1-layer RIS (BMI-adaptive),34.0,2.0,-10.0,14.276776286333686,8.488062237389643,5.788714048944042,76.24206273584393,101.69877109344822,25.456708357604285,7.4225449127641845
snr,3-layer SIM (universal),34.0,2.0,-10.0,14.276776286333686,13.444884954226142,0.8318913321075438,76.24206273584393,51.03660817591212,25.20545455993181,11.04327215625725
snr,3-layer SIM (BMI-adaptive),34.0,2.0,-10.0,14.276776286333686,13.907207408122268,0.3695688782114175,76.24206273584393,46.57824952752842,29.66381320831551,11.471868109291615
snr,No intelligent surface,34.0,3.0,-10.0,23.27747194651736,3.8442086913885,19.43326325512886,83.579240934273,68.98201379337922,14.597227140893779,-11.66367298851642
snr,Digital MVDR array (BMI-adaptive),34.0,3.0,-10.0,23.27747194651736,8.625139454794777,14.652332491722582,83.579240934273,57.0096225532758,26.569618380997206,10.873771123924648
snr,1-layer RIS (BMI-adaptive),34.0,3.0,-10.0,23.27747194651736,14.315189960541899,8.96228198597546,83.579240934273,50.2978547400809,33.2813861941921,7.202773631183654
snr,3-layer SIM (universal),34.0,3.0,-10.0,23.27747194651736,6.007164916750418,17.27030702976694,83.579240934273,53.40239663614874,30.176844298124266,9.980037063403786
snr,3-layer SIM (BMI-adaptive),34.0,3.0,-10.0,23.27747194651736,3.3523881758992946,19.925083770618066,83.579240934273,52.98571082255276,30.59353011172024,10.95318608767296
snr,No intelligent surface,34.0,4.0,-10.0,11.173151093022016,2.864734157942098,8.308416935079919,68.65858016179155,45.63683017343868,23.021749988352866,-11.66386009486998
snr,Digital MVDR array (BMI-adaptive),34.0,4.0,-10.0,11.173151093022016,5.81816236319712,5.354988729824895,68.65858016179155,102.16456589947992,33.50598573768838,11.426745820156324
snr,1-layer RIS (BMI-adaptive),34.0,4.0,-10.0,11.173151093022016,12.967719551427455,1.7945684584054398,68.65858016179155,102.89575091573658,34.23717075394504,7.485347964187319
snr,3-layer SIM (universal),34.0,4.0,-10.0,11.173151093022016,7.597157360961237,3.5759937320607786,68.65858016179155,47.41594398944539,21.24263617234616,10.809486483262772
snr,3-layer SIM (BMI-adaptive),34.0,4.0,-10.0,11.173151093022016,7.878022785332547,3.2951283076894686,68.65858016179155,68.91376450087424,0.2551843390826889,11.427853477072475
snr,No intelligent surface,34.0,5.0,-10.0,21.35785056295159,4.313732522156154,17.044118040795436,76.85368798339834,57.190083860442925,19.66360412295542,-11.663803092618775
snr,Digital MVDR array (BMI-adaptive),34.0,5.0,-10.0,21.35785056295159,6.724615595225338,14.633234967726253,76.85368798339834,55.48846854709816,21.365219436300187,11.49027975212363
snr,1-layer RIS (BMI-adaptive),34.0,5.0,-10.0,21.35785056295159,4.68116902047956,16.676681542472032,76.85368798339834,55.716394076401144,21.1372939069972,7.599627698626725
snr,3-layer SIM (universal),34.0,5.0,-10.0,21.35785056295159,7.341520818176443,14.016329744775147,76.85368798339834,49.20155800955021,27.652129973848133,10.734919133943595
snr,3-layer SIM (BMI-adaptive),34.0,5.0,-10.0,21.35785056295159,3.9998590486293,17.35799151432229,76.85368798339834,48.84145379308475,28.012234190313592,11.523549474262687
snr,No intelligent surface,34.0,6.0,-10.0,18.52774769659098,4.138819689644902,14.388928006946077,74.74761751222518,59.28048768123227,15.467129830992903,-11.663850237209958
snr,Digital MVDR array (BMI-adaptive),34.0,6.0,-10.0,18.52774769659098,18.174238595967726,0.3535091006232527,74.74761751222518,53.2058209770019,21.541796535223277,11.489579712133473
snr,1-layer RIS (BMI-adaptive),34.0,6.0,-10.0,18.52774769659098,6.772492516100456,11.755255180490522,74.74761751222518,54.35892216271968,20.388695349505497,7.506960645293734
snr,3-layer SIM (universal),34.0,6.0,-10.0,18.52774769659098,2.477311729464946,16.05043596712603,74.74761751222518,60.47609611301341,14.271521399211764,10.9029230682073
snr,3-layer SIM (BMI-adaptive),34.0,6.0,-10.0,18.52774769659098,6.297834691090991,12.229913005499988,74.74761751222518,83.55384754858733,8.806230036362152,11.47822535935777
snr,No intelligent surface,34.0,7.0,-10.0,23.26742192578472,7.599842238392459,15.667579687392262,70.22662092407928,52.176756246672056,18.04986467740723,-11.663752010905027
snr,Digital MVDR array (BMI-adaptive),34.0,7.0,-10.0,23.26742192578472,4.722002239877902,18.54541968590682,70.22662092407928,51.65712710386884,18.569493820210447,11.321902639689496
snr,1-layer RIS (BMI-adaptive),34.0,7.0,-10.0,23.26742192578472,4.860173883647076,18.407248042137645,70.22662092407928,51.28407310412552,18.942547819953766,7.501561220775194
snr,3-layer SIM (universal),34.0,7.0,-10.0,23.26742192578472,8.686362838576263,14.581059087208457,70.22662092407928,62.07164982272455,8.154971101354732,10.500848333878423
snr,3-layer SIM (BMI-adaptive),34.0,7.0,-10.0,23.26742192578472,22.993234549561038,0.27418737622368283,70.22662092407928,51.93239391491842,18.294227009160863,11.37473695853362
snr,No intelligent surface,34.0,8.0,-10.0,12.462229058717634,7.288947907856969,5.173281150860665,59.82248683435877,54.57833558177876,5.244151252580011,-11.66384547704893
snr,Digital MVDR array (BMI-adaptive),34.0,8.0,-10.0,12.462229058717634,6.2564747641265726,6.2057542945910615,59.82248683435877,55.95702689458177,3.865459939776997,11.498920649152263
snr,1-layer RIS (BMI-adaptive),34.0,8.0,-10.0,12.462229058717634,6.569294380411678,5.892934678305956,59.82248683435877,47.469162635214715,12.353324199144055,7.576611317579115
snr,3-layer SIM (universal),34.0,8.0,-10.0,12.462229058717634,13.118852409969254,0.6566233512516195,59.82248683435877,47.721166200501216,12.101320633857554,10.81273907921949
snr,3-layer SIM (BMI-adaptive),34.0,8.0,-10.0,12.462229058717634,5.780018120430582,6.682210938287052,59.82248683435877,61.109907347941316,1.2874205135825463,11.516046943560594
snr,No intelligent surface,34.0,9.0,-10.0,22.27014682176632,3.030562925436271,19.23958389633005,96.54248119763331,61.06346688961542,35.47901430801789,-11.66382900364457
snr,Digital MVDR array (BMI-adaptive),34.0,9.0,-10.0,22.27014682176632,11.12872941980961,11.141417401956712,96.54248119763331,97.58968589694537,1.0472046993120614,11.619300735982716
snr,1-layer RIS (BMI-adaptive),34.0,9.0,-10.0,22.27014682176632,10.399833730102248,11.870313091664073,96.54248119763331,53.803147836514476,42.73933336111883,7.664587071339788
snr,3-layer SIM (universal),34.0,9.0,-10.0,22.27014682176632,22.89036160488986,0.6202147831235401,96.54248119763331,71.2940185631598,25.248462634473512,10.923387851113837
snr,3-layer SIM (BMI-adaptive),34.0,9.0,-10.0,22.27014682176632,22.525676509127237,0.25552968736091586,96.54248119763331,49.72892998513072,46.81355121250259,11.63296638337716
snr,No intelligent surface,34.0,10.0,-10.0,18.926979110100177,5.614900348495616,13.31207876160456,94.16461448774389,57.61873503926079,36.5458794484831,-11.663821274641304
snr,Digital MVDR array (BMI-adaptive),34.0,10.0,-10.0,18.926979110100177,3.018927702685026,15.908051407415151,94.16461448774389,52.91252938227902,41.25208510546487,11.477078339712461
snr,1-layer RIS (BMI-adaptive),34.0,10.0,-10.0,18.926979110100177,-3.3423780251933497,22.269357135293525,94.16461448774389,70.01433365752702,24.15028083021687,7.581960583253382
snr,3-layer SIM (universal),34.0,10.0,-10.0,18.926979110100177,3.876007714089231,15.050971396010947,94.16461448774389,57.29720603748482,36.86740845025907,10.744567624558996
snr,3-layer SIM (BMI-adaptive),34.0,10.0,-10.0,18.926979110100177,3.441468071676648,15.485511038423528,94.16461448774389,52.5093149329868,41.65529955475709,11.506030839252336
snr,No intelligent surface,34.0,11.0,-10.0,24.911978796835072,9.796050707540031,15.115928089295041,63.211886976410895,98.62009562298101,35.40820864657012,-11.663814687423564
snr,Digital MVDR array (BMI-adaptive),34.0,11.0,-10.0,24.911978796835072,9.733555523621547,15.178423273213525,63.211886976410895,84.8494073581322,21.637520381721302,11.597112620886334
snr,1-layer RIS (BMI-adaptive),34.0,11.0,-10.0,24.911978796835072,6.0970869800937075,18.814891816741365,63.211886976410895,50.95699105020918,12.254895926201712,7.661498055070496
snr,3-layer SIM (universal),34.0,11.0,-10.0,24.911978796835072,5.4004961900791315,19.51148260675594,63.211886976410895,53.2510253661062,9.960861610304697,10.873172416660061
snr,3-layer SIM (BMI-adaptive),34.0,11.0,-10.0,24.911978796835072,8.673062302768837,16.238916494066235,63.211886976410895,80.76579486679022,17.55390789037932,11.61841393196921
snr,No intelligent surface,38.0,0.0,-10.0,24.289642523995344,5.33809768205722,18.951544841938123,73.22629987528421,85.37247005391495,12.14617017863074,-13.75645269423555
snr,Digital MVDR array (BMI-adaptive),38.0,0.0,-10.0,24.289642523995344,24.165695842554374,0.12394668144096954,73.22629987528421,57.456498767735965,15.769801107548247,12.334205179335038
snr,1-layer RIS (BMI-adaptive),38.0,0.0,-10.0,24.289642523995344,7.926810250912845,16.3628322730825,73.22629987528421,62.7663523965898,10.45994747869441,8.21301336394465
snr,3-layer SIM (universal),38.0,0.0,-10.0,24.289642523995344,4.96590126350858,19.323741260486763,73.22629987528421,66.74466368868903,6.481636186595182,10.567376809894517
snr,3-layer SIM (BMI-adaptive),38.0,0.0,-10.0,24.289642523995344,23.937163095097034,0.3524794288983095,73.22629987528421,78.75552312489846,5.5292232496142475,12.218105576762637
snr,No intelligent surface,38.0,1.0,-10.0,15.668450347587532,4.8641165419132015,10.80433380567433,65.0764778720385,48.376974191089865,16.69950368094863,-13.758536691322941
snr,Digital MVDR array (BMI-adaptive),38.0,1.0,-10.0,15.668450347587532,4.034622143807642,11.63382820377989,65.0764778720385,61.54831034456794,3.5281675274705577,12.355215431225712
snr,1-layer RIS (BMI-adaptive),38.0,1.0,-10.0,15.668450347587532,5.656869323213957,10.011581024373575,65.0764778720385,65.52701082734771,0.4505329553092139,8.237351148681633
snr,3-layer SIM (universal),38.0,1.0,-10.0,15.668450347587532,8.347920561381917,7.320529786205615,65.0764778720385,54.68010887721094,10.396368994827554,10.887338528355599
snr,3-layer SIM (BMI-adaptive),38.0,1.0,-10.0,15.668450347587532,5.2690501449865685,10.399400202600964,65.0764778720385,58.4722556994825,6.604222172555993,12.258108556632973
snr,No intelligent surface,38.0,2.0,-10.0,16.6628667797777,17.309615929308052,0.6467491495303506,84.31216756947916,53.377034047354556,30.9351335221246,-13.760569927995634
snr,Digital MVDR array (BMI-adaptive),38.0,2.0,-10.0,16.6628667797777,16.9711477089434,0.30828092916569716,84.31216756947916,55.54636945968819,28.76579810979097,12.357883477963512
snr,1-layer RIS (BMI-adaptive),38.0,2.0,-10.0,16.6628667797777,6.54090762400399,10.121959155773713,84.31216756947916,52.35734745166575,31.954820117813405,8.233154623109966
snr,3-layer SIM (universal),38.0,2.0,-10.0,16.6628667797777,16.817847788972962,0.1549810091952608,84.31216756947916,70.82285927453134,13.489308294947818,11.460300072304017
snr,3-layer SIM (BMI-adaptive),38.0,2.0,-10.0,16.6628667797777,16.301440887819794,0.3614258919579072,84.31216756947916,53.284884071246914,31.027283498232244,12.335945179366465
snr,No intelligent surface,38.0,3.0,-10.0,16.651440553562086,8.065412635217939,8.586027918344147,91.77371960544336,55.605118177479085,36.168601427964276,-13.75996343552748
snr,Digital MVDR array (BMI-adaptive),38.0,3.0,-10.0,16.651440553562086,16.590294827501374,0.06114572606071178,91.77371960544336,103.92742981941683,12.153710213973469,12.469421391485486
snr,1-layer RIS (BMI-adaptive),38.0,3.0,-10.0,16.651440553562086,2.005972556173031,14.645467997389055,91.77371960544336,83.54361434356413,8.230105261879231,8.344892438938427
snr,3-layer SIM (universal),38.0,3.0,-10.0,16.651440553562086,6.760258699108155,9.891181854453931,91.77371960544336,54.12377561164684,37.64994399379652,11.31070819222648
snr,3-layer SIM (BMI-adaptive),38.0,3.0,-10.0,16.651440553562086,7.179013243156046,9.47242731040604,91.77371960544336,54.72336754082216,37.0503520646212,12.420299926036385
snr,No intelligent surface,38.0,4.0,-10.0,19.08478246260513,19.606543360180723,0.521760897575593,95.27844535949693,51.107386538676856,44.17105882082007,-13.758943258211945
snr,Digital MVDR array (BMI-adaptive),38.0,4.0,-10.0,19.08478246260513,8.893675885026836,10.191106577578294,95.27844535949693,97.76559586018982,2.4871505006928913,12.474219686418005
snr,1-layer RIS (BMI-adaptive),38.0,4.0,-10.0,19.08478246260513,6.616070000721123,12.468712461884007,95.27844535949693,54.258287677598354,41.020157681898574,8.35159832933934
snr,3-layer SIM (universal),38.0,4.0,-10.0,19.08478246260513,5.351704446968357,13.733078015636773,95.27844535949693,56.42684024355902,38.85160511593791,11.104146837224587
snr,3-layer SIM (BMI-adaptive),38.0,4.0,-10.0,19.08478246260513,18.832278699445013,0.25250376316011724,95.27844535949693,55.76165591743193,39.516789442065,12.40447783288709
snr,No intelligent surface,38.0,5.0,-10.0,21.512272163536263,6.991036744814099,14.521235418722164,72.32559898584572,47.94311752080699,24.382481465038722,-13.759894405859898
snr,Digital MVDR array (BMI-adaptive),38.0,5.0,-10.0,21.512272163536263,4.1122966676244115,17.399975495911853,72.32559898584572,57.22842930217834,15.097169683667374,12.477085260763804
snr,1-layer RIS (BMI-adaptive),38.0,5.0,-10.0,21.512272163536263,0.8675931197918361,20.64467904374443,72.32559898584572,67.86213902170786,4.463459964137854,8.35271408691803
snr,3-layer SIM (universal),38.0,5.0,-10.0,21.512272163536263,21.5243014939989,0.012029330462638654,72.32559898584572,51.29787285707323,21.027726128772485,11.303131268500897
snr,3-layer SIM (BMI-adaptive),38.0,5.0,-10.0,21.512272163536263,21.252190378486276,0.26008178504998725,72.32559898584572,51.08337947627776,21.242219509567953,12.427408180118052
snr,No intelligent surface,38.0,6.0,-10.0,21.709529199819055,9.2145654334554,12.494963766363655,74.85564008048979,61.53020368553361,13.325436394956185,-13.760424425764588
snr,Digital MVDR array (BMI-adaptive),38.0,6.0,-10.0,21.709529199819055,4.899704969940807,16.80982422987825,74.85564008048979,54.29211070963028,20.563529370859513,12.130230165524868
snr,1-layer RIS (BMI-adaptive),38.0,6.0,-10.0,21.709529199819055,9.727657198313732,11.981872001505323,74.85564008048979,52.668741633165546,22.186898447324246,8.012025301037076
snr,3-layer SIM (universal),38.0,6.0,-10.0,21.709529199819055,8.063907108277512,13.645622091541544,74.85564008048979,73.65234381056798,1.2032962699218075,11.326340657588304
snr,3-layer SIM (BMI-adaptive),38.0,6.0,-10.0,21.709529199819055,21.247522030507085,0.4620071693119705,74.85564008048979,84.81586099644514,9.960220915955347,12.10235147826043
snr,No intelligent surface,38.0,7.0,-10.0,16.552056988503708,6.552627859154718,9.99942912934899,94.4504144981174,48.63227598819909,45.818138509918306,-13.75783451978825
snr,Digital MVDR array (BMI-adaptive),38.0,7.0,-10.0,16.552056988503708,16.902840791919775,0.35078380341606774,94.4504144981174,62.65565901215889,31.794755485958504,12.526913014587658
snr,1-layer RIS (BMI-adaptive),38.0,7.0,-10.0,16.552056988503708,11.739926493450978,4.812130495052729,94.4504144981174,60.14345490012689,34.306959597990506,8.439816276722533
snr,3-layer SIM (universal),38.0,7.0,-10.0,16.552056988503708,16.922881428668035,0.37082444016432703,94.4504144981174,59.79251552387855,34.65789897423885,11.130023016011318
snr,3-layer SIM (BMI-adaptive),38.0,7.0,-10.0,16.552056988503708,16.619631878579465,0.06757489007575757,94.4504144981174,94.88907981259665,0.43866531447925183,12.49560953463389
snr,No intelligent surface,38.0,8.0,-10.0,13.032572272377104,14.48461020021879,1.4520379278416868,59.00393109990667,63.47767948952604,4.473748389619367,-13.757089797969687
snr,Digital MVDR array (BMI-adaptive),38.0,8.0,-10.0,13.032572272377104,4.054663373230226,8.977908899146879,59.00393109990667,55.860872215863004,3.1430588840436684,12.275635528000038
snr,1-layer RIS (BMI-adaptive),38.0,8.0,-10.0,13.032572272377104,6.126957720538028,6.905614551839076,59.00393109990667,62.22235329697873,3.2184221970720586,8.160580253931426
snr,3-layer SIM (universal),38.0,8.0,-10.0,13.032572272377104,5.096102347531503,7.936469924845601,59.00393109990667,68.02600406355249,9.022072963645819,10.575103449929234
snr,3-layer SIM (BMI-adaptive),38.0,8.0,-10.0,13.032572272377104,12.087497348774303,0.9450749236028013,59.00393109990667,50.56833911778042,8.435591982126255,12.151678910005385
snr,No intelligent surface,38.0,9.0,-10.0,10.99405114919961,9.184755262502124,1.8092958866974858,98.71335836592942,57.97937671296433,40.73398165296509,-13.760407169629032
snr,Digital MVDR array (BMI-adaptive),38.0,9.0,-10.0,10.99405114919961,11.12986322013154,0.13581207093193015,98.71335836592942,82.06220496576573,16.651153400163693,12.391948211868424
snr,1-layer RIS (BMI-adaptive),38.0,9.0,-10.0,10.99405114919961,6.4104466134316995,4.58360453576791,98.71335836592942,51.542041812112075,47.17131655381735,8.274791434570293
snr,3-layer SIM (universal),38.0,9.0,-10.0,10.99405114919961,12.612719907896972,1.6186687586973623,98.71335836592942,71.84713178124751,26.86622658468191,11.58180959286356
snr,3-layer SIM (BMI-adaptive),38.0,9.0,-10.0,10.99405114919961,11.16161077117663,0.1675596219770199,98.71335836592942,74.66706482958757,24.04629353634185,12.40081941953533
snr,No intelligent surface,38.0,10.0,-10.0,19.858884606129116,6.017673160454155,13.841211445674961,75.00747224794289,52.32364220873352,22.68383003920937,-13.760100536249345
snr,Digital MVDR array (BMI-adaptive),38.0,10.0,-10.0,19.858884606129116,5.311048859436005,14.547835746693112,75.00747224794289,52.90659341654367,22.100878831399214,12.527042790501914
snr,1-layer RIS (BMI-adaptive),38.0,10.0,-10.0,19.858884606129116,12.289212062793936,7.56967254333518,75.00747224794289,47.6647286197907,27.342743628152185,8.40636561208082
snr,3-layer SIM (universal),38.0,10.0,-10.0,19.858884606129116,13.46547374974421,6.393410856384907,75.00747224794289,49.34247931775872,25.664992930184162,11.453730073752748
snr,3-layer SIM (BMI-adaptive),38.0,10.0,-10.0,19.858884606129116,19.731928555728096,0.1269560504010201,75.00747224794289,55.984232055315395,19.02324019262749,12.50280464531129
snr,No intelligent surface,38.0,11.0,-10.0,21.61308987132457,7.599185480970172,14.013904390354396,63.705876498424146,55.77066772113268,7.935208777291464,-13.760427950749623
snr,Digital MVDR array (BMI-adaptive),38.0,11.0,-10.0,21.61308987132457,21.21441455683744,0.3986753144871287,63.705876498424146,57.225567400671466,6.480309097752681,12.463798267315314
snr,1-layer RIS (BMI-adaptive),38.0,11.0,-10.0,21.61308987132457,4.004157628534443,17.608932242790125,63.705876498424146,79.81902954554255,16.113153047118402,8.339959644169712
snr,3-layer SIM (universal),38.0,11.0,-10.0,21.61308987132457,1.6127467683081789,20.00034310301639,63.705876498424146,56.848915085458565,6.856961412965582,11.486981988510783
snr,3-layer SIM (BMI-adaptive),38.0,11.0,-10.0,21.61308987132457,8.622748792696571,12.990341078627997,63.705876498424146,57.84158499116528,5.864291507258869,12.443062196787025
snr,No intelligent surface,18.0,0.0,-5.0,13.967883734059752,11.114378956061502,2.85350477799825,68.41090083960857,90.52492022075077,22.1140193811422,-7.598023842764945
snr,Digital MVDR array (BMI-adaptive),18.0,0.0,-5.0,13.967883734059752,8.424626083106414,5.543257650953338,68.41090083960857,62.84844962674832,5.562451212860253,9.037980515055072
snr,1-layer RIS (BMI-adaptive),18.0,0.0,-5.0,13.967883734059752,4.377894987059532,9.58998874700022,68.41090083960857,67.32513292546614,1.085767914142437,5.394905198877255
snr,3-layer SIM (universal),18.0,0.0,-5.0,13.967883734059752,8.136712922774851,5.831170811284901,68.41090083960857,62.31649008309798,6.094410756510591,7.902339122580447
snr,3-layer SIM (BMI-adaptive),18.0,0.0,-5.0,13.967883734059752,10.98713294467552,2.9807507893842313,68.41090083960857,63.42380751384534,4.987093325763233,9.218706536756887
snr,No intelligent surface,18.0,1.0,-5.0,18.75874237290061,4.788727627005227,13.970014745895384,93.00198738883023,70.8014280945502,22.200559294280026,-7.597743121222939
snr,Digital MVDR array (BMI-adaptive),18.0,1.0,-5.0,18.75874237290061,6.095637703731414,12.663104669169197,93.00198738883023,63.029336937664425,29.972650451165805,8.983803672617372
snr,1-layer RIS (BMI-adaptive),18.0,1.0,-5.0,18.75874237290061,10.946602887594583,7.812139485306027,93.00198738883023,55.83537711362518,37.16661027520505,5.143927369457895
snr,3-layer SIM (universal),18.0,1.0,-5.0,18.75874237290061,13.2780392948667,5.48070307803391,93.00198738883023,61.78875624493423,31.213231143896003,7.57407593741216
snr,3-layer SIM (BMI-adaptive),18.0,1.0,-5.0,18.75874237290061,7.60416562218919,11.15457675071142,93.00198738883023,54.13068297739017,38.87130441144006,8.844527053557945
snr,No intelligent surface,18.0,2.0,-5.0,16.807991843047045,16.231695393888625,0.5762964491584199,71.24956222474773,52.02510553404087,19.224456690706866,-7.597766486668638
snr,Digital MVDR array (BMI-adaptive),18.0,2.0,-5.0,16.807991843047045,16.543886853866344,0.26410498918070147,71.24956222474773,64.95992588219754,6.289636342550196,8.800194734582059
snr,1-layer RIS (BMI-adaptive),18.0,2.0,-5.0,16.807991843047045,4.606176700980721,12.201815142066323,71.24956222474773,48.77963280098977,22.46992942375796,5.086697882743603
snr,3-layer SIM (universal),18.0,2.0,-5.0,16.807991843047045,15.903191130577113,0.9048007124699318,71.24956222474773,50.47396924795912,20.775592976788616,7.09666480848038
snr,3-layer SIM (BMI-adaptive),18.0,2.0,-5.0,16.807991843047045,7.839900865733015,8.96809097731403,71.24956222474773,77.98167534059858,6.732113115850851,8.575886408769515
snr,No intelligent surface,18.0,3.0,-5.0,14.550522338076934,4.658011746359915,9.89251059171702,70.72396348346656,46.44351262569783,24.280450857768734,-7.597824418135623
snr,Digital MVDR array (BMI-adaptive),18.0,3.0,-5.0,14.550522338076934,14.37757598498656,0.17294635309037432,70.72396348346656,48.79833671516169,21.925626768304873,9.117824559735778
snr,1-layer RIS (BMI-adaptive),18.0,3.0,-5.0,14.550522338076934,14.56613624598506,0.015613907908125668,70.72396348346656,48.05644243362039,22.667521049846172,5.4328196908147515
snr,3-layer SIM (universal),18.0,3.0,-5.0,14.550522338076934,10.665241259277098,3.885281078799837,70.72396348346656,61.82902037436231,8.894943109104254,7.668388903904518
snr,3-layer SIM (BMI-adaptive),18.0,3.0,-5.0,14.550522338076934,12.136277902152269,2.4142444359246653,70.72396348346656,48.44151920026041,22.282444283206154,9.077251556628886
snr,No intelligent surface,18.0,4.0,-5.0,21.072243560614396,6.89974733350188,14.172496227112516,67.222697276503,54.279637441094295,12.943059835408704,-7.597774760668898
snr,Digital MVDR array (BMI-adaptive),18.0,4.0,-5.0,21.072243560614396,1.8658015675526625,19.206441993061734,67.222697276503,57.073925267712056,10.148772008790942,8.678035849314291
snr,1-layer RIS (BMI-adaptive),18.0,4.0,-5.0,21.072243560614396,9.777913096485271,11.294330464129125,67.222697276503,60.073812232755174,7.148885043747825,4.976693152014047
snr,3-layer SIM (universal),18.0,4.0,-5.0,21.072243560614396,6.651064304539873,14.421179256074524,67.222697276503,69.56813993161182,2.345442655108826,6.899771740797872
snr,3-layer SIM (BMI-adaptive),18.0,4.0,-5.0,21.072243560614396,7.559580709425994,13.512662851188402,67.222697276503,58.70429727944765,8.518399997055347,8.416630793195123
snr,No intelligent surface,18.0,5.0,-5.0,18.309244019288684,5.129896387253035,13.179347632035649,68.77580637385239,91.29682898245592,22.52102260860353,-7.597951305521624
snr,Digital MVDR array (BMI-adaptive),18.0,5.0,-5.0,18.309244019288684,6.872456488841158,11.436787530447525,68.77580637385239,66.49748983336015,2.2783165404922414,8.857459763535541
snr,1-layer RIS (BMI-adaptive),18.0,5.0,-5.0,18.309244019288684,3.1853628053030025,15.123881213985682,68.77580637385239,50.63272161254815,18.143084761304237,5.38742081923771
snr,3-layer SIM (universal),18.0,5.0,-5.0,18.309244019288684,5.64815395630377,12.661090062984915,68.77580637385239,52.079935937869564,16.695870435982826,7.210126269036198
snr,3-layer SIM (BMI-adaptive),18.0,5.0,-5.0,18.309244019288684,11.299659109729758,7.009584909558926,68.77580637385239,54.501987076279164,14.273819297573226,8.835156748861202
snr,No intelligent surface,18.0,6.0,-5.0,25.061537171786203,-0.8295100752470286,25.89104724703323,63.358069887542904,58.66905653557195,4.6890133519709565,-7.5980429172463175
snr,Digital MVDR array (BMI-adaptive),18.0,6.0,-5.0,25.061537171786203,9.191739896213099,15.869797275573104,63.358069887542904,74.448524646425,11.090454758882096,9.027264460163952
snr,1-layer RIS (BMI-adaptive),18.0,6.0,-5.0,25.061537171786203,6.832806133361935,18.228731038424268,63.358069887542904,52.56792032153539,10.790149566007514,5.198199968304752
snr,3-layer SIM (universal),18.0,6.0,-5.0,25.061537171786203,6.447174406611486,18.614362765174718,63.358069887542904,63.547104825360286,0.18903493781738234,8.153188610018052
snr,3-layer SIM (BMI-adaptive),18.0,6.0,-5.0,25.061537171786203,3.2167075436699935,21.84482962811621,63.358069887542904,51.092302205347465,12.265767682195438,9.291146780410246
snr,No intelligent surface,18.0,7.0,-5.0,16.60964879989673,15.118731991262381,1.4909168086343474,70.42347101545967,50.19753079535674,20.225940220102927,-7.5978102852684675
snr,Digital MVDR array (BMI-adaptive),18.0,7.0,-5.0,16.60964879989673,17.464921589449467,0.855272789552739,70.42347101545967,50.80253392539241,19.620937090067258,9.191086493695694
snr,1-layer RIS (BMI-adaptive),18.0,7.0,-5.0,16.60964879989673,4.9228845388986295,11.6867642609981,70.42347101545967,71.33857674110162,0.9151057256419506,5.445594497253435
snr,3-layer SIM (universal),18.0,7.0,-5.0,16.60964879989673,4.802413057875048,11.80723574202168,70.42347101545967,66.92826771921145,3.4952032962482207,7.8444310951926
snr,3-layer SIM (BMI-adaptive),18.0,7.0,-5.0,16.60964879989673,7.116785436309682,9.492863363587047,70.42347101545967,55.77259767769653,14.650873337763137,9.177044472741526
snr,No intelligent surface,18.0,8.0,-5.0,22.816548305349297,4.955657269671898,17.860891035677398,88.50372583343945,53.21668339708394,35.287042436355506,-7.598063426325953
snr,Digital MVDR array (BMI-adaptive),18.0,8.0,-5.0,22.816548305349297,12.413649862165615,10.402898443183682,88.50372583343945,66.09794560292511,22.40578023051434,8.818896914436726
snr,1-layer RIS (BMI-adaptive),18.0,8.0,-5.0,22.816548305349297,7.76256268982149,15.053985615527807,88.50372583343945,49.97118287855825,38.532542954881194,5.391018262749723
snr,3-layer SIM (universal),18.0,8.0,-5.0,22.816548305349297,7.6594961785406035,15.157052126808694,88.50372583343945,45.57623456264236,42.927491270797084,7.353425370663997
snr,3-layer SIM (BMI-adaptive),18.0,8.0,-5.0,22.816548305349297,4.048416305752052,18.768131999597244,88.50372583343945,70.102328965293,18.40139686814645,8.919523657382506
snr,No intelligent surface,18.0,9.0,-5.0,19.237609366215413,6.89217276659645,12.345436599618964,86.19880909504789,68.61557550348986,17.583233591558027,-7.598183097223448
snr,Digital MVDR array (BMI-adaptive),18.0,9.0,-5.0,19.237609366215413,7.4089707696141645,11.828638596601248,86.19880909504789,49.20001972065911,36.998789374388785,8.726274182848266
snr,1-layer RIS (BMI-adaptive),18.0,9.0,-5.0,19.237609366215413,9.09135669936217,10.146252666853243,86.19880909504789,52.00374734836152,34.19506174668637,5.273650244578125
snr,3-layer SIM (universal),18.0,9.0,-5.0,19.237609366215413,6.551889963673086,12.685719402542325,86.19880909504789,49.36831832307776,36.83049077197013,7.51945959581214
snr,3-layer SIM (BMI-adaptive),18.0,9.0,-5.0,19.237609366215413,5.903006905488484,13.334602460726929,86.19880909504789,59.20117544963305,26.997633645414844,8.9600392782435
snr,No intelligent surface,18.0,10.0,-5.0,21.80770401355853,6.045290140393068,15.762413873165464,76.27461545358948,47.834190728702076,28.4404247248874,-7.598234026080224
snr,Digital MVDR array (BMI-adaptive),18.0,10.0,-5.0,21.80770401355853,6.505943088896057,15.301760924662474,76.27461545358948,46.306108005647474,29.968507447942002,8.534412149321613
snr,1-layer RIS (BMI-adaptive),18.0,10.0,-5.0,21.80770401355853,4.731422217845999,17.076281795712532,76.27461545358948,61.825641514858,14.448973938731477,5.249349609740599
snr,3-layer SIM (universal),18.0,10.0,-5.0,21.80770401355853,22.776615651047756,0.9689116374892244,76.27461545358948,52.337033530257855,23.93758192333162,7.106067979814357
snr,3-layer SIM (BMI-adaptive),18.0,10.0,-5.0,21.80770401355853,61.46238225117955,39.65467823762101,76.27461545358948,61.08823277225142,15.186382681338053,8.730014074282499
snr,No intelligent surface,18.0,11.0,-5.0,15.049653222267512,12.512782208907929,2.5368710133595833,74.55965557306135,61.279904841520164,13.279750731541185,-7.597747600966194
snr,Digital MVDR array (BMI-adaptive),18.0,11.0,-5.0,15.049653222267512,14.256555421308159,0.7930978009593534,74.55965557306135,87.33480231494016,12.775146741878814,8.786812451561772
snr,1-layer RIS (BMI-adaptive),18.0,11.0,-5.0,15.049653222267512,8.683606727958937,6.366046494308575,74.55965557306135,68.92191360050742,5.6377419725539255,5.020339867120651
snr,3-layer SIM (universal),18.0,11.0,-5.0,15.049653222267512,8.006067308236684,7.043585914030828,74.55965557306135,51.575110752914284,22.984544820147065,7.136831577018199
snr,3-layer SIM (BMI-adaptive),18.0,11.0,-5.0,15.049653222267512,4.746640992782914,10.303012229484597,74.55965557306135,70.59331065460462,3.966344918456727,8.547843592908082
snr,No intelligent surface,22.0,0.0,-5.0,21.525847358327105,40.650496280887545,19.12464892256044,75.94645959346165,47.024837995895375,28.92162159756628,-7.543520483880403
snr,Digital MVDR array (BMI-adaptive),22.0,0.0,-5.0,21.525847358327105,9.849387231703151,11.676460126623954,75.94645959346165,46.92838203603074,29.018077557430914,6.51075400171158
snr,1-layer RIS (BMI-adaptive),22.0,0.0,-5.0,21.525847358327105,5.332572294002317,16.193275064324787,75.94645959346165,54.117834993770096,21.828624599691558,3.6546336083185746
snr,3-layer SIM (universal),22.0,0.0,-5.0,21.525847358327105,11.369721622215256,10.15612573611185,75.94645959346165,64.01783500140637,11.928624592055286,4.876968741363829
snr,3-layer SIM (BMI-adaptive),22.0,0.0,-5.0,21.525847358327105,6.8419671026238325,14.683880255703272,75.94645959346165,46.727618439256084,29.21884115420557,6.402317600988726
snr,No intelligent surface,22.0,1.0,-5.0,17.64749957589065,10.856870624561495,6.790628951329154,88.35500924241853,75.49177583138915,12.863233411029384,-7.544124914792344
snr,Digital MVDR array (BMI-adaptive),22.0,1.0,-5.0,17.64749957589065,6.808599253411709,10.83890032247894,88.35500924241853,57.200023591546845,31.154985650871687,6.151116210044859
snr,1-layer RIS (BMI-adaptive),22.0,1.0,-5.0,17.64749957589065,9.6518233791117,7.995676196778948,88.35500924241853,75.65361224782202,12.701396994596507,3.6507592699937237
snr,3-layer SIM (universal),22.0,1.0,-5.0,17.64749957589065,6.372376212107056,11.275123363783592,88.35500924241853,60.612437436684246,27.742571805734286,4.981936128322445
snr,3-layer SIM (BMI-adaptive),22.0,1.0,-5.0,17.64749957589065,12.137205563715003,5.510294012175645,88.35500924241853,56.60438474584892,31.750624496569614,6.297599392694755
snr,No intelligent surface,22.0,2.0,-5.0,22.438836454375878,8.209065804236397,14.22977065013948,68.42785318606656,65.84934112072006,2.5785120653465015,-7.543713894363734
snr,Digital MVDR array (BMI-adaptive),22.0,2.0,-5.0,22.438836454375878,9.0454424706106,13.393393983765277,68.42785318606656,65.3927620325711,3.0350911534954577,6.538560001881402
snr,1-layer RIS (BMI-adaptive),22.0,2.0,-5.0,22.438836454375878,22.333019310880776,0.10581714349510207,68.42785318606656,50.76856518158676,17.659288004479798,3.8266690207376817
snr,3-layer SIM (universal),22.0,2.0,-5.0,22.438836454375878,11.693112155526794,10.745724298849083,68.42785318606656,67.2743998588972,1.153453327169359,4.845500444443439
snr,3-layer SIM (BMI-adaptive),22.0,2.0,-5.0,22.438836454375878,22.960621778675584,0.5217853242997066,68.42785318606656,65.63142560318653,2.7964275828800282,6.48547983887994
snr,No intelligent surface,22.0,3.0,-5.0,14.352633642509986,8.751051689161297,5.601581953348688,69.87929888808534,51.23461688888517,18.644681999200174,-7.543641150006437
snr,Digital MVDR array (BMI-adaptive),22.0,3.0,-5.0,14.352633642509986,8.112334648781172,6.240298993728814,69.87929888808534,48.16104455762126,21.718254330464084,6.4688019889437545
snr,1-layer RIS (BMI-adaptive),22.0,3.0,-5.0,14.352633642509986,7.869886822825672,6.482746819684314,69.87929888808534,46.83760527880768,23.041693609277665,3.572267862530642
snr,3-layer SIM (universal),22.0,3.0,-5.0,14.352633642509986,9.538512332857303,4.814121309652682,69.87929888808534,48.151343004126446,21.7279558839589,5.484983301566679
snr,3-layer SIM (BMI-adaptive),22.0,3.0,-5.0,14.352633642509986,10.490605765091683,3.862027877418303,69.87929888808534,50.541926609699246,19.3373722783861,6.540316376298518
snr,No intelligent surface,22.0,4.0,-5.0,18.20925045878519,8.87820937299439,9.3310410857908,68.13448790251381,93.89524553730753,25.76075763479372,-7.54436232226987
snr,Digital MVDR array (BMI-adaptive),22.0,4.0,-5.0,18.20925045878519,7.088030471932739,11.121219986852449,68.13448790251381,68.40950250714602,0.2750146046322044,5.907662417615769
snr,1-layer RIS (BMI-adaptive),22.0,4.0,-5.0,18.20925045878519,5.216830019201011,12.992420439584176,68.13448790251381,55.129787903091,13.004699999422812,3.827069669047816
snr,3-layer SIM (universal),22.0,4.0,-5.0,18.20925045878519,7.474383054596091,10.734867404189098,68.13448790251381,49.61877755572256,18.515710346791252,3.633161279820634
snr,3-layer SIM (BMI-adaptive),22.0,4.0,-5.0,18.20925045878519,4.630017756183305,13.579232702601884,68.13448790251381,47.12055322829651,21.013934674217303,5.908024461576301
snr,No intelligent surface,22.0,5.0,-5.0,17.811207176543025,6.116613828976358,11.694593347566666,97.85495188213658,50.185589637506695,47.66936224462988,-7.544016045057066
snr,Digital MVDR array (BMI-adaptive),22.0,5.0,-5.0,17.811207176543025,12.232833994428796,5.578373182114229,97.85495188213658,81.13378677777636,16.72116510436021,6.315943121741424
snr,1-layer RIS (BMI-adaptive),22.0,5.0,-5.0,17.811207176543025,8.56487872817942,9.246328448363606,97.85495188213658,52.953241116163014,44.90171076597356,3.8705327054643917
snr,3-layer SIM (universal),22.0,5.0,-5.0,17.811207176543025,12.25053298961647,5.560674186926555,97.85495188213658,47.716869328293235,50.13808255384334,4.453945676824185
snr,3-layer SIM (BMI-adaptive),22.0,5.0,-5.0,17.811207176543025,8.986315845238167,8.824891331304858,97.85495188213658,55.33795352398586,42.516998358150715,6.309258952660411
snr,No intelligent surface,22.0,6.0,-5.0,14.48345803708795,5.825858158138175,8.657599878949775,80.26573055186678,48.70166802815819,31.564062523708593,-7.5437581906947635
snr,Digital MVDR array (BMI-adaptive),22.0,6.0,-5.0,14.48345803708795,3.0134600258541275,11.469998011233821,80.26573055186678,60.73029093777651,19.535439614090272,6.444913059786154
snr,1-layer RIS (BMI-adaptive),22.0,6.0,-5.0,14.48345803708795,7.341542585036924,7.141915452051025,80.26573055186678,50.280344921185716,29.985385630681066,3.857733714748752
snr,3-layer SIM (universal),22.0,6.0,-5.0,14.48345803708795,5.4020358567564095,9.08142218033154,80.26573055186678,60.940178352870745,19.325552198996036,4.1327590504208445
snr,3-layer SIM (BMI-adaptive),22.0,6.0,-5.0,14.48345803708795,9.104523730139165,5.378934306948784,80.26573055186678,53.0337098380751,27.232020713791684,6.2815579878844074
snr,No intelligent surface,22.0,7.0,-5.0,19.20495102417051,5.110911021381379,14.094040002789129,77.95930190435828,80.51192432608703,2.552622421728742,-7.544001781225273
snr,Digital MVDR array (BMI-adaptive),22.0,7.0,-5.0,19.20495102417051,15.356200547428053,3.848750476742456,77.95930190435828,57.13930902126816,20.819992883090123,6.194955300165493
snr,1-layer RIS (BMI-adaptive),22.0,7.0,-5.0,19.20495102417051,9.309622492410702,9.895328531759807,77.95930190435828,52.95396859905479,25.005333305303495,3.4922676164239626
snr,3-layer SIM (universal),22.0,7.0,-5.0,19.20495102417051,4.871316830355924,14.333634193814586,77.95930190435828,57.20960627476845,20.749695629589837,5.417122041797855
snr,3-layer SIM (BMI-adaptive),22.0,7.0,-5.0,19.20495102417051,1.9374451994863753,17.267505824684132,77.95930190435828,54.7052467016451,23.254055202713182,6.39257080935923
snr,No intelligent surface,22.0,8.0,-5.0,14.086737352212811,4.852937873859654,9.233799478353157,80.1589830370699,54.75411020486561,25.40487283220429,-7.543706172019602
snr,Digital MVDR array (BMI-adaptive),22.0,8.0,-5.0,14.086737352212811,6.007163988059173,8.079573364153639,80.1589830370699,47.53539620332948,32.62358683374042,6.4960708458605945
snr,1-layer RIS (BMI-adaptive),22.0,8.0,-5.0,14.086737352212811,7.502712067587968,6.584025284624843,80.1589830370699,47.06247506470361,33.09650797236629,3.8375368845514144
snr,3-layer SIM (universal),22.0,8.0,-5.0,14.086737352212811,7.009131710419722,7.077605641793089,80.1589830370699,50.366360427478966,29.792622609590936,4.4091648934014875
snr,3-layer SIM (BMI-adaptive),22.0,8.0,-5.0,14.086737352212811,10.32107897123867,3.7656583809741413,80.1589830370699,41.32111476253265,38.83786827453725,6.360696698764458
snr,No intelligent surface,22.0,9.0,-5.0,23.690209465927577,6.742331109539478,16.9478783563881,86.42381068155487,53.061253529389965,33.362557152164904,-7.543549274496292
snr,Digital MVDR array (BMI-adaptive),22.0,9.0,-5.0,23.690209465927577,6.524644720855544,17.165564745072032,86.42381068155487,50.91226095662779,35.51154972492708,4.195609844021991
snr,1-layer RIS (BMI-adaptive),22.0,9.0,-5.0,23.690209465927577,3.6985488811589393,19.99166058476864,86.42381068155487,75.38812841466506,11.035682266889808,1.6651719713391155
snr,3-layer SIM (universal),22.0,9.0,-5.0,23.690209465927577,7.24532239598957,16.444887069938005,86.42381068155487,51.65725590475419,34.76655477680068,2.4653309184426604
snr,3-layer SIM (BMI-adaptive),22.0,9.0,-5.0,23.690209465927577,6.401950753783529,17.28825871214405,86.42381068155487,67.87216610085451,18.551644580700355,3.808959923842861
snr,No intelligent surface,22.0,10.0,-5.0,23.478399595429998,5.915104711386316,17.56329488404368,93.65451723126449,65.57069023262983,28.083826998634663,-7.543479874210389
snr,Digital MVDR array (BMI-adaptive),22.0,10.0,-5.0,23.478399595429998,7.074933479044704,16.403466116385296,93.65451723126449,69.99165362323002,23.66286360803447,6.095270044760311
snr,1-layer RIS (BMI-adaptive),22.0,10.0,-5.0,23.478399595429998,23.920946581660395,0.442546986230397,93.65451723126449,64.25738528255911,29.39713194870538,3.141020502347756
snr,3-layer SIM (universal),22.0,10.0,-5.0,23.478399595429998,3.1124843727153313,20.365915222714666,93.65451723126449,70.09861071033198,23.55590652093251,5.211189634916403
snr,3-layer SIM (BMI-adaptive),22.0,10.0,-5.0,23.478399595429998,10.031522039300171,13.446877556129827,93.65451723126449,64.02736206478566,29.62715516647883,6.121680636736756
snr,No intelligent surface,22.0,11.0,-5.0,20.192265861387803,18.9705317336741,1.2217341277137024,95.08468847828777,75.7496268414555,19.33506163683228,-7.544168790763013
snr,Digital MVDR array (BMI-adaptive),22.0,11.0,-5.0,20.192265861387803,6.223789662173488,13.968476199214315,95.08468847828777,52.60647634186528,42.47821213642249,6.126852091658586
snr,1-layer RIS (BMI-adaptive),22.0,11.0,-5.0,20.192265861387803,19.914929133713933,0.27733672767386963,95.08468847828777,66.04671696932955,29.037971508958222,3.7182868755700955
snr,3-layer SIM (universal),22.0,11.0,-5.0,20.192265861387803,4.934266793797505,15.257999067590298,95.08468847828777,51.65509088174686,43.429597596540916,4.715487681584774
snr,3-layer SIM (BMI-adaptive),22.0,11.0,-5.0,20.192265861387803,19.93876377289035,0.25350208849745215,95.08468847828777,52.35081014131191,42.73387833697586,6.2371746543467275
snr,No intelligent surface,26.0,0.0,-5.0,24.720820243851346,7.742644795449913,16.978175448401434,96.37159845652958,52.401820467313854,43.96977798921573,-8.750312160809514
snr,Digital MVDR array (BMI-adaptive),26.0,0.0,-5.0,24.720820243851346,12.375978980877996,12.34484126297335,96.37159845652958,49.896338936406025,46.47525952012356,6.757288798429363
snr,1-layer RIS (BMI-adaptive),26.0,0.0,-5.0,24.720820243851346,8.26721683743559,16.453603406415755,96.37159845652958,50.049153175764495,46.32244528076509,3.7170048738487784
snr,3-layer SIM (universal),26.0,0.0,-5.0,24.720820243851346,-7.741700365131091,32.46252060898244,96.37159845652958,56.71126176392329,39.66033669260629,5.468994718936634
snr,3-layer SIM (BMI-adaptive),26.0,0.0,-5.0,24.720820243851346,27.266168781256724,2.5453485374053777,96.37159845652958,51.412567552507774,44.95903090402181,6.850851269945284
snr,No intelligent surface,26.0,1.0,-5.0,16.466220180238576,4.544874881961458,11.921345298277117,62.780347228534275,65.94610898969832,3.165761761164042,-8.750456494350635
snr,Digital MVDR array (BMI-adaptive),26.0,1.0,-5.0,16.466220180238576,16.376495500675407,0.08972467956316876,62.780347228534275,95.33148183104088,32.5511346025066,7.372051219009743
snr,1-layer RIS (BMI-adaptive),26.0,1.0,-5.0,16.466220180238576,12.33351690869218,4.132703271546395,62.780347228534275,60.01310691257261,2.767240315961665,4.291903254021981
snr,3-layer SIM (universal),26.0,1.0,-5.0,16.466220180238576,8.821508056025165,7.644712124213411,62.780347228534275,49.844915078913324,12.93543214962095,7.024583452501997
snr,3-layer SIM (BMI-adaptive),26.0,1.0,-5.0,16.466220180238576,9.749165262206338,6.717054918032238,62.780347228534275,49.94892260171748,12.831424626816798,7.4431770369385495
snr,No intelligent surface,26.0,2.0,-5.0,19.500884301666087,6.367513438449657,13.133370863216431,77.56024129682356,59.3347358865192,18.225505410304365,-8.750433554404287
snr,Digital MVDR array (BMI-adaptive),26.0,2.0,-5.0,19.500884301666087,4.610413724722288,14.890470576943798,77.56024129682356,78.22089157950481,0.6606502826812459,6.974315891589459
snr,1-layer RIS (BMI-adaptive),26.0,2.0,-5.0,19.500884301666087,19.51876101884615,0.01787671718006223,77.56024129682356,53.75036071892638,23.809880577897182,4.026222471150271
snr,3-layer SIM (universal),26.0,2.0,-5.0,19.500884301666087,5.527337878428209,13.973546423237877,77.56024129682356,78.00281625578485,0.44257495896128773,6.04114976259814
snr,3-layer SIM (BMI-adaptive),26.0,2.0,-5.0,19.500884301666087,5.867114889473641,13.633769412192446,77.56024129682356,78.04469738764415,0.4844560908205864,7.071342700650161
snr,No intelligent surface,26.0,3.0,-5.0,21.9754742805541,8.958118260967828,13.017356019586272,80.60130872337508,69.28819912863614,11.313109594738947,-8.749550015736375
snr,Digital MVDR array (BMI-adaptive),26.0,3.0,-5.0,21.9754742805541,13.786535796343749,8.18893848421035,80.60130872337508,48.19723095737727,32.40407776599781,7.458036093069066
snr,1-layer RIS (BMI-adaptive),26.0,3.0,-5.0,21.9754742805541,5.575429350165132,16.400044930388965,80.60130872337508,70.51396006267687,10.087348660698211,3.783012571736124
snr,3-layer SIM (universal),26.0,3.0,-5.0,21.9754742805541,5.375185963247411,16.60028831730669,80.60130872337508,71.91067387502598,8.690634848349106,6.8959856886165
snr,3-layer SIM (BMI-adaptive),26.0,3.0,-5.0,21.9754742805541,6.1582483787409235,15.817225901813176,80.60130872337508,64.87025798441253,15.731050738962551,7.375757922709574
snr,No intelligent surface,26.0,4.0,-5.0,10.897640954807285,6.88796947805499,4.0096714767522945,61.453069925870885,48.381787132179845,13.07128279369104,-8.749550577919859
snr,Digital MVDR array (BMI-adaptive),26.0,4.0,-5.0,10.897640954807285,9.752879548857472,1.1447614059498132,61.453069925870885,49.20986866405195,12.243201261818932,7.600530110726972
snr,1-layer RIS (BMI-adaptive),26.0,4.0,-5.0,10.897640954807285,7.53517738296632,3.362463571840965,61.453069925870885,49.12135614219558,12.331713783675305,3.9663080156727086
snr,3-layer SIM (universal),26.0,4.0,-5.0,10.897640954807285,7.216198517482137,3.681442437325148,61.453069925870885,49.94499293284205,11.508076993028837,7.03156910388718
snr,3-layer SIM (BMI-adaptive),26.0,4.0,-5.0,10.897640954807285,7.844345530231056,3.0532954245762287,61.453069925870885,49.09480915651197,12.358260769358914,7.546684073092096
snr,No intelligent surface,26.0,5.0,-5.0,16.659251638236896,9.49979181390496,7.159459824331936,63.08002519522724,109.76616319627257,46.68613800104533,-8.749821482646482
snr,Digital MVDR array (BMI-adaptive),26.0,5.0,-5.0,16.659251638236896,8.658220126405412,8.001031511831483,63.08002519522724,56.42879895890322,6.651226236324021,7.715537617061053
snr,1-layer RIS (BMI-adaptive),26.0,5.0,-5.0,16.659251638236896,6.974383892656107,9.684867745580789,63.08002519522724,58.16585672822786,4.914168466999385,4.275520504109545
snr,3-layer SIM (universal),26.0,5.0,-5.0,16.659251638236896,7.425395757405952,9.233855880830944,63.08002519522724,92.32266271600412,29.242637520776874,7.245628843674188
snr,3-layer SIM (BMI-adaptive),26.0,5.0,-5.0,16.659251638236896,7.3873861316145915,9.271865506622305,63.08002519522724,80.86259312974171,17.782567934514468,7.719095514394882
snr,No intelligent surface,26.0,6.0,-5.0,19.9095633756009,-6.6690097916968085,26.57857316729771,93.60344553620499,57.80712276577112,35.79632277043387,-8.749483705390931
snr,Digital MVDR array (BMI-adaptive),26.0,6.0,-5.0,19.9095633756009,1.7902990283546654,18.119264347246236,93.60344553620499,57.19194725155908,36.41149828464591,7.403530153263144
snr,1-layer RIS (BMI-adaptive),26.0,6.0,-5.0,19.9095633756009,7.762059522611274,12.147503852989626,93.60344553620499,49.92092831592025,43.68251722028474,3.707940845078938
snr,3-layer SIM (universal),26.0,6.0,-5.0,19.9095633756009,4.634726748860832,15.274836626740068,93.60344553620499,74.46176737758417,19.14167815862082,6.716218982253407
snr,3-layer SIM (BMI-adaptive),26.0,6.0,-5.0,19.9095633756009,6.768009053881248,13.141554321719653,93.60344553620499,74.3134372905569,19.29000824564808,7.3327845890720305
snr,No intelligent surface,26.0,7.0,-5.0,11.413219933126477,6.694243414707911,4.718976518418566,80.3129795797326,60.73141907575301,19.58156050397959,-8.75006178965387
snr,Digital MVDR array (BMI-adaptive),26.0,7.0,-5.0,11.413219933126477,8.77385460734947,2.639365325777007,80.3129795797326,58.47824920029095,21.834730379441645,7.661214355275638
snr,1-layer RIS (BMI-adaptive),26.0,7.0,-5.0,11.413219933126477,7.351196670923047,4.0620232622034305,80.3129795797326,58.67369097587276,21.63928860385984,4.285909197026369
snr,3-layer SIM (universal),26.0,7.0,-5.0,11.413219933126477,11.03995289207694,0.37326704104953734,80.3129795797326,48.32358233243785,31.989397247294747,7.350464633807339
snr,3-layer SIM (BMI-adaptive),26.0,7.0,-5.0,11.413219933126477,11.226919345660843,0.1863005874656345,80.3129795797326,47.76050669317886,32.55247288655374,7.676072805700262
snr,No intelligent surface,26.0,8.0,-5.0,11.889314337712516,9.054454766758443,2.834859570954073,94.97892050426755,66.11372721247172,28.865193291795833,-8.75023699824287
snr,Digital MVDR array (BMI-adaptive),26.0,8.0,-5.0,11.889314337712516,6.969370756727485,4.919943580985032,94.97892050426755,65.56604059218041,29.412879912087135,7.56711304680084
snr,1-layer RIS (BMI-adaptive),26.0,8.0,-5.0,11.889314337712516,4.128722006286357,7.760592331426159,94.97892050426755,72.81378475390535,22.165135750362197,4.318573864188585
snr,3-layer SIM (universal),26.0,8.0,-5.0,11.889314337712516,11.794195138875521,0.09511919883699527,94.97892050426755,65.38472082169908,29.594199682568473,7.260148196550768
snr,3-layer SIM (BMI-adaptive),26.0,8.0,-5.0,11.889314337712516,12.296665316135304,0.40735097842278734,94.97892050426755,65.98008766344913,28.998832840818423,7.6090709662842855
snr,No intelligent surface,26.0,9.0,-5.0,18.84506709966394,6.028989433496936,12.816077666167004,92.70595882541659,46.95352734015116,45.752431485265426,-8.749547782134426
snr,Digital MVDR array (BMI-adaptive),26.0,9.0,-5.0,18.84506709966394,11.56111337738469,7.28395372227925,92.70595882541659,51.22316095710597,41.48279786831062,7.601167256301151
snr,1-layer RIS (BMI-adaptive),26.0,9.0,-5.0,18.84506709966394,10.93855549491659,7.906511604747349,92.70595882541659,49.94437295664359,42.761585868773,3.9785404487076574
snr,3-layer SIM (universal),26.0,9.0,-5.0,18.84506709966394,6.412771915954363,12.432295183709577,92.70595882541659,50.981645308506614,41.72431351690997,7.000088736919937
snr,3-layer SIM (BMI-adaptive),26.0,9.0,-5.0,18.84506709966394,7.65100767315229,11.19405942651165,92.70595882541659,50.786800074115774,41.91915875130081,7.555044918614671
snr,No intelligent surface,26.0,10.0,-5.0,21.77645028011807,4.618165217032324,17.158285063085746,73.60266599352262,47.519767132403615,26.082898861119006,-8.749701824250671
snr,Digital MVDR array (BMI-adaptive),26.0,10.0,-5.0,21.77645028011807,21.116392386468576,0.6600578936494941,73.60266599352262,53.73234014367217,19.870325849850452,7.4576199867738735
snr,1-layer RIS (BMI-adaptive),26.0,10.0,-5.0,21.77645028011807,5.257733152016648,16.51871712810142,73.60266599352262,55.070672450499224,18.531993543023397,3.9814380657639776
snr,3-layer SIM (universal),26.0,10.0,-5.0,21.77645028011807,7.6209428640048795,14.15550741611319,73.60266599352262,50.32253831416055,23.280127679362067,6.669697081390604
snr,3-layer SIM (BMI-adaptive),26.0,10.0,-5.0,21.77645028011807,9.327843432214596,12.448606847903473,73.60266599352262,50.26519238150511,23.33747361201751,7.459659836649582
snr,No intelligent surface,26.0,11.0,-5.0,21.327750517152307,5.793208038733003,15.534542478419304,65.36584107349914,73.58605982261875,8.22021874911961,-8.74984958633403
snr,Digital MVDR array (BMI-adaptive),26.0,11.0,-5.0,21.327750517152307,15.98920504879892,5.338545468353386,65.36584107349914,75.10785279157567,9.742011718076526,7.072922454336673
snr,1-layer RIS (BMI-adaptive),26.0,11.0,-5.0,21.327750517152307,29.006580708029194,7.678830190876887,65.36584107349914,57.841387118425004,7.5244539550741365,3.6734009332363855
snr,3-layer SIM (universal),26.0,11.0,-5.0,21.327750517152307,67.72187617582077,46.39412565866846,65.36584107349914,51.60549603624611,13.760345037253032,5.985709937967698
snr,3-layer SIM (BMI-adaptive),26.0,11.0,-5.0,21.327750517152307,9.129562847139606,12.1981876700127,65.36584107349914,53.86441327041048,11.50142780308866,7.09982878769415
snr,No intelligent surface,30.0,0.0,-5.0,16.84415567777948,16.802880078466586,0.04127559931289326,94.2171413442716,89.46586365067182,4.751277693599775,-10.077108324076555
snr,Digital MVDR array (BMI-adaptive),30.0,0.0,-5.0,16.84415567777948,16.879876437423952,0.03572075964447308,94.2171413442716,94.12098260111819,0.09615874315340989,9.903840652328196
snr,1-layer RIS (BMI-adaptive),30.0,0.0,-5.0,16.84415567777948,16.391186827272545,0.4529688505069345,94.2171413442716,60.36235704207962,33.85478430219197,6.04417612091148
snr,3-layer SIM (universal),30.0,0.0,-5.0,16.84415567777948,16.118038496188966,0.7261171815905136,94.2171413442716,93.39775009965706,0.8193912446145362,9.511235904076681
snr,3-layer SIM (BMI-adaptive),30.0,0.0,-5.0,16.84415567777948,5.42516102533864,11.41899465244084,94.2171413442716,61.448410513492135,32.76873083077946,9.883973944240822
snr,No intelligent surface,30.0,1.0,-5.0,21.61306678325824,7.355008563984644,14.258058219273597,87.84696695972445,53.69297165918301,34.153995300541446,-10.076626437428713
snr,Digital MVDR array (BMI-adaptive),30.0,1.0,-5.0,21.61306678325824,21.62940601251656,0.016339229258321097,87.84696695972445,51.91577133455082,35.931195625173636,9.397217866579766
snr,1-layer RIS (BMI-adaptive),30.0,1.0,-5.0,21.61306678325824,5.573332549119779,16.03973423413846,87.84696695972445,77.70238943868718,10.144577521037277,5.486923978969994
snr,3-layer SIM (universal),30.0,1.0,-5.0,21.61306678325824,21.24392662270706,0.36914016055117926,87.84696695972445,56.90823705900288,30.938729900721576,9.25072635498011
snr,3-layer SIM (BMI-adaptive),30.0,1.0,-5.0,21.61306678325824,21.127712373126677,0.48535441013156344,87.84696695972445,56.62833149709035,31.218635462634104,9.513371801602515
snr,No intelligent surface,30.0,2.0,-5.0,15.330478729671364,16.329430062543207,0.998951332871842,82.80637557897062,53.41864551195955,29.38773006701107,-10.076993998279232
snr,Digital MVDR array (BMI-adaptive),30.0,2.0,-5.0,15.330478729671364,14.897815214781838,0.43266351488952637,82.80637557897062,64.41310373376491,18.393271845205703,9.775934733823417
snr,1-layer RIS (BMI-adaptive),30.0,2.0,-5.0,15.330478729671364,14.850207061959336,0.480271667712028,82.80637557897062,64.43227704483313,18.374098534137488,5.925226070929096
snr,3-layer SIM (universal),30.0,2.0,-5.0,15.330478729671364,15.28457798400753,0.045900745663834286,82.80637557897062,55.036149143703184,27.770226435267432,9.434918667124636
snr,3-layer SIM (BMI-adaptive),30.0,2.0,-5.0,15.330478729671364,15.423287556487908,0.0928088268165439,82.80637557897062,98.85153365563029,16.045158076659675,9.785947605208303
snr,No intelligent surface,30.0,3.0,-5.0,13.29735475834486,5.7789433159809995,7.51841144236386,57.90371736124424,49.466394868727576,8.437322492516664,-10.07708350138974
snr,Digital MVDR array (BMI-adaptive),30.0,3.0,-5.0,13.29735475834486,12.750263239902885,0.5470915184419738,57.90371736124424,59.7480839701949,1.8443666089506578,9.968684446755514
snr,1-layer RIS (BMI-adaptive),30.0,3.0,-5.0,13.29735475834486,13.083818551575783,0.21353620676907603,57.90371736124424,53.29481589539475,4.608901465849492,6.08555657511303
snr,3-layer SIM (universal),30.0,3.0,-5.0,13.29735475834486,12.82033853285952,0.4770162254853396,57.90371736124424,55.82372062033529,2.0799967409089533,9.58090354539419
snr,3-layer SIM (BMI-adaptive),30.0,3.0,-5.0,13.29735475834486,13.272600799186044,0.024753959158815064,57.90371736124424,92.8012412841896,34.89752392294536,9.949017770020575
snr,No intelligent surface,30.0,4.0,-5.0,20.013798243694033,12.340902963508013,7.672895280186021,91.7456370894934,53.918289844738254,37.827347244755146,-10.077331164968971
snr,Digital MVDR array (BMI-adaptive),30.0,4.0,-5.0,20.013798243694033,13.067840957285858,6.945957286408175,91.7456370894934,76.15567691382996,15.589960175663435,10.092092582953601
snr,1-layer RIS (BMI-adaptive),30.0,4.0,-5.0,20.013798243694033,-4.2422420704686745,24.256040314162707,91.7456370894934,75.86028357422762,15.885353515265777,6.205823255550962
snr,3-layer SIM (universal),30.0,4.0,-5.0,20.013798243694033,19.843522969496213,0.17027527419782018,91.7456370894934,60.43215676069246,31.313480328800942,9.618499091245859
snr,3-layer SIM (BMI-adaptive),30.0,4.0,-5.0,20.013798243694033,19.87534663536381,0.13845160833022163,91.7456370894934,57.08660642153509,34.65903066795831,10.022922546209735
snr,No intelligent surface,30.0,5.0,-5.0,21.9885398781548,12.539305652669256,9.449234225485544,61.60100952690211,54.590274735054614,7.010734791847497,-10.076957941240043
snr,Digital MVDR array (BMI-adaptive),30.0,5.0,-5.0,21.9885398781548,5.405330803715495,16.583209074439303,61.60100952690211,61.56095366123898,0.04005586566312758,9.871139832522289
snr,1-layer RIS (BMI-adaptive),30.0,5.0,-5.0,21.9885398781548,22.306213978929282,0.3176741007744823,61.60100952690211,56.394698198800974,5.206311328101137,5.987498532358354
snr,3-layer SIM (universal),30.0,5.0,-5.0,21.9885398781548,10.122624529638573,11.865915348516227,61.60100952690211,54.63982417256716,6.961185354334951,9.535765149709945
snr,3-layer SIM (BMI-adaptive),30.0,5.0,-5.0,21.9885398781548,21.684678706425885,0.303861171728915,61.60100952690211,53.25620029537773,8.34480923152438,9.880823504526168
snr,No intelligent surface,30.0,6.0,-5.0,17.574549004555386,7.188842648285797,10.38570635626959,62.007927618075406,47.73089371988532,14.277033898190084,-10.07685442325527
snr,Digital MVDR array (BMI-adaptive),30.0,6.0,-5.0,17.574549004555386,4.984575314893316,12.58997368966207,62.007927618075406,45.461296850812616,16.54663076726279,9.900045823078347
snr,1-layer RIS (BMI-adaptive),30.0,6.0,-5.0,17.574549004555386,5.640313509899057,11.93423549465633,62.007927618075406,45.418913761165946,16.58901385690946,5.978209980456427
snr,3-layer SIM (universal),30.0,6.0,-5.0,17.574549004555386,17.61484011195534,0.0402911073999519,62.007927618075406,109.46513686655108,47.45720924847567,9.60127052785727
snr,3-layer SIM (BMI-adaptive),30.0,6.0,-5.0,17.574549004555386,17.586675654695252,0.012126650139865802,62.007927618075406,50.41416591755451,11.593761700520893,9.927952412087194
snr,No intelligent surface,30.0,7.0,-5.0,24.698024049016237,7.712650006937352,16.985374042078885,72.43320520435778,58.58238628016375,13.850818924194023,-10.076682784938773
snr,Digital MVDR array (BMI-adaptive),30.0,7.0,-5.0,24.698024049016237,24.6585325972355,0.03949145178073721,72.43320520435778,49.14655013768653,23.286655066671244,9.352184995718554
snr,1-layer RIS (BMI-adaptive),30.0,7.0,-5.0,24.698024049016237,11.633731917588035,13.064292131428202,72.43320520435778,52.217488215522806,20.21571698883497,5.485779659319246
snr,3-layer SIM (universal),30.0,7.0,-5.0,24.698024049016237,24.913530262518474,0.21550621350223764,72.43320520435778,56.96143246563306,15.471772738724717,9.188624525792076
snr,3-layer SIM (BMI-adaptive),30.0,7.0,-5.0,24.698024049016237,25.06467619257179,0.36665214355555165,72.43320520435778,56.38529746029724,16.047907744060538,9.457447435618192
snr,No intelligent surface,30.0,8.0,-5.0,10.992311516223731,9.77703312261659,1.2152783936071412,98.53897271435083,46.97319752270858,51.56577519164225,-10.077395331895394
snr,Digital MVDR array (BMI-adaptive),30.0,8.0,-5.0,10.992311516223731,4.842255660633513,6.150055855590218,98.53897271435083,99.3392344127046,0.8002616983537649,10.259273954787634
snr,1-layer RIS (BMI-adaptive),30.0,8.0,-5.0,10.992311516223731,5.121017077733406,5.871294438490326,98.53897271435083,51.53804821927358,47.00092449507726,6.301995841111998
snr,3-layer SIM (universal),30.0,8.0,-5.0,10.992311516223731,10.252161691946482,0.7401498242772497,98.53897271435083,46.77413382188514,51.7648388924657,9.771363073995548
snr,3-layer SIM (BMI-adaptive),30.0,8.0,-5.0,10.992311516223731,10.943842644071045,0.048468872152685805,98.53897271435083,47.64001667095905,50.898956043391784,10.178389333377659
snr,No intelligent surface,30.0,9.0,-5.0,21.475718628197832,10.716094097368156,10.759624530829676,85.63302431647399,64.7392549108522,20.893769405621796,-10.077074778878409
snr,Digital MVDR array (BMI-adaptive),30.0,9.0,-5.0,21.475718628197832,21.51293650013236,0.037217871934526414,85.63302431647399,86.6880229853945,1.0549986689205042,10.115685144360144
snr,1-layer RIS (BMI-adaptive),30.0,9.0,-5.0,21.475718628197832,21.127369816677348,0.34834881152048425,85.63302431647399,46.46215351648471,39.17087079998928,6.181298281178396
snr,3-layer SIM (universal),30.0,9.0,-5.0,21.475718628197832,21.510119674002325,0.034401045804493435,85.63302431647399,52.73026212983325,32.90276218664074,9.723716622638655
snr,3-layer SIM (BMI-adaptive),30.0,9.0,-5.0,21.475718628197832,21.271728616362918,0.2039900118349145,85.63302431647399,60.32530284600733,25.30772147046666,10.090279371401106
snr,No intelligent surface,30.0,10.0,-5.0,11.152323307462222,5.018143910334161,6.134179397128061,75.22526071334494,51.73591112346914,23.4893495898758,-10.077028197529234
snr,Digital MVDR array (BMI-adaptive),30.0,10.0,-5.0,11.152323307462222,7.450326897072025,3.701996410390197,75.22526071334494,50.426742324985646,24.79851838835929,9.429792722959187
snr,1-layer RIS (BMI-adaptive),30.0,10.0,-5.0,11.152323307462222,11.588568880651948,0.43624557318972634,75.22526071334494,50.846556080526895,24.378704632818042,5.660397503628819
snr,3-layer SIM (universal),30.0,10.0,-5.0,11.152323307462222,10.439098557757095,0.7132247497051267,75.22526071334494,59.67510027792466,15.550160435420274,9.107807653352435
snr,3-layer SIM (BMI-adaptive),30.0,10.0,-5.0,11.152323307462222,10.767800349908642,0.38452295755358,75.22526071334494,46.87524941479659,28.350011298548345,9.46294257491063
snr,No intelligent surface,30.0,11.0,-5.0,14.258152188910527,8.549353124631965,5.708799064278562,63.29960921526044,63.40299669404424,0.10338747878380161,-10.076961627963225
snr,Digital MVDR array (BMI-adaptive),30.0,11.0,-5.0,14.258152188910527,14.099160787633817,0.15899140127670996,63.29960921526044,47.20783410450568,16.09177511075476,10.164105758744544
snr,1-layer RIS (BMI-adaptive),30.0,11.0,-5.0,14.258152188910527,8.377406852299774,5.880745336610753,63.29960921526044,67.21976161985017,3.920152404589736,6.140744144277727
snr,3-layer SIM (universal),30.0,11.0,-5.0,14.258152188910527,13.67780951989448,0.5803426690160478,63.29960921526044,63.447131329866636,0.1475221146061969,9.815522335679356
snr,3-layer SIM (BMI-adaptive),30.0,11.0,-5.0,14.258152188910527,14.437958597154756,0.17980640824422878,63.29960921526044,63.71398537826093,0.4143761630004903,10.171522927044045
snr,No intelligent surface,34.0,0.0,-5.0,21.380196459647138,3.697891170318827,17.682305289328312,89.08863598386797,47.31961438932829,41.76902159453969,-11.663738773147678
snr,Digital MVDR array (BMI-adaptive),34.0,0.0,-5.0,21.380196459647138,21.412875825698634,0.03267936605149657,89.08863598386797,53.45163064652836,35.637005337339616,11.660473550971604
snr,1-layer RIS (BMI-adaptive),34.0,0.0,-5.0,21.380196459647138,20.94211282296843,0.43808363667870864,89.08863598386797,94.10344590846444,5.014809924596463,7.549845780558584
snr,3-layer SIM (universal),34.0,0.0,-5.0,21.380196459647138,21.395020111129618,0.014823651482480216,89.08863598386797,88.97245447605552,0.11618150781245618,11.139806298083545
snr,3-layer SIM (BMI-adaptive),34.0,0.0,-5.0,21.380196459647138,21.381083359946068,0.0008869002989300157,89.08863598386797,48.32936671967834,40.75926926418963,11.609549332168111
snr,No intelligent surface,34.0,1.0,-5.0,22.66558114417442,8.561022094937854,14.104559049236567,60.86433451203807,50.549249111762,10.315085400276068,-11.663797886728592
snr,Digital MVDR array (BMI-adaptive),34.0,1.0,-5.0,22.66558114417442,22.60620253118959,0.059378612984829715,60.86433451203807,60.6683187003333,0.19601581170476834,11.480028450290972
snr,1-layer RIS (BMI-adaptive),34.0,1.0,-5.0,22.66558114417442,22.575147382578045,0.09043376159637617,60.86433451203807,61.838737415023054,0.9744029029849841,7.439490305052666
snr,3-layer SIM (universal),34.0,1.0,-5.0,22.66558114417442,22.637311679796724,0.028269464377697062,60.86433451203807,49.77263385746469,11.09170065457338,10.95755654971789
snr,3-layer SIM (BMI-adaptive),34.0,1.0,-5.0,22.66558114417442,22.641733966604534,0.023847177569887634,60.86433451203807,60.51476454630442,0.3495699657336502,11.444239002112585
snr,No intelligent surface,34.0,2.0,-5.0,14.276776286333686,4.087264598780253,10.189511687553432,76.24206273584393,54.319321264037974,21.922741471805956,-11.663710264380944
snr,Digital MVDR array (BMI-adaptive),34.0,2.0,-5.0,14.276776286333686,14.314940622618122,0.03816433628443683,76.24206273584393,75.97425447720033,0.2678082586435977,11.530267158794407
snr,1-layer RIS (BMI-adaptive),34.0,2.0,-5.0,14.276776286333686,9.642471017005736,4.63430526932795,76.24206273584393,47.55430273748825,28.68775999835568,7.4225449127641845
snr,3-layer SIM (universal),34.0,2.0,-5.0,14.276776286333686,14.300017036726208,0.023240750392522713,76.24206273584393,66.86664000172487,9.375422734119056,11.04327215625725
snr,3-layer SIM (BMI-adaptive),34.0,2.0,-5.0,14.276776286333686,14.219999207982175,0.05677707835151047,76.24206273584393,76.30495161311707,0.06288887727313863,11.471868109291615
snr,No intelligent surface,34.0,3.0,-5.0,23.27747194651736,10.048181809983479,13.22929013653388,83.579240934273,48.975028935382525,34.60421199889048,-11.66367298851642
snr,Digital MVDR array (BMI-adaptive),34.0,3.0,-5.0,23.27747194651736,23.06556212419492,0.21190982232243982,83.579240934273,61.62431113311575,21.954929801157256,10.873771123924648
snr,1-layer RIS (BMI-adaptive),34.0,3.0,-5.0,23.27747194651736,9.571625909119883,13.705846037397476,83.579240934273,58.346775571148626,25.232465363124376,7.202773631183654
snr,3-layer SIM (universal),34.0,3.0,-5.0,23.27747194651736,5.668777140115806,17.60869480640155,83.579240934273,82.80735130345396,0.7718896308190466,9.980037063403786
snr,3-layer SIM (BMI-adaptive),34.0,3.0,-5.0,23.27747194651736,2.8401680732475545,20.437303873269805,83.579240934273,82.7654444584537,0.8137964758193021,10.95318608767296
snr,No intelligent surface,34.0,4.0,-5.0,11.173151093022016,12.761224557636814,1.5880734646147978,68.65858016179155,65.3362694174524,3.3223107443391484,-11.66386009486998
snr,Digital MVDR array (BMI-adaptive),34.0,4.0,-5.0,11.173151093022016,10.899362662789228,0.27378843023278776,68.65858016179155,68.67863544525056,0.020055283459015527,11.426745820156324
snr,1-layer RIS (BMI-adaptive),34.0,4.0,-5.0,11.173151093022016,11.134226108817177,0.03892498420483825,68.65858016179155,68.81914551820596,0.16056535641440917,7.485347964187319
snr,3-layer SIM (universal),34.0,4.0,-5.0,11.173151093022016,10.943871510653643,0.2292795823683722,68.65858016179155,69.09916609287532,0.4405859310837741,10.809486483262772
snr,3-layer SIM (BMI-adaptive),34.0,4.0,-5.0,11.173151093022016,11.27649303772191,0.10334194469989377,68.65858016179155,68.78046855176271,0.12188838997116136,11.427853477072475
snr,No intelligent surface,34.0,5.0,-5.0,21.35785056295159,5.040739718239946,16.317110844711642,76.85368798339834,61.74633123122254,15.107356752175804,-11.663803092618775
snr,Digital MVDR array (BMI-adaptive),34.0,5.0,-5.0,21.35785056295159,21.223938749832833,0.13391181311875755,76.85368798339834,76.43286050539616,0.420827478002181,11.49027975212363
snr,1-layer RIS (BMI-adaptive),34.0,5.0,-5.0,21.35785056295159,5.636488794620448,15.721361768331143,76.85368798339834,55.52165198936983,21.332035994028516,7.599627698626725
snr,3-layer SIM (universal),34.0,5.0,-5.0,21.35785056295159,21.44687134632254,0.08902078337094821,76.85368798339834,62.18706784099135,14.666620142406998,10.734919133943595
snr,3-layer SIM (BMI-adaptive),34.0,5.0,-5.0,21.35785056295159,21.259755054112105,0.09809550883948503,76.85368798339834,77.53921879537057,0.6855308119722281,11.523549474262687
snr,No intelligent surface,34.0,6.0,-5.0,18.52774769659098,5.9415438601000945,12.586203836490885,74.74761751222518,61.37492610266512,13.372691409560055,-11.663850237209958
snr,Digital MVDR array (BMI-adaptive),34.0,6.0,-5.0,18.52774769659098,18.406483823200414,0.12126387339056421,74.74761751222518,74.00961266536785,0.7380048468573221,11.489579712133473
snr,1-layer RIS (BMI-adaptive),34.0,6.0,-5.0,18.52774769659098,4.475680353797124,14.052067342793855,74.74761751222518,76.67283960597565,1.9252220937504774,7.506960645293734
snr,3-layer SIM (universal),34.0,6.0,-5.0,18.52774769659098,18.331320092612362,0.19642760397861636,74.74761751222518,47.26496983812295,27.482647674102225,10.9029230682073
snr,3-layer SIM (BMI-adaptive),34.0,6.0,-5.0,18.52774769659098,18.542933657903653,0.015185961312674578,74.74761751222518,53.84391587716489,20.903701635060287,11.47822535935777
snr,No intelligent surface,34.0,7.0,-5.0,23.26742192578472,7.815217454054567,15.452204471730154,70.22662092407928,47.48588662866017,22.740734295419117,-11.663752010905027
snr,Digital MVDR array (BMI-adaptive),34.0,7.0,-5.0,23.26742192578472,23.08631656746566,0.18110535831906205,70.22662092407928,70.30230756212774,0.07568663804845244,11.321902639689496
snr,1-layer RIS (BMI-adaptive),34.0,7.0,-5.0,23.26742192578472,3.367162271508635,19.900259654276084,70.22662092407928,62.81188866443239,7.414732259646897,7.501561220775194
snr,3-layer SIM (universal),34.0,7.0,-5.0,23.26742192578472,23.313167341233417,0.045745415448696036,70.22662092407928,54.82429389270124,15.402327031378043,10.500848333878423
snr,3-layer SIM (BMI-adaptive),34.0,7.0,-5.0,23.26742192578472,23.248125627423583,0.019296298361137332,70.22662092407928,69.92114830591444,0.30547261816484195,11.37473695853362
snr,No intelligent surface,34.0,8.0,-5.0,12.462229058717634,6.577789070004988,5.884439988712646,59.82248683435877,62.45575828282461,2.633271448465841,-11.66384547704893
snr,Digital MVDR array (BMI-adaptive),34.0,8.0,-5.0,12.462229058717634,12.407633137772983,0.054595920944651155,59.82248683435877,59.7185706954124,0.1039161389463672,11.498920649152263
snr,1-layer RIS (BMI-adaptive),34.0,8.0,-5.0,12.462229058717634,8.615600078738764,3.8466289799788704,59.82248683435877,56.91142117517745,2.911065659181318,7.576611317579115
snr,3-layer SIM (universal),34.0,8.0,-5.0,12.462229058717634,12.71286063853177,0.25063157981413653,59.82248683435877,66.22994908392957,6.4074622495707985,10.81273907921949
snr,3-layer SIM (BMI-adaptive),34.0,8.0,-5.0,12.462229058717634,12.147209114344228,0.31501994437340564,59.82248683435877,58.27168245782897,1.550804376529797,11.516046943560594
snr,No intelligent surface,34.0,9.0,-5.0,22.27014682176632,11.22363574655478,11.04651107521154,96.54248119763331,60.62766183393687,35.91481936369644,-11.66382900364457
snr,Digital MVDR array (BMI-adaptive),34.0,9.0,-5.0,22.27014682176632,22.22691912193736,0.04322769982896091,96.54248119763331,47.050028174271205,49.4924530233621,11.619300735982716
snr,1-layer RIS (BMI-adaptive),34.0,9.0,-5.0,22.27014682176632,10.565127994572258,11.705018827194063,96.54248119763331,54.61035868292503,41.932122514708276,7.664587071339788
snr,3-layer SIM (universal),34.0,9.0,-5.0,22.27014682176632,22.22093133841246,0.049215483353862055,96.54248119763331,97.3012642963254,0.758783098692092,10.923387851113837
snr,3-layer SIM (BMI-adaptive),34.0,9.0,-5.0,22.27014682176632,22.21011996611451,0.06002685565180954,96.54248119763331,51.98992869716052,44.552552500472785,11.63296638337716
snr,No intelligent surface,34.0,10.0,-5.0,18.926979110100177,7.378996551284927,11.54798255881525,94.16461448774389,48.5251260226015,45.63948846514239,-11.663821274641304
snr,Digital MVDR array (BMI-adaptive),34.0,10.0,-5.0,18.926979110100177,18.88878890937162,0.0381902007285575,94.16461448774389,94.41749142523585,0.25287693749196194,11.477078339712461
snr,1-layer RIS (BMI-adaptive),34.0,10.0,-5.0,18.926979110100177,3.8820406738977487,15.044938436202429,94.16461448774389,95.16922795883406,1.0046134710901669,7.581960583253382
snr,3-layer SIM (universal),34.0,10.0,-5.0,18.926979110100177,18.809590912827908,0.11738819727226968,94.16461448774389,94.56682596936278,0.40221148161889175,10.744567624558996
snr,3-layer SIM (BMI-adaptive),34.0,10.0,-5.0,18.926979110100177,19.13618074178118,0.20920163168100103,94.16461448774389,59.21052643983444,34.95408804790945,11.506030839252336
snr,No intelligent surface,34.0,11.0,-5.0,24.911978796835072,5.882769079147128,19.029209717687944,63.211886976410895,66.51590659955748,3.304019623146587,-11.663814687423564
snr,Digital MVDR array (BMI-adaptive),34.0,11.0,-5.0,24.911978796835072,3.7626793225838275,21.149299474251244,63.211886976410895,54.738081656922965,8.47380531948793,11.597112620886334
snr,1-layer RIS (BMI-adaptive),34.0,11.0,-5.0,24.911978796835072,25.007554852771907,0.09557605593683505,63.211886976410895,84.85895431769957,21.647067341288675,7.661498055070496
snr,3-layer SIM (universal),34.0,11.0,-5.0,24.911978796835072,24.908858680269073,0.003120116565998643,63.211886976410895,46.45601940049725,16.755867575913648,10.873172416660061
snr,3-layer SIM (BMI-adaptive),34.0,11.0,-5.0,24.911978796835072,24.71653551400202,0.19544328283305035,63.211886976410895,48.487595974926094,14.7242910014848,11.61841393196921
snr,No intelligent surface,38.0,0.0,-5.0,24.289642523995344,3.301787320332091,20.98785520366325,73.22629987528421,69.88115521456342,3.3451446607207913,-13.75645269423555
snr,Digital MVDR array (BMI-adaptive),38.0,0.0,-5.0,24.289642523995344,24.17470483240111,0.1149376915942355,73.22629987528421,72.90094772586968,0.3253521494145275,12.334205179335038
snr,1-layer RIS (BMI-adaptive),38.0,0.0,-5.0,24.289642523995344,24.500197632547476,0.210555108552132,73.22629987528421,80.49441853931074,7.268118664026531,8.21301336394465
snr,3-layer SIM (universal),38.0,0.0,-5.0,24.289642523995344,24.25625055216156,0.033391971833783174,73.22629987528421,73.49481677450743,0.268516899223215,10.567376809894517
snr,3-layer SIM (BMI-adaptive),38.0,0.0,-5.0,24.289642523995344,24.232311704315723,0.057330819679620504,73.22629987528421,73.25140655332517,0.0251066780409559,12.218105576762637
snr,No intelligent surface,38.0,1.0,-5.0,15.668450347587532,7.657501586571632,8.0109487610159,65.0764778720385,50.78231906581215,14.294158806226342,-13.758536691322941
snr,Digital MVDR array (BMI-adaptive),38.0,1.0,-5.0,15.668450347587532,15.509552026410681,0.1588983211768511,65.0764778720385,64.84150547938665,0.23497239265184078,12.355215431225712
snr,1-layer RIS (BMI-adaptive),38.0,1.0,-5.0,15.668450347587532,15.749980057018417,0.08152970943088533,65.0764778720385,64.01671691274954,1.0597609592889512,8.237351148681633
snr,3-layer SIM (universal),38.0,1.0,-5.0,15.668450347587532,15.46700002920206,0.20145031838547212,65.0764778720385,65.81100662311708,0.7345287510785852,10.887338528355599
snr,3-layer SIM (BMI-adaptive),38.0,1.0,-5.0,15.668450347587532,15.639328211573936,0.029122136013596034,65.0764778720385,65.82879591678206,0.7523180447435607,12.258108556632973
snr,No intelligent surface,38.0,2.0,-5.0,16.6628667797777,10.218318128545768,6.444548651231933,84.31216756947916,62.64147637960777,21.67069118987139,-13.760569927995634
snr,Digital MVDR array (BMI-adaptive),38.0,2.0,-5.0,16.6628667797777,16.611733622009393,0.051133157768308735,84.31216756947916,83.86890732458102,0.4432602448981413,12.357883477963512
snr,1-layer RIS (BMI-adaptive),38.0,2.0,-5.0,16.6628667797777,16.667100948973378,0.004234169195676429,84.31216756947916,52.569654869686865,31.742512699792293,8.233154623109966
snr,3-layer SIM (universal),38.0,2.0,-5.0,16.6628667797777,16.657964430144975,0.004902349632725844,84.31216756947916,71.4270979053019,12.885069664177252,11.460300072304017
snr,3-layer SIM (BMI-adaptive),38.0,2.0,-5.0,16.6628667797777,16.598334835309895,0.06453194446780586,84.31216756947916,84.71728857777794,0.40512100829877795,12.335945179366465
snr,No intelligent surface,38.0,3.0,-5.0,16.651440553562086,6.522537219097613,10.128903334464473,91.77371960544336,65.65980769594698,26.11391190949638,-13.75996343552748
snr,Digital MVDR array (BMI-adaptive),38.0,3.0,-5.0,16.651440553562086,16.56909333499362,0.08234721856846505,91.77371960544336,92.2497479483218,0.4760283428784362,12.469421391485486
snr,1-layer RIS (BMI-adaptive),38.0,3.0,-5.0,16.651440553562086,16.53945219337849,0.11198836018359515,91.77371960544336,67.26883332715279,24.50488627829057,8.344892438938427
snr,3-layer SIM (universal),38.0,3.0,-5.0,16.651440553562086,16.46777160333344,0.18366895022864682,91.77371960544336,92.02301195284925,0.24929234740588413,11.31070819222648
snr,3-layer SIM (BMI-adaptive),38.0,3.0,-5.0,16.651440553562086,16.60418277224845,0.047257781313636116,91.77371960544336,91.7629410699551,0.01077853548825658,12.420299926036385
snr,No intelligent surface,38.0,4.0,-5.0,19.08478246260513,6.646714168073879,12.438068294531252,95.27844535949693,57.90635356566241,37.37209179383452,-13.758943258211945
snr,Digital MVDR array (BMI-adaptive),38.0,4.0,-5.0,19.08478246260513,19.01741313075496,0.0673693318501698,95.27844535949693,96.7010619707231,1.422616611226175,12.474219686418005
snr,1-layer RIS (BMI-adaptive),38.0,4.0,-5.0,19.08478246260513,19.063112247993857,0.021670214611273053,95.27844535949693,96.50592430854043,1.2274789490435012,8.35159832933934
snr,3-layer SIM (universal),38.0,4.0,-5.0,19.08478246260513,19.07587482775421,0.008907634850920942,95.27844535949693,95.2605758739343,0.017869485562627574,11.104146837224587
snr,3-layer SIM (BMI-adaptive),38.0,4.0,-5.0,19.08478246260513,19.07190734659301,0.012875116012118326,95.27844535949693,95.32228033166352,0.043834972166592934,12.40447783288709
snr,No intelligent surface,38.0,5.0,-5.0,21.512272163536263,6.689932644269233,14.822339519267029,72.32559898584572,66.51010577056934,5.815493215276376,-13.759894405859898
snr,Digital MVDR array (BMI-adaptive),38.0,5.0,-5.0,21.512272163536263,21.466864963797466,0.04540719973879703,72.32559898584572,71.975759103292,0.34983988255370946,12.477085260763804
snr,1-layer RIS (BMI-adaptive),38.0,5.0,-5.0,21.512272163536263,21.693156953192556,0.18088478965629307,72.32559898584572,72.40099078060152,0.07539179475580227,8.35271408691803
snr,3-layer SIM (universal),38.0,5.0,-5.0,21.512272163536263,21.45555856648327,0.05671359705299395,72.32559898584572,72.50172020260067,0.17612121675495018,11.303131268500897
snr,3-layer SIM (BMI-adaptive),38.0,5.0,-5.0,21.512272163536263,21.45441032677427,0.05786183676199386,72.32559898584572,72.4223122879729,0.09671330212718487,12.427408180118052
snr,No intelligent surface,38.0,6.0,-5.0,21.709529199819055,6.743970238324088,14.965558961494967,74.85564008048979,71.68306900721772,3.172571073272067,-13.760424425764588
snr,Digital MVDR array (BMI-adaptive),38.0,6.0,-5.0,21.709529199819055,21.650602871025296,0.05892632879375981,74.85564008048979,74.98066043250361,0.12502035201382,12.130230165524868
snr,1-layer RIS (BMI-adaptive),38.0,6.0,-5.0,21.709529199819055,6.272011305873021,15.437517893946033,74.85564008048979,74.70237109576917,0.15326898472062567,8.012025301037076
snr,3-layer SIM (universal),38.0,6.0,-5.0,21.709529199819055,21.656936907754694,0.05259229206436089,74.85564008048979,74.63119525552804,0.22444482496175056,11.326340657588304
snr,3-layer SIM (BMI-adaptive),38.0,6.0,-5.0,21.709529199819055,21.663516125033,0.04601307478605676,74.85564008048979,74.72333347304853,0.1323066074412651,12.10235147826043
snr,No intelligent surface,38.0,7.0,-5.0,16.552056988503708,2.549499313568414,14.002557674935293,94.4504144981174,48.27630791656644,46.17410658155096,-13.75783451978825
snr,Digital MVDR array (BMI-adaptive),38.0,7.0,-5.0,16.552056988503708,16.77404925369916,0.22199226519545334,94.4504144981174,93.34745070044623,1.1029637976711655,12.526913014587658
snr,1-layer RIS (BMI-adaptive),38.0,7.0,-5.0,16.552056988503708,16.780398019171685,0.22834103066797695,94.4504144981174,58.19891920286082,36.251495295256575,8.439816276722533
snr,3-layer SIM (universal),38.0,7.0,-5.0,16.552056988503708,16.531075627561357,0.02098136094235059,94.4504144981174,94.7375227960497,0.2871082979323063,11.130023016011318
snr,3-layer SIM (BMI-adaptive),38.0,7.0,-5.0,16.552056988503708,16.50460734767058,0.04744964083312908,94.4504144981174,94.79309312643583,0.3426786283184384,12.49560953463389
snr,No intelligent surface,38.0,8.0,-5.0,13.032572272377104,13.550252409287072,0.5176801369099682,59.00393109990667,84.52183386365141,25.517902763744736,-13.757089797969687
snr,Digital MVDR array (BMI-adaptive),38.0,8.0,-5.0,13.032572272377104,13.158828533350546,0.12625626097344167,59.00393109990667,59.15640570626041,0.152474606353735,12.275635528000038
snr,1-layer RIS (BMI-adaptive),38.0,8.0,-5.0,13.032572272377104,12.496126306401186,0.5364459659759184,59.00393109990667,64.80772186471198,5.803790764805306,8.160580253931426
snr,3-layer SIM (universal),38.0,8.0,-5.0,13.032572272377104,12.671433547916918,0.36113872446018647,59.00393109990667,56.85706555943871,2.1468655404679637,10.575103449929234
snr,3-layer SIM (BMI-adaptive),38.0,8.0,-5.0,13.032572272377104,12.999338806291568,0.03323346608553557,59.00393109990667,59.08537946022756,0.0814483603208842,12.151678910005385
snr,No intelligent surface,38.0,9.0,-5.0,10.99405114919961,6.600782495559092,4.393268653640518,98.71335836592942,54.1337684397608,44.57958992616862,-13.760407169629032
snr,Digital MVDR array (BMI-adaptive),38.0,9.0,-5.0,10.99405114919961,10.94624311122887,0.04780803797073929,98.71335836592942,99.06186165396937,0.3485032880399501,12.391948211868424
snr,1-layer RIS (BMI-adaptive),38.0,9.0,-5.0,10.99405114919961,10.476500709970477,0.517550439229133,98.71335836592942,52.06345037240985,46.64990799351958,8.274791434570293
snr,3-layer SIM (universal),38.0,9.0,-5.0,10.99405114919961,11.217639381331063,0.22358823213145307,98.71335836592942,58.664701855731415,40.04865651019801,11.58180959286356
snr,3-layer SIM (BMI-adaptive),38.0,9.0,-5.0,10.99405114919961,10.95706636039177,0.03698478880783895,98.71335836592942,98.07778809252466,0.6355702734047668,12.40081941953533
snr,No intelligent surface,38.0,10.0,-5.0,19.858884606129116,13.45343389626385,6.405450709865267,75.00747224794289,51.192495205609056,23.81497704233383,-13.760100536249345
snr,Digital MVDR array (BMI-adaptive),38.0,10.0,-5.0,19.858884606129116,19.81973471677168,0.039149889357435796,75.00747224794289,74.73946837601774,0.26800387192514563,12.527042790501914
snr,1-layer RIS (BMI-adaptive),38.0,10.0,-5.0,19.858884606129116,19.79294957157043,0.06593503455868799,75.00747224794289,55.085749286445406,19.92172296149748,8.40636561208082
snr,3-layer SIM (universal),38.0,10.0,-5.0,19.858884606129116,19.795046117477916,0.06383848865120001,75.00747224794289,56.48277363918871,18.52469860875418,11.453730073752748
snr,3-layer SIM (BMI-adaptive),38.0,10.0,-5.0,19.858884606129116,19.78244312350513,0.07644148262398787,75.00747224794289,74.8997827720347,0.10768947590818811,12.50280464531129
snr,No intelligent surface,38.0,11.0,-5.0,21.61308987132457,11.08356111225644,10.529528759068128,63.705876498424146,47.25708699001228,16.448789508411863,-13.760427950749623
snr,Digital MVDR array (BMI-adaptive),38.0,11.0,-5.0,21.61308987132457,21.57676161270455,0.036328258620017095,63.705876498424146,63.015708618155415,0.6901678802687314,12.463798267315314
snr,1-layer RIS (BMI-adaptive),38.0,11.0,-5.0,21.61308987132457,12.10457299891607,9.508516872408498,63.705876498424146,84.50328464684986,20.797408148425717,8.339959644169712
snr,3-layer SIM (universal),38.0,11.0,-5.0,21.61308987132457,21.588472322734113,0.02461754859045584,63.705876498424146,63.213904972103734,0.4919715263204125,11.486981988510783
snr,3-layer SIM (BMI-adaptive),38.0,11.0,-5.0,21.61308987132457,21.560951818495454,0.052138052829114656,63.705876498424146,63.613316872680834,0.09255962574331278,12.443062196787025
snr,No intelligent surface,18.0,0.0,0.0,13.967883734059752,8.475501100785998,5.492382633273754,68.41090083960857,83.73846588191152,15.32756504230295,-7.598023842764945
snr,Digital MVDR array (BMI-adaptive),18.0,0.0,0.0,13.967883734059752,13.864178002945826,0.10370573111392645,68.41090083960857,90.73106619414425,22.320165354535675,9.037980515055072
snr,1-layer RIS (BMI-adaptive),18.0,0.0,0.0,13.967883734059752,13.66681019944756,0.30107353461219155,68.41090083960857,52.024540960639854,16.38635987896872,5.394905198877255
snr,3-layer SIM (universal),18.0,0.0,0.0,13.967883734059752,13.655832791910441,0.31205094214931073,68.41090083960857,48.81376538835675,19.597135451251823,7.902339122580447
snr,3-layer SIM (BMI-adaptive),18.0,0.0,0.0,13.967883734059752,13.272152606392867,0.6957311276668854,68.41090083960857,67.46017007222693,0.9507307673816427,9.218706536756887
snr,No intelligent surface,18.0,1.0,0.0,18.75874237290061,12.83032269199945,5.928419680901159,93.00198738883023,52.593567029852025,40.408420358978205,-7.597743121222939
snr,Digital MVDR array (BMI-adaptive),18.0,1.0,0.0,18.75874237290061,18.638995418590323,0.11974695431028692,93.00198738883023,59.902613348398376,33.099374040431854,8.983803672617372
snr,1-layer RIS (BMI-adaptive),18.0,1.0,0.0,18.75874237290061,10.499477522592318,8.259264850308291,93.00198738883023,90.3890760030782,2.612911385752028,5.143927369457895
snr,3-layer SIM (universal),18.0,1.0,0.0,18.75874237290061,18.4040168404339,0.3547255324667091,93.00198738883023,68.661503699988,24.340483688842227,7.57407593741216
snr,3-layer SIM (BMI-adaptive),18.0,1.0,0.0,18.75874237290061,18.61113985792464,0.14760251497596855,93.00198738883023,93.40284014434087,0.40085275551064115,8.844527053557945
snr,No intelligent surface,18.0,2.0,0.0,16.807991843047045,17.06749416172914,0.2595023186820953,71.24956222474773,50.72162486423218,20.52793736051555,-7.597766486668638
snr,Digital MVDR array (BMI-adaptive),18.0,2.0,0.0,16.807991843047045,16.63350514906798,0.17448669397906613,71.24956222474773,50.121165318294324,21.12839690645341,8.800194734582059
snr,1-layer RIS (BMI-adaptive),18.0,2.0,0.0,16.807991843047045,9.39666770110219,7.411324141944855,71.24956222474773,55.510400174140145,15.73916205060759,5.086697882743603
snr,3-layer SIM (universal),18.0,2.0,0.0,16.807991843047045,16.86442464592325,0.05643280287620556,71.24956222474773,49.09949423840702,22.150067986340716,7.09666480848038
snr,3-layer SIM (BMI-adaptive),18.0,2.0,0.0,16.807991843047045,16.54832230032399,0.2596695427230564,71.24956222474773,60.018166777921074,11.23139544682666,8.575886408769515
snr,No intelligent surface,18.0,3.0,0.0,14.550522338076934,-55.39592426484553,69.94644660292246,70.72396348346656,47.75826812783024,22.96569535563632,-7.597824418135623
snr,Digital MVDR array (BMI-adaptive),18.0,3.0,0.0,14.550522338076934,14.426837133784124,0.12368520429281027,70.72396348346656,70.85638614609496,0.1324226626284002,9.117824559735778
snr,1-layer RIS (BMI-adaptive),18.0,3.0,0.0,14.550522338076934,6.688456196656093,7.862066141420842,70.72396348346656,71.42633020588576,0.7023667224191996,5.4328196908147515
snr,3-layer SIM (universal),18.0,3.0,0.0,14.550522338076934,14.550075635470318,0.0004467026066166113,70.72396348346656,66.49692808180045,4.2270354016661145,7.668388903904518
snr,3-layer SIM (BMI-adaptive),18.0,3.0,0.0,14.550522338076934,14.62684061438298,0.07631827630604526,70.72396348346656,58.82641921783557,11.89754426563099,9.077251556628886
snr,No intelligent surface,18.0,4.0,0.0,21.072243560614396,6.37441915427468,14.697824406339716,67.222697276503,52.87069397113242,14.35200330537058,-7.597774760668898
snr,Digital MVDR array (BMI-adaptive),18.0,4.0,0.0,21.072243560614396,-13.06304249918745,34.13528605980184,67.222697276503,44.44022435157525,22.782472924927745,8.678035849314291
snr,1-layer RIS (BMI-adaptive),18.0,4.0,0.0,21.072243560614396,20.92280532491913,0.1494382356952677,67.222697276503,53.85489170330167,13.36780557320133,4.976693152014047
snr,3-layer SIM (universal),18.0,4.0,0.0,21.072243560614396,5.9323543229637625,15.139889237650634,67.222697276503,55.18924054693563,12.03345672956737,6.899771740797872
snr,3-layer SIM (BMI-adaptive),18.0,4.0,0.0,21.072243560614396,20.89959047019695,0.1726530904174446,67.222697276503,67.15279398227581,0.06990329422718844,8.416630793195123
snr,No intelligent surface,18.0,5.0,0.0,18.309244019288684,4.860728265987607,13.448515753301077,68.77580637385239,56.71438374310275,12.06142263074964,-7.597951305521624
snr,Digital MVDR array (BMI-adaptive),18.0,5.0,0.0,18.309244019288684,18.12945472181176,0.17978929747692263,68.77580637385239,69.21014358464605,0.4343372107936574,8.857459763535541
snr,1-layer RIS (BMI-adaptive),18.0,5.0,0.0,18.309244019288684,18.342406022210785,0.0331620029221007,68.77580637385239,52.1697487079657,16.606057665886688,5.38742081923771
snr,3-layer SIM (universal),18.0,5.0,0.0,18.309244019288684,18.47382989921951,0.16458587993082574,68.77580637385239,49.37629578416442,19.39951058968797,7.210126269036198
snr,3-layer SIM (BMI-adaptive),18.0,5.0,0.0,18.309244019288684,18.18064681759854,0.12859720169014466,68.77580637385239,52.86198042417476,15.91382594967763,8.835156748861202
snr,No intelligent surface,18.0,6.0,0.0,25.061537171786203,6.6303491277430044,18.431188044043196,63.358069887542904,65.93415750957386,2.576087622030961,-7.5980429172463175
snr,Digital MVDR array (BMI-adaptive),18.0,6.0,0.0,25.061537171786203,25.01338395399411,0.04815321779209114,63.358069887542904,62.90578603869606,0.4522838488468466,9.027264460163952
snr,1-layer RIS (BMI-adaptive),18.0,6.0,0.0,25.061537171786203,6.527674514476042,18.53386265731016,63.358069887542904,54.266186785100544,9.09188310244236,5.198199968304752
snr,3-layer SIM (universal),18.0,6.0,0.0,25.061537171786203,5.4741338364098455,19.587403335376358,63.358069887542904,63.58009498997385,0.22202510243094764,8.153188610018052
snr,3-layer SIM (BMI-adaptive),18.0,6.0,0.0,25.061537171786203,24.955846357495844,0.10569081429035876,63.358069887542904,68.48755750541457,5.129487617871668,9.291146780410246
snr,No intelligent surface,18.0,7.0,0.0,16.60964879989673,5.432438853022691,11.177209946874036,70.42347101545967,48.66610922113702,21.757361794322648,-7.5978102852684675
snr,Digital MVDR array (BMI-adaptive),18.0,7.0,0.0,16.60964879989673,16.64704749052862,0.037398690631892606,70.42347101545967,52.13950906601774,18.28396194944193,9.191086493695694
snr,1-layer RIS (BMI-adaptive),18.0,7.0,0.0,16.60964879989673,16.700692961228157,0.09104416133142834,70.42347101545967,70.61321199382225,0.18974097836257897,5.445594497253435
snr,3-layer SIM (universal),18.0,7.0,0.0,16.60964879989673,16.709236170199084,0.09958737030235554,70.42347101545967,55.32838497771163,15.09508603774804,7.8444310951926
snr,3-layer SIM (BMI-adaptive),18.0,7.0,0.0,16.60964879989673,16.526484460897247,0.08316433899948095,70.42347101545967,70.43428431235604,0.010813296896373004,9.177044472741526
snr,No intelligent surface,18.0,8.0,0.0,22.816548305349297,4.8572877231985485,17.959260582150748,88.50372583343945,49.25158177054062,39.25214406289883,-7.598063426325953
snr,Digital MVDR array (BMI-adaptive),18.0,8.0,0.0,22.816548305349297,22.75711750445078,0.059430800898518044,88.50372583343945,88.56945945168815,0.06573361824870005,8.818896914436726
snr,1-layer RIS (BMI-adaptive),18.0,8.0,0.0,22.816548305349297,22.75602845838961,0.06051984695968571,88.50372583343945,78.3890841712524,10.11464166218704,5.391018262749723
snr,3-layer SIM (universal),18.0,8.0,0.0,22.816548305349297,6.868664327157556,15.94788397819174,88.50372583343945,51.6260907775509,36.87763505588855,7.353425370663997
snr,3-layer SIM (BMI-adaptive),18.0,8.0,0.0,22.816548305349297,22.744629594072034,0.07191871127726301,88.50372583343945,88.54705165101498,0.04332581757553555,8.919523657382506
snr,No intelligent surface,18.0,9.0,0.0,19.237609366215413,18.31914585942001,0.9184635067954012,86.19880909504789,48.99833944832228,37.200469646725615,-7.598183097223448
snr,Digital MVDR array (BMI-adaptive),18.0,9.0,0.0,19.237609366215413,19.530399008095717,0.29278964188030443,86.19880909504789,48.53640398552225,37.66240510952564,8.726274182848266
snr,1-layer RIS (BMI-adaptive),18.0,9.0,0.0,19.237609366215413,5.255636660953731,13.981972705261683,86.19880909504789,48.65502481633514,37.54378427871275,5.273650244578125
snr,3-layer SIM (universal),18.0,9.0,0.0,19.237609366215413,18.885457593118343,0.35215177309707,86.19880909504789,49.385349814130734,36.81345928091716,7.51945959581214
snr,3-layer SIM (BMI-adaptive),18.0,9.0,0.0,19.237609366215413,19.063226821536333,0.1743825446790801,86.19880909504789,85.48966307640444,0.7091460186434517,8.9600392782435
snr,No intelligent surface,18.0,10.0,0.0,21.80770401355853,7.1562055229110655,14.651498490647466,76.27461545358948,55.58365066913771,20.690964784451765,-7.598234026080224
snr,Digital MVDR array (BMI-adaptive),18.0,10.0,0.0,21.80770401355853,21.893953301766125,0.08624928820759337,76.27461545358948,75.36485809187718,0.9097573617122947,8.534412149321613
snr,1-layer RIS (BMI-adaptive),18.0,10.0,0.0,21.80770401355853,8.181716971025116,13.625987042533415,76.27461545358948,66.76853895018361,9.506076503405865,5.249349609740599
snr,3-layer SIM (universal),18.0,10.0,0.0,21.80770401355853,21.989917098804302,0.1822130852457704,76.27461545358948,53.42194296626452,22.85267248732496,7.106067979814357
snr,3-layer SIM (BMI-adaptive),18.0,10.0,0.0,21.80770401355853,21.682022878404972,0.1256811351535596,76.27461545358948,75.83203720512007,0.4425782484694025,8.730014074282499
snr,No intelligent surface,18.0,11.0,0.0,15.049653222267512,15.435915333241484,0.3862621109739717,74.55965557306135,62.08248472100252,12.477170852058826,-7.597747600966194
snr,Digital MVDR array (BMI-adaptive),18.0,11.0,0.0,15.049653222267512,15.080433654524045,0.03078043225653282,74.55965557306135,74.39084484059622,0.16881073246513267,8.786812451561772
snr,1-layer RIS (BMI-adaptive),18.0,11.0,0.0,15.049653222267512,8.326204291949086,6.723448930318426,74.55965557306135,51.55030474604964,23.00935082701171,5.020339867120651
snr,3-layer SIM (universal),18.0,11.0,0.0,15.049653222267512,14.982295192391737,0.06735802987577522,74.55965557306135,74.89744845035418,0.33779287729282714,7.136831577018199
snr,3-layer SIM (BMI-adaptive),18.0,11.0,0.0,15.049653222267512,15.027410313926197,0.02224290834131537,74.55965557306135,50.51834309243599,24.041312480625358,8.547843592908082
snr,No intelligent surface,22.0,0.0,0.0,21.525847358327105,21.603193995516527,0.07734663718942159,75.94645959346165,47.1602460002337,28.786213593227956,-7.543520483880403
snr,Digital MVDR array (BMI-adaptive),22.0,0.0,0.0,21.525847358327105,21.52656693236163,0.0007195740345231627,75.94645959346165,55.1769395383369,20.76952005512475,6.51075400171158
snr,1-layer RIS (BMI-adaptive),22.0,0.0,0.0,21.525847358327105,21.346736707838414,0.1791106504886919,75.94645959346165,52.9811463143909,22.965313279070756,3.6546336083185746
snr,3-layer SIM (universal),22.0,0.0,0.0,21.525847358327105,4.299953449322948,17.225893909004157,75.94645959346165,48.06184265974463,27.884616933717027,4.876968741363829
snr,3-layer SIM (BMI-adaptive),22.0,0.0,0.0,21.525847358327105,21.224021686820358,0.301825671506748,75.94645959346165,76.98386778341981,1.0374081899581569,6.402317600988726
snr,No intelligent surface,22.0,1.0,0.0,17.64749957589065,5.684338759788961,11.963160816101688,88.35500924241853,51.16091180157399,37.194097440844544,-7.544124914792344
snr,Digital MVDR array (BMI-adaptive),22.0,1.0,0.0,17.64749957589065,17.576204095705208,0.07129548018544085,88.35500924241853,51.33964674994948,37.01536249246905,6.151116210044859
snr,1-layer RIS (BMI-adaptive),22.0,1.0,0.0,17.64749957589065,17.45443709329519,0.1930624825954581,88.35500924241853,59.82164470923745,28.533364533181086,3.6507592699937237
snr,3-layer SIM (universal),22.0,1.0,0.0,17.64749957589065,6.240613570781892,11.406886005108756,88.35500924241853,64.22819638645716,24.126812855961376,4.981936128322445
snr,3-layer SIM (BMI-adaptive),22.0,1.0,0.0,17.64749957589065,17.327686740791997,0.3198128350986522,88.35500924241853,78.06220151351903,10.292807728899504,6.297599392694755
snr,No intelligent surface,22.0,2.0,0.0,22.438836454375878,11.251077540176087,11.18775891419979,68.42785318606656,57.69533910305082,10.732514083015737,-7.543713894363734
snr,Digital MVDR array (BMI-adaptive),22.0,2.0,0.0,22.438836454375878,22.48891677484383,0.05008032046795208,68.42785318606656,65.62143600672249,2.8064171793440664,6.538560001881402
snr,1-layer RIS (BMI-adaptive),22.0,2.0,0.0,22.438836454375878,22.317364086526744,0.12147236784913318,68.42785318606656,68.2482866394771,0.1795665465894558,3.8266690207376817
snr,3-layer SIM (universal),22.0,2.0,0.0,22.438836454375878,7.966112681825098,14.47272377255078,68.42785318606656,64.24479145463334,4.183061731433213,4.845500444443439
snr,3-layer SIM (BMI-adaptive),22.0,2.0,0.0,22.438836454375878,22.48300834644006,0.04417189206418115,68.42785318606656,66.35811946034937,2.0697337257171853,6.48547983887994
snr,No intelligent surface,22.0,3.0,0.0,14.352633642509986,8.68331570730243,5.669317935207555,69.87929888808534,52.902126665705005,16.97717222238034,-7.543641150006437
snr,Digital MVDR array (BMI-adaptive),22.0,3.0,0.0,14.352633642509986,14.028811123023166,0.3238225194868196,69.87929888808534,78.0194299899466,8.140131101861257,6.4688019889437545
snr,1-layer RIS (BMI-adaptive),22.0,3.0,0.0,14.352633642509986,14.79016371627104,0.4375300737610548,69.87929888808534,81.39686944399726,11.517570555911917,3.572267862530642
snr,3-layer SIM (universal),22.0,3.0,0.0,14.352633642509986,14.17510208314089,0.17753155936909515,69.87929888808534,49.568397352572,20.310901535513345,5.484983301566679
snr,3-layer SIM (BMI-adaptive),22.0,3.0,0.0,14.352633642509986,14.59776143314827,0.24512779063828383,69.87929888808534,52.32599517843697,17.553303709648375,6.540316376298518
snr,No intelligent surface,22.0,4.0,0.0,18.20925045878519,7.930740696420186,10.278509762365003,68.13448790251381,51.105773531188305,17.028714371325506,-7.54436232226987
snr,Digital MVDR array (BMI-adaptive),22.0,4.0,0.0,18.20925045878519,18.02678904139572,0.18246141738946875,68.13448790251381,57.65291298076538,10.481574921748432,5.907662417615769
snr,1-layer RIS (BMI-adaptive),22.0,4.0,0.0,18.20925045878519,18.24356588620971,0.034315427424520095,68.13448790251381,67.38383187185761,0.7506560306562022,3.827069669047816
snr,3-layer SIM (universal),22.0,4.0,0.0,18.20925045878519,7.179201327600668,11.03004913118452,68.13448790251381,53.02095150043315,15.113536402080662,3.633161279820634
snr,3-layer SIM (BMI-adaptive),22.0,4.0,0.0,18.20925045878519,18.219395085166504,0.010144626381315192,68.13448790251381,57.11432787556024,11.020160026953569,5.908024461576301
snr,No intelligent surface,22.0,5.0,0.0,17.811207176543025,17.81866168173511,0.007454505192086458,97.85495188213658,49.008603280123786,48.84634860201279,-7.544016045057066
snr,Digital MVDR array (BMI-adaptive),22.0,5.0,0.0,17.811207176543025,17.72493419681169,0.08627297973133352,97.85495188213658,99.40006301841235,1.5451111362757786,6.315943121741424
snr,1-layer RIS (BMI-adaptive),22.0,5.0,0.0,17.811207176543025,18.008751894634198,0.1975447180911729,97.85495188213658,47.58480504726054,50.27014683487604,3.8705327054643917
snr,3-layer SIM (universal),22.0,5.0,0.0,17.811207176543025,18.030404773817644,0.21919759727461852,97.85495188213658,64.83782716985716,33.01712471227941,4.453945676824185
snr,3-layer SIM (BMI-adaptive),22.0,5.0,0.0,17.811207176543025,18.054824624526454,0.24361744798342855,97.85495188213658,72.99038127180958,24.864570610326993,6.309258952660411
snr,No intelligent surface,22.0,6.0,0.0,14.48345803708795,7.125003055754457,7.358454981333493,80.26573055186678,50.733480506869256,29.532250044997525,-7.5437581906947635
snr,Digital MVDR array (BMI-adaptive),22.0,6.0,0.0,14.48345803708795,14.754833944441161,0.27137590735321204,80.26573055186678,49.223859141120364,31.041871410746417,6.444913059786154
snr,1-layer RIS (BMI-adaptive),22.0,6.0,0.0,14.48345803708795,14.09532033732916,0.38813769975879,80.26573055186678,69.31789768773908,10.947832864127705,3.857733714748752
snr,3-layer SIM (universal),22.0,6.0,0.0,14.48345803708795,4.615905813546859,9.86755222354109,80.26573055186678,61.5536200277762,18.712110524090583,4.1327590504208445
snr,3-layer SIM (BMI-adaptive),22.0,6.0,0.0,14.48345803708795,8.070777986778522,6.412680050309428,80.26573055186678,80.26729630605544,0.001565754188661117,6.2815579878844074
snr,No intelligent surface,22.0,7.0,0.0,19.20495102417051,5.141492363402112,14.063458660768397,77.95930190435828,50.739065604495856,27.220236299862428,-7.544001781225273
snr,Digital MVDR array (BMI-adaptive),22.0,7.0,0.0,19.20495102417051,6.8342449981248015,12.370706026045706,77.95930190435828,53.17001829867644,24.789283605681845,6.194955300165493
snr,1-layer RIS (BMI-adaptive),22.0,7.0,0.0,19.20495102417051,19.05475561208927,0.15019541208123854,77.95930190435828,52.727524135254285,25.231777769104,3.4922676164239626
snr,3-layer SIM (universal),22.0,7.0,0.0,19.20495102417051,4.652981049065294,14.551969975105216,77.95930190435828,51.62357065396736,26.33573125039092,5.417122041797855
snr,3-layer SIM (BMI-adaptive),22.0,7.0,0.0,19.20495102417051,18.85811780851669,0.3468332156538203,77.95930190435828,61.52868179763186,16.430620106726423,6.39257080935923
snr,No intelligent surface,22.0,8.0,0.0,14.086737352212811,14.095189699784894,0.00845234757208324,80.1589830370699,77.95153977971208,2.2074432573578235,-7.543706172019602
snr,Digital MVDR array (BMI-adaptive),22.0,8.0,0.0,14.086737352212811,5.581893791252278,8.504843560960534,80.1589830370699,48.54134135481161,31.617641682258295,6.4960708458605945
snr,1-layer RIS (BMI-adaptive),22.0,8.0,0.0,14.086737352212811,13.950561933283678,0.13617541892913287,80.1589830370699,79.9970876214152,0.16189541565469767,3.8375368845514144
snr,3-layer SIM (universal),22.0,8.0,0.0,14.086737352212811,6.699598025966233,7.3871393262465785,80.1589830370699,47.433846493646406,32.725136543423496,4.4091648934014875
snr,3-layer SIM (BMI-adaptive),22.0,8.0,0.0,14.086737352212811,14.064694786292922,0.022042565919889512,80.1589830370699,62.3705306202788,17.788452416791102,6.360696698764458
snr,No intelligent surface,22.0,9.0,0.0,23.690209465927577,7.391679187964379,16.2985302779632,86.42381068155487,58.86963474673556,27.554175934819312,-7.543549274496292
snr,Digital MVDR array (BMI-adaptive),22.0,9.0,0.0,23.690209465927577,8.228246448902917,15.46196301702466,86.42381068155487,51.76529542046773,34.65851526108714,4.195609844021991
snr,1-layer RIS (BMI-adaptive),22.0,9.0,0.0,23.690209465927577,7.190671273882337,16.49953819204524,86.42381068155487,53.36753391232607,33.0562767692288,1.6651719713391155
snr,3-layer SIM (universal),22.0,9.0,0.0,23.690209465927577,6.134656542598291,17.555552923329287,86.42381068155487,52.398506316215084,34.025304365339785,2.4653309184426604
snr,3-layer SIM (BMI-adaptive),22.0,9.0,0.0,23.690209465927577,6.914002023932833,16.776207441994742,86.42381068155487,59.8525586695189,26.57125201203597,3.808959923842861
snr,No intelligent surface,22.0,10.0,0.0,23.478399595429998,7.5701704097909905,15.908229185639009,93.65451723126449,71.0111511461633,22.643366085101192,-7.543479874210389
snr,Digital MVDR array (BMI-adaptive),22.0,10.0,0.0,23.478399595429998,23.36062131030639,0.11777828512360955,93.65451723126449,56.82079220308207,36.83372502818242,6.095270044760311
snr,1-layer RIS (BMI-adaptive),22.0,10.0,0.0,23.478399595429998,23.325024948045865,0.1533746473841333,93.65451723126449,48.502263296916816,45.15225393434768,3.141020502347756
snr,3-layer SIM (universal),22.0,10.0,0.0,23.478399595429998,6.079197103252626,17.399202492177373,93.65451723126449,56.503510436101095,37.1510067951634,5.211189634916403
snr,3-layer SIM (BMI-adaptive),22.0,10.0,0.0,23.478399595429998,23.506229966620086,0.027830371190088243,93.65451723126449,47.3163322250847,46.33818500617979,6.121680636736756
snr,No intelligent surface,22.0,11.0,0.0,20.192265861387803,-9.680066632685739,29.87233249407354,95.08468847828777,59.95139070067043,35.133297777617344,-7.544168790763013
snr,Digital MVDR array (BMI-adaptive),22.0,11.0,0.0,20.192265861387803,20.11108552385813,0.08118033752967335,95.08468847828777,67.95542973334844,27.129258744939335,6.126852091658586
snr,1-layer RIS (BMI-adaptive),22.0,11.0,0.0,20.192265861387803,20.205051137497122,0.012785276109319454,95.08468847828777,49.039378556519374,46.0453099217684,3.7182868755700955
snr,3-layer SIM (universal),22.0,11.0,0.0,20.192265861387803,6.473921887362023,13.71834397402578,95.08468847828777,57.06422441566142,38.02046406262635,4.715487681584774
snr,3-layer SIM (BMI-adaptive),22.0,11.0,0.0,20.192265861387803,20.46905114386976,0.27678528248195633,95.08468847828777,49.85971797317181,45.22497050511596,6.2371746543467275
snr,No intelligent surface,26.0,0.0,0.0,24.720820243851346,14.023145885664555,10.697674358186791,96.37159845652958,62.09068264080091,34.280915815728676,-8.750312160809514
snr,Digital MVDR array (BMI-adaptive),26.0,0.0,0.0,24.720820243851346,24.815486953139587,0.09466670928824072,96.37159845652958,47.47333825020915,48.89826020632043,6.757288798429363
snr,1-layer RIS (BMI-adaptive),26.0,0.0,0.0,24.720820243851346,24.782250019393647,0.061429775542301,96.37159845652958,58.24943280973323,38.122165646796354,3.7170048738487784
snr,3-layer SIM (universal),26.0,0.0,0.0,24.720820243851346,8.122956044335558,16.59786419951579,96.37159845652958,55.09138270911591,41.28021574741367,5.468994718936634
snr,3-layer SIM (BMI-adaptive),26.0,0.0,0.0,24.720820243851346,24.66636241198662,0.054457831864727524,96.37159845652958,96.39597025525691,0.024371798727329974,6.850851269945284
snr,No intelligent surface,26.0,1.0,0.0,16.466220180238576,16.80150135066195,0.33528117042337513,62.780347228534275,58.70580616005495,4.074541068479327,-8.750456494350635
snr,Digital MVDR array (BMI-adaptive),26.0,1.0,0.0,16.466220180238576,16.188627096229155,0.2775930840094212,62.780347228534275,60.20962860722521,2.5707186213090623,7.372051219009743
snr,1-layer RIS (BMI-adaptive),26.0,1.0,0.0,16.466220180238576,5.037258428837747,11.428961751400829,62.780347228534275,47.539280723676626,15.241066504857649,4.291903254021981
snr,3-layer SIM (universal),26.0,1.0,0.0,16.466220180238576,16.466412659865252,0.0001924796266763451,62.780347228534275,62.40786147526788,0.3724857532663961,7.024583452501997
snr,3-layer SIM (BMI-adaptive),26.0,1.0,0.0,16.466220180238576,16.46146532986296,0.004754850375615405,62.780347228534275,62.57046059431507,0.2098866342192025,7.4431770369385495
snr,No intelligent surface,26.0,2.0,0.0,19.500884301666087,6.814398302070053,12.686485999596034,77.56024129682356,48.01043744229214,29.549803854531426,-8.750433554404287
snr,Digital MVDR array (BMI-adaptive),26.0,2.0,0.0,19.500884301666087,19.369945332387736,0.13093896927835047,77.56024129682356,78.39088921131639,0.8306479144928289,6.974315891589459
snr,1-layer RIS (BMI-adaptive),26.0,2.0,0.0,19.500884301666087,19.447882718389717,0.0530015832763695,77.56024129682356,53.81032021162445,23.749921085199112,4.026222471150271
snr,3-layer SIM (universal),26.0,2.0,0.0,19.500884301666087,5.370863910486501,14.130020391179585,77.56024129682356,69.38095749799011,8.179283798833453,6.04114976259814
snr,3-layer SIM (BMI-adaptive),26.0,2.0,0.0,19.500884301666087,5.311536246827276,14.18934805483881,77.56024129682356,77.68176194172882,0.12152064490526016,7.071342700650161
snr,No intelligent surface,26.0,3.0,0.0,21.9754742805541,13.37440449960099,8.60106978095311,80.60130872337508,47.73968650673312,32.86162221664196,-8.749550015736375
snr,Digital MVDR array (BMI-adaptive),26.0,3.0,0.0,21.9754742805541,22.0172967509301,0.041822470376001064,80.60130872337508,66.10614441091454,14.495164312460545,7.458036093069066
snr,1-layer RIS (BMI-adaptive),26.0,3.0,0.0,21.9754742805541,4.700020961837261,17.27545331871684,80.60130872337508,82.75614346926871,2.1548347458936234,3.783012571736124
snr,3-layer SIM (universal),26.0,3.0,0.0,21.9754742805541,22.237148356804063,0.26167407624996386,80.60130872337508,55.53192199579284,25.06938672758224,6.8959856886165
snr,3-layer SIM (BMI-adaptive),26.0,3.0,0.0,21.9754742805541,22.095319892519584,0.11984561196548427,80.60130872337508,53.13414328874725,27.467165434627837,7.375757922709574
snr,No intelligent surface,26.0,4.0,0.0,10.897640954807285,6.011749667910811,4.885891286896474,61.453069925870885,48.418711173297574,13.034358752573311,-8.749550577919859
snr,Digital MVDR array (BMI-adaptive),26.0,4.0,0.0,10.897640954807285,10.174434146303996,0.7232068085032886,61.453069925870885,46.8963107309787,14.556759194892187,7.600530110726972
snr,1-layer RIS (BMI-adaptive),26.0,4.0,0.0,10.897640954807285,10.444477339282297,0.4531636155249874,61.453069925870885,52.05351413326345,9.399555792607437,3.9663080156727086
snr,3-layer SIM (universal),26.0,4.0,0.0,10.897640954807285,10.59532876545013,0.30231218935715454,61.453069925870885,50.16679278066576,11.286277145205126,7.03156910388718
snr,3-layer SIM (BMI-adaptive),26.0,4.0,0.0,10.897640954807285,10.806956844339416,0.09068411046786906,61.453069925870885,47.71657220372695,13.736497722143937,7.546684073092096
snr,No intelligent surface,26.0,5.0,0.0,16.659251638236896,8.96678218415547,7.692469454081426,63.08002519522724,62.92125062021328,0.15877457501396464,-8.749821482646482
snr,Digital MVDR array (BMI-adaptive),26.0,5.0,0.0,16.659251638236896,16.472161887236474,0.18708975100042124,63.08002519522724,53.42933013651889,9.65069505870835,7.715537617061053
snr,1-layer RIS (BMI-adaptive),26.0,5.0,0.0,16.659251638236896,16.54196079552426,0.11729084271263446,63.08002519522724,50.75096433447136,12.329060860755881,4.275520504109545
snr,3-layer SIM (universal),26.0,5.0,0.0,16.659251638236896,16.952375660596314,0.29312402235941803,63.08002519522724,48.85822217665876,14.221803018568487,7.245628843674188
snr,3-layer SIM (BMI-adaptive),26.0,5.0,0.0,16.659251638236896,16.83220822549083,0.17295658725393537,63.08002519522724,47.78192341300435,15.298101782222894,7.719095514394882
snr,No intelligent surface,26.0,6.0,0.0,19.9095633756009,6.37992797718671,13.52963539841419,93.60344553620499,57.76509420022216,35.83835133598283,-8.749483705390931
snr,Digital MVDR array (BMI-adaptive),26.0,6.0,0.0,19.9095633756009,19.882529438671344,0.02703393692955558,93.60344553620499,93.66186886792796,0.05842333172297742,7.403530153263144
snr,1-layer RIS (BMI-adaptive),26.0,6.0,0.0,19.9095633756009,5.212693393158892,14.696869982442008,93.60344553620499,55.14420997051912,38.459235565685866,3.707940845078938
snr,3-layer SIM (universal),26.0,6.0,0.0,19.9095633756009,19.830462805637325,0.0791005699635754,93.60344553620499,48.68706586578444,44.91637967042055,6.716218982253407
snr,3-layer SIM (BMI-adaptive),26.0,6.0,0.0,19.9095633756009,19.864611271379868,0.04495210422103213,93.60344553620499,51.32316668504348,42.280278851161505,7.3327845890720305
snr,No intelligent surface,26.0,7.0,0.0,11.413219933126477,9.315485109553984,2.097734823572493,80.3129795797326,62.03736482851325,18.27561475121935,-8.75006178965387
snr,Digital MVDR array (BMI-adaptive),26.0,7.0,0.0,11.413219933126477,11.477095481905193,0.06387554877871615,80.3129795797326,80.21293117996788,0.10004839976471658,7.661214355275638
snr,1-layer RIS (BMI-adaptive),26.0,7.0,0.0,11.413219933126477,11.35578389419071,0.05743603893576754,80.3129795797326,59.412423419488206,20.900556160244392,4.285909197026369
snr,3-layer SIM (universal),26.0,7.0,0.0,11.413219933126477,11.34421128986311,0.06900864326336809,80.3129795797326,63.28783651886626,17.02514306086634,7.350464633807339
snr,3-layer SIM (BMI-adaptive),26.0,7.0,0.0,11.413219933126477,11.235270195696385,0.17794973743009201,80.3129795797326,87.95122923796721,7.6382496582346135,7.676072805700262
snr,No intelligent surface,26.0,8.0,0.0,11.889314337712516,22.84869271679038,10.959378379077865,94.97892050426755,48.9113933967635,46.06752710750405,-8.75023699824287
snr,Digital MVDR array (BMI-adaptive),26.0,8.0,0.0,11.889314337712516,11.799114988560579,0.09019934915193772,94.97892050426755,94.99561630264728,0.0166957983797289,7.56711304680084
snr,1-layer RIS (BMI-adaptive),26.0,8.0,0.0,11.889314337712516,11.603867967644192,0.28544637006832474,94.97892050426755,50.579701635087,44.39921886918055,4.318573864188585
snr,3-layer SIM (universal),26.0,8.0,0.0,11.889314337712516,11.36907017769021,0.5202441600223064,94.97892050426755,76.00771415526768,18.97120634899987,7.260148196550768
snr,3-layer SIM (BMI-adaptive),26.0,8.0,0.0,11.889314337712516,11.62743503382278,0.2618793038897369,94.97892050426755,75.70337446133159,19.275546042935957,7.6090709662842855
snr,No intelligent surface,26.0,9.0,0.0,18.84506709966394,6.688114222966075,12.156952876697865,92.70595882541659,47.77658233617833,44.92937648923826,-8.749547782134426
snr,Digital MVDR array (BMI-adaptive),26.0,9.0,0.0,18.84506709966394,7.924869629034863,10.920197470629077,92.70595882541659,71.21711933522354,21.488839490193044,7.601167256301151
snr,1-layer RIS (BMI-adaptive),26.0,9.0,0.0,18.84506709966394,18.737480550930123,0.10758654873381701,92.70595882541659,55.018245033670105,37.68771379174648,3.9785404487076574
snr,3-layer SIM (universal),26.0,9.0,0.0,18.84506709966394,18.30858089469765,0.5364862049662911,92.70595882541659,51.009503899652685,41.6964549257639,7.000088736919937
snr,3-layer SIM (BMI-adaptive),26.0,9.0,0.0,18.84506709966394,18.77774363489111,0.06732346477283002,92.70595882541659,66.1281380785415,26.57782074687509,7.555044918614671
snr,No intelligent surface,26.0,10.0,0.0,21.77645028011807,21.16163013963472,0.6148201404833493,73.60266599352262,51.12085432701955,22.48181166650307,-8.749701824250671
snr,Digital MVDR array (BMI-adaptive),26.0,10.0,0.0,21.77645028011807,21.701493840023808,0.07495644009426172,73.60266599352262,73.93133394514888,0.32866795162625806,7.4576199867738735
snr,1-layer RIS (BMI-adaptive),26.0,10.0,0.0,21.77645028011807,21.656342449433335,0.1201078306847343,73.60266599352262,60.82005931652368,12.782606676998938,3.9814380657639776
snr,3-layer SIM (universal),26.0,10.0,0.0,21.77645028011807,21.625448561562976,0.1510017185550936,73.60266599352262,73.52906432637033,0.073601667152289,6.669697081390604
snr,3-layer SIM (BMI-adaptive),26.0,10.0,0.0,21.77645028011807,21.729645148394354,0.046805131723715476,73.60266599352262,73.91004554526792,0.3073795517452993,7.459659836649582
snr,No intelligent surface,26.0,11.0,0.0,21.327750517152307,12.177026517251264,9.150723999901043,65.36584107349914,48.21282328810309,17.153017785396052,-8.74984958633403
snr,Digital MVDR array (BMI-adaptive),26.0,11.0,0.0,21.327750517152307,21.34437523076222,0.016624713609914465,65.36584107349914,65.17269359949707,0.19314747400207466,7.072922454336673
snr,1-layer RIS (BMI-adaptive),26.0,11.0,0.0,21.327750517152307,21.466587172478825,0.1388366553265179,65.36584107349914,59.23854778547042,6.127293288028717,3.6734009332363855
snr,3-layer SIM (universal),26.0,11.0,0.0,21.327750517152307,21.308200998865402,0.019549518286904544,65.36584107349914,66.34048807849716,0.9746470049980189,5.985709937967698
snr,3-layer SIM (BMI-adaptive),26.0,11.0,0.0,21.327750517152307,21.402425079611014,0.07467456245870707,65.36584107349914,65.94904580048984,0.5832047269907008,7.09982878769415
snr,No intelligent surface,30.0,0.0,0.0,16.84415567777948,4.943970779683519,11.900184898095961,94.2171413442716,66.57739331964976,27.639748024621838,-10.077108324076555
snr,Digital MVDR array (BMI-adaptive),30.0,0.0,0.0,16.84415567777948,16.798241657270605,0.04591402050887439,94.2171413442716,93.86891087735665,0.3482304669149414,9.903840652328196
snr,1-layer RIS (BMI-adaptive),30.0,0.0,0.0,16.84415567777948,16.638267819148577,0.2058878586309021,94.2171413442716,93.93032614089775,0.28681520337384825,6.04417612091148
snr,3-layer SIM (universal),30.0,0.0,0.0,16.84415567777948,16.80449191125695,0.0396637665225299,94.2171413442716,94.07231251054388,0.14482883372771482,9.511235904076681
snr,3-layer SIM (BMI-adaptive),30.0,0.0,0.0,16.84415567777948,16.73752285148217,0.10663282629731086,94.2171413442716,93.81372293699182,0.40341840727977285,9.883973944240822
snr,No intelligent surface,30.0,1.0,0.0,21.61306678325824,7.552214857811597,14.060851925446643,87.84696695972445,62.22150102012791,25.625465939596545,-10.076626437428713
snr,Digital MVDR array (BMI-adaptive),30.0,1.0,0.0,21.61306678325824,21.568572689789487,0.04449409346875299,87.84696695972445,88.49941770538578,0.6524507456613264,9.397217866579766
snr,1-layer RIS (BMI-adaptive),30.0,1.0,0.0,21.61306678325824,21.547174228634923,0.06589255462331778,87.84696695972445,89.55657221625461,1.7096052565301534,5.486923978969994
snr,3-layer SIM (universal),30.0,1.0,0.0,21.61306678325824,21.606041775002346,0.0070250082558942495,87.84696695972445,87.63063230142218,0.21633465830227294,9.25072635498011
snr,3-layer SIM (BMI-adaptive),30.0,1.0,0.0,21.61306678325824,21.681972248561586,0.06890546530334518,87.84696695972445,88.11960086314667,0.2726339034222178,9.513371801602515
snr,No intelligent surface,30.0,2.0,0.0,15.330478729671364,7.59817445642346,7.732304273247904,82.80637557897062,53.32171998096994,29.48465559800068,-10.076993998279232
snr,Digital MVDR array (BMI-adaptive),30.0,2.0,0.0,15.330478729671364,15.264914537435889,0.06556419223547572,82.80637557897062,82.6188525700146,0.18752300895602048,9.775934733823417
snr,1-layer RIS (BMI-adaptive),30.0,2.0,0.0,15.330478729671364,15.33681118168601,0.006332452014644829,82.80637557897062,65.166787871411,17.639587707559613,5.925226070929096
snr,3-layer SIM (universal),30.0,2.0,0.0,15.330478729671364,15.248483494244297,0.08199523542706721,82.80637557897062,82.6718770847055,0.13449849426511662,9.434918667124636
snr,3-layer SIM (BMI-adaptive),30.0,2.0,0.0,15.330478729671364,15.377652789609982,0.047174059938617674,82.80637557897062,49.65497792686344,33.15139765210718,9.785947605208303
snr,No intelligent surface,30.0,3.0,0.0,13.29735475834486,15.980419952672971,2.683065194328112,57.90371736124424,50.220257538221915,7.683459823022325,-10.07708350138974
snr,Digital MVDR array (BMI-adaptive),30.0,3.0,0.0,13.29735475834486,13.160891023542025,0.13646373480283458,57.90371736124424,57.2880697988491,0.6156475623951394,9.968684446755514
snr,1-layer RIS (BMI-adaptive),30.0,3.0,0.0,13.29735475834486,13.128394904339526,0.1689598540053332,57.90371736124424,72.95179833940512,15.048080978160876,6.08555657511303
snr,3-layer SIM (universal),30.0,3.0,0.0,13.29735475834486,13.249225635125956,0.04812912321890295,57.90371736124424,57.904851185188214,0.0011338239439737663,9.58090354539419
snr,3-layer SIM (BMI-adaptive),30.0,3.0,0.0,13.29735475834486,13.254174094376094,0.04318066396876574,57.90371736124424,57.8266369530225,0.07708040822173956,9.949017770020575
snr,No intelligent surface,30.0,4.0,0.0,20.013798243694033,7.466574667150535,12.547223576543498,91.7456370894934,53.37283403841992,38.37280305107348,-10.077331164968971
snr,Digital MVDR array (BMI-adaptive),30.0,4.0,0.0,20.013798243694033,19.78330123849525,0.23049700519878513,91.7456370894934,91.66444085074275,0.08119623875064974,10.092092582953601
snr,1-layer RIS (BMI-adaptive),30.0,4.0,0.0,20.013798243694033,19.62079771822429,0.39300052546974484,91.7456370894934,66.9180220421656,24.827615047327797,6.205823255550962
snr,3-layer SIM (universal),30.0,4.0,0.0,20.013798243694033,19.909671886712758,0.10412635698127559,91.7456370894934,92.02444022550621,0.2788031360128116,9.618499091245859
snr,3-layer SIM (BMI-adaptive),30.0,4.0,0.0,20.013798243694033,19.906622269400835,0.1071759742931988,91.7456370894934,92.0572536811126,0.31161659161919886,10.022922546209735
snr,No intelligent surface,30.0,5.0,0.0,21.9885398781548,13.14652732893731,8.84201254921749,61.60100952690211,53.20509164292691,8.395917883975201,-10.076957941240043
snr,Digital MVDR array (BMI-adaptive),30.0,5.0,0.0,21.9885398781548,21.95357651199509,0.03496336615970819,61.60100952690211,61.9088274632251,0.3078179363229907,9.871139832522289
snr,1-layer RIS (BMI-adaptive),30.0,5.0,0.0,21.9885398781548,21.935953245739334,0.05258663241546557,61.60100952690211,51.64286854071833,9.958140986183778,5.987498532358354
snr,3-layer SIM (universal),30.0,5.0,0.0,21.9885398781548,21.80585989503007,0.18267998312472855,61.60100952690211,62.22919233943618,0.6281828125340709,9.535765149709945
snr,3-layer SIM (BMI-adaptive),30.0,5.0,0.0,21.9885398781548,21.924982430084565,0.06355744807023456,61.60100952690211,61.5655851083499,0.03542441855221057,9.880823504526168
snr,No intelligent surface,30.0,6.0,0.0,17.574549004555386,5.869725657833036,11.70482334672235,62.007927618075406,50.84463092543567,11.163296692639733,-10.07685442325527
snr,Digital MVDR array (BMI-adaptive),30.0,6.0,0.0,17.574549004555386,17.524567760631985,0.04998124392340131,62.007927618075406,61.76616521975919,0.2417623983162187,9.900045823078347
snr,1-layer RIS (BMI-adaptive),30.0,6.0,0.0,17.574549004555386,17.599307044494548,0.02475803993916159,62.007927618075406,49.77011808320502,12.237809534870387,5.978209980456427
snr,3-layer SIM (universal),30.0,6.0,0.0,17.574549004555386,17.52617030758211,0.0483786969732769,62.007927618075406,61.71792900621162,0.28999861186378695,9.60127052785727
snr,3-layer SIM (BMI-adaptive),30.0,6.0,0.0,17.574549004555386,17.531766851933117,0.042782152622269365,62.007927618075406,61.718489512591376,0.2894381054840309,9.927952412087194
snr,No intelligent surface,30.0,7.0,0.0,24.698024049016237,7.716076207446838,16.9819478415694,72.43320520435778,59.10332419837107,13.329881005986707,-10.076682784938773
snr,Digital MVDR array (BMI-adaptive),30.0,7.0,0.0,24.698024049016237,24.72648593116618,0.028461882149944273,72.43320520435778,71.40517540415654,1.0280298002012387,9.352184995718554
snr,1-layer RIS (BMI-adaptive),30.0,7.0,0.0,24.698024049016237,24.729705578025538,0.0316815290093011,72.43320520435778,57.04522691116463,15.387978293193143,5.485779659319246
snr,3-layer SIM (universal),30.0,7.0,0.0,24.698024049016237,24.646215698470485,0.051808350545751836,72.43320520435778,72.11909240070625,0.3141128036515255,9.188624525792076
snr,3-layer SIM (BMI-adaptive),30.0,7.0,0.0,24.698024049016237,24.649198009698956,0.048826039317280134,72.43320520435778,72.04063321936839,0.39257198498938806,9.457447435618192
snr,No intelligent surface,30.0,8.0,0.0,10.992311516223731,6.741452313861234,4.250859202362498,98.53897271435083,56.790577299508904,41.74839541484193,-10.077395331895394
snr,Digital MVDR array (BMI-adaptive),30.0,8.0,0.0,10.992311516223731,10.848796026003686,0.14351549022004484,98.53897271435083,98.22873719400586,0.3102355203449747,10.259273954787634
snr,1-layer RIS (BMI-adaptive),30.0,8.0,0.0,10.992311516223731,11.06185076820587,0.06953925198213895,98.53897271435083,59.16222979248826,39.37674292186257,6.301995841111998
snr,3-layer SIM (universal),30.0,8.0,0.0,10.992311516223731,11.068577729145312,0.0762662129215812,98.53897271435083,47.45247394534475,51.086498769006084,9.771363073995548
snr,3-layer SIM (BMI-adaptive),30.0,8.0,0.0,10.992311516223731,10.960572395271862,0.03173912095186893,98.53897271435083,98.13041929956205,0.40855341478878415,10.178389333377659
snr,No intelligent surface,30.0,9.0,0.0,21.475718628197832,11.97326472008674,9.502453908111091,85.63302431647399,54.87147616839751,30.761548148076486,-10.077074778878409
snr,Digital MVDR array (BMI-adaptive),30.0,9.0,0.0,21.475718628197832,21.42184332890094,0.053875299296890944,85.63302431647399,85.7710860021252,0.13806168565120913,10.115685144360144
snr,1-layer RIS (BMI-adaptive),30.0,9.0,0.0,21.475718628197832,21.448872057152702,0.02684657104513022,85.63302431647399,44.93102725399519,40.7019970624788,6.181298281178396
snr,3-layer SIM (universal),30.0,9.0,0.0,21.475718628197832,21.413478735493648,0.062239892704184285,85.63302431647399,85.67665008802591,0.04362577155191616,9.723716622638655
snr,3-layer SIM (BMI-adaptive),30.0,9.0,0.0,21.475718628197832,21.440961542971205,0.03475708522662657,85.63302431647399,85.48936215230128,0.14366216417271005,10.090279371401106
snr,No intelligent surface,30.0,10.0,0.0,11.152323307462222,4.30361955646281,6.8487037509994115,75.22526071334494,54.1954880758281,21.029772637516835,-10.077028197529234
snr,Digital MVDR array (BMI-adaptive),30.0,10.0,0.0,11.152323307462222,11.067837439203462,0.08448586825875992,75.22526071334494,75.21819569275081,0.007065020594126281,9.429792722959187
snr,1-layer RIS (BMI-adaptive),30.0,10.0,0.0,11.152323307462222,7.376812087293864,3.775511220168358,75.22526071334494,75.16748020236595,0.0577805109789864,5.660397503628819
snr,3-layer SIM (universal),30.0,10.0,0.0,11.152323307462222,10.714068633905834,0.43825467355638814,75.22526071334494,76.59699761359295,1.3717369002480098,9.107807653352435
snr,3-layer SIM (BMI-adaptive),30.0,10.0,0.0,11.152323307462222,10.95129384486556,0.20102946259666155,75.22526071334494,76.92892473663957,1.7036640232946354,9.46294257491063
snr,No intelligent surface,30.0,11.0,0.0,14.258152188910527,6.742761429674072,7.515390759236455,63.29960921526044,62.93683684392423,0.3627723713362059,-10.076961627963225
snr,Digital MVDR array (BMI-adaptive),30.0,11.0,0.0,14.258152188910527,14.230904738134312,0.027247450776215487,63.29960921526044,63.13286062329217,0.16674859196827185,10.164105758744544
snr,1-layer RIS (BMI-adaptive),30.0,11.0,0.0,14.258152188910527,13.885381563350771,0.37277062555975604,63.29960921526044,63.22481485789985,0.07479435736058804,6.140744144277727
snr,3-layer SIM (universal),30.0,11.0,0.0,14.258152188910527,14.223278433187344,0.03487375572318285,63.29960921526044,63.21936428494694,0.08024493031349778,9.815522335679356
snr,3-layer SIM (BMI-adaptive),30.0,11.0,0.0,14.258152188910527,14.387281936581036,0.12912974767050933,63.29960921526044,62.94377842345107,0.3558307918093675,10.171522927044045
snr,No intelligent surface,34.0,0.0,0.0,21.380196459647138,8.480694906792962,12.899501552854176,89.08863598386797,102.33208748049802,13.243451496630044,-11.663738773147678
snr,Digital MVDR array (BMI-adaptive),34.0,0.0,0.0,21.380196459647138,21.34143358643686,0.038762873210277604,89.08863598386797,88.80863473648279,0.2800012473851865,11.660473550971604
snr,1-layer RIS (BMI-adaptive),34.0,0.0,0.0,21.380196459647138,21.378865619156617,0.0013308404905210125,89.08863598386797,89.00177209854708,0.08686388532089495,7.549845780558584
snr,3-layer SIM (universal),34.0,0.0,0.0,21.380196459647138,21.332890988384428,0.04730547126271034,89.08863598386797,88.85383332145474,0.23480266241323022,11.139806298083545
snr,3-layer SIM (BMI-adaptive),34.0,0.0,0.0,21.380196459647138,21.325220945792108,0.0549755138550303,89.08863598386797,88.91671216010928,0.1719238237586893,11.609549332168111
snr,No intelligent surface,34.0,1.0,0.0,22.66558114417442,6.304233056481691,16.36134808769273,60.86433451203807,50.51244760927232,10.351886902765749,-11.663797886728592
snr,Digital MVDR array (BMI-adaptive),34.0,1.0,0.0,22.66558114417442,22.611440579809404,0.05414056436501724,60.86433451203807,61.02153613752631,0.15720162548824135,11.480028450290972
snr,1-layer RIS (BMI-adaptive),34.0,1.0,0.0,22.66558114417442,22.621441618970696,0.04413952520372533,60.86433451203807,61.07520122567534,0.21086671363727305,7.439490305052666
snr,3-layer SIM (universal),34.0,1.0,0.0,22.66558114417442,22.619713481839582,0.045867662334838855,60.86433451203807,61.024249465345,0.15991495330693084,10.95755654971789
snr,3-layer SIM (BMI-adaptive),34.0,1.0,0.0,22.66558114417442,22.62114697405114,0.04443417012328155,60.86433451203807,60.87398129420698,0.009646782168907464,11.444239002112585
snr,No intelligent surface,34.0,2.0,0.0,14.276776286333686,7.115554733355935,7.161221552977751,76.24206273584393,53.69639851505964,22.54566422078429,-11.663710264380944
snr,Digital MVDR array (BMI-adaptive),34.0,2.0,0.0,14.276776286333686,14.219279718116168,0.05749656821751792,76.24206273584393,76.20675930177073,0.03530343407319947,11.530267158794407
snr,1-layer RIS (BMI-adaptive),34.0,2.0,0.0,14.276776286333686,14.212380289807397,0.06439599652628836,76.24206273584393,75.9047622440373,0.33730049180663,7.4225449127641845
snr,3-layer SIM (universal),34.0,2.0,0.0,14.276776286333686,14.222907976775781,0.053868309557904226,76.24206273584393,76.30855196112728,0.06648922528334822,11.04327215625725
snr,3-layer SIM (BMI-adaptive),34.0,2.0,0.0,14.276776286333686,14.222536799012607,0.05423948732107853,76.24206273584393,76.33113504614894,0.0890723103050135,11.471868109291615
snr,No intelligent surface,34.0,3.0,0.0,23.27747194651736,8.827137948614451,14.450333997902908,83.579240934273,50.17597850707231,33.403262427200694,-11.66367298851642
snr,Digital MVDR array (BMI-adaptive),34.0,3.0,0.0,23.27747194651736,23.115419998684104,0.16205194783325538,83.579240934273,82.78258924861396,0.7966516856590431,10.873771123924648
snr,1-layer RIS (BMI-adaptive),34.0,3.0,0.0,23.27747194651736,23.226496497616036,0.05097544890132255,83.579240934273,83.03210215467156,0.5471387796014398,7.202773631183654
snr,3-layer SIM (universal),34.0,3.0,0.0,23.27747194651736,23.241735476961455,0.03573646955590348,83.579240934273,83.41519606332633,0.1640448709466682,9.980037063403786
snr,3-layer SIM (BMI-adaptive),34.0,3.0,0.0,23.27747194651736,23.23701375581732,0.040458190700039864,83.579240934273,83.4423660754311,0.13687485884190664,10.95318608767296
snr,No intelligent surface,34.0,4.0,0.0,11.173151093022016,3.6077581681294064,7.56539292489261,68.65858016179155,49.70048445532976,18.95809570646179,-11.66386009486998
snr,Digital MVDR array (BMI-adaptive),34.0,4.0,0.0,11.173151093022016,11.132932803079662,0.04021828994235399,68.65858016179155,68.69589869409356,0.037318532302009544,11.426745820156324
snr,1-layer RIS (BMI-adaptive),34.0,4.0,0.0,11.173151093022016,11.183971184613629,0.010820091591613235,68.65858016179155,68.89856420175742,0.2399840399658757,7.485347964187319
snr,3-layer SIM (universal),34.0,4.0,0.0,11.173151093022016,11.135586235171084,0.03756485785093133,68.65858016179155,68.53540581994449,0.12317434184706144,10.809486483262772
snr,3-layer SIM (BMI-adaptive),34.0,4.0,0.0,11.173151093022016,11.127177574838534,0.04597351818348194,68.65858016179155,68.64033321134693,0.018246950444620325,11.427853477072475
snr,No intelligent surface,34.0,5.0,0.0,21.35785056295159,6.284007122307616,15.073843440643973,76.85368798339834,66.91989663459177,9.93379134880658,-11.663803092618775
snr,Digital MVDR array (BMI-adaptive),34.0,5.0,0.0,21.35785056295159,21.304143801254448,0.053706761697142724,76.85368798339834,76.92443434738797,0.07074636398962753,11.49027975212363
snr,1-layer RIS (BMI-adaptive),34.0,5.0,0.0,21.35785056295159,21.21824445419718,0.13960610875441049,76.85368798339834,77.06345132112617,0.2097633377278214,7.599627698626725
snr,3-layer SIM (universal),34.0,5.0,0.0,21.35785056295159,21.313419217870074,0.04443134508151658,76.85368798339834,76.78272037919247,0.070967604205876,10.734919133943595
snr,3-layer SIM (BMI-adaptive),34.0,5.0,0.0,21.35785056295159,21.308248631093605,0.04960193185798545,76.85368798339834,76.82391306107465,0.029774922323696273,11.523549474262687
snr,No intelligent surface,34.0,6.0,0.0,18.52774769659098,7.892564828974392,10.635182867616585,74.74761751222518,74.61320118950617,0.13441632271900517,-11.663850237209958
snr,Digital MVDR array (BMI-adaptive),34.0,6.0,0.0,18.52774769659098,18.47644636397314,0.051301332617839535,74.74761751222518,74.6757126682096,0.0719048440155774,11.489579712133473
snr,1-layer RIS (BMI-adaptive),34.0,6.0,0.0,18.52774769659098,18.409375693998058,0.11837200259292047,74.74761751222518,74.23584970952167,0.5117678027035026,7.506960645293734
snr,3-layer SIM (universal),34.0,6.0,0.0,18.52774769659098,18.488463070486734,0.039284626104244325,74.74761751222518,75.03726368721193,0.28964617498675693,10.9029230682073
snr,3-layer SIM (BMI-adaptive),34.0,6.0,0.0,18.52774769659098,18.493303319718855,0.03444437687212343,74.74761751222518,74.95061957123673,0.20300205901155266,11.47822535935777
snr,No intelligent surface,34.0,7.0,0.0,23.26742192578472,5.420690518076663,17.846731407708056,70.22662092407928,80.377492837693,10.150871913613713,-11.663752010905027
snr,Digital MVDR array (BMI-adaptive),34.0,7.0,0.0,23.26742192578472,23.228782164037096,0.038639761747624846,70.22662092407928,70.5093000001614,0.2826790760821183,11.321902639689496
snr,1-layer RIS (BMI-adaptive),34.0,7.0,0.0,23.26742192578472,23.32054912925062,0.053127203465898276,70.22662092407928,69.9777020284988,0.24891889558048774,7.501561220775194
snr,3-layer SIM (universal),34.0,7.0,0.0,23.26742192578472,23.239071025775967,0.0283509000087534,70.22662092407928,70.20884191416263,0.01777900991665149,10.500848333878423
snr,3-layer SIM (BMI-adaptive),34.0,7.0,0.0,23.26742192578472,23.235551055809868,0.03187086997485267,70.22662092407928,70.1657359155817,0.0608850084975785,11.37473695853362
snr,No intelligent surface,34.0,8.0,0.0,12.462229058717634,5.955017121579537,6.507211937138097,59.82248683435877,50.15414201781795,9.668344816540824,-11.66384547704893
snr,Digital MVDR array (BMI-adaptive),34.0,8.0,0.0,12.462229058717634,12.418093699352617,0.04413535936501667,59.82248683435877,60.058689935131476,0.23620310077270545,11.498920649152263
snr,1-layer RIS (BMI-adaptive),34.0,8.0,0.0,12.462229058717634,12.424969300204955,0.03725975851267904,59.82248683435877,59.90922902328852,0.0867421889297475,7.576611317579115
snr,3-layer SIM (universal),34.0,8.0,0.0,12.462229058717634,12.421630762855502,0.04059829586213226,59.82248683435877,59.65198863648463,0.17049819787413867,10.81273907921949
snr,3-layer SIM (BMI-adaptive),34.0,8.0,0.0,12.462229058717634,12.420086007400352,0.04214305131728224,59.82248683435877,59.50908498301604,0.31340185134273213,11.516046943560594
snr,No intelligent surface,34.0,9.0,0.0,22.27014682176632,4.629111504389756,17.641035317376566,96.54248119763331,61.007150727224385,35.53533047040892,-11.66382900364457
snr,Digital MVDR array (BMI-adaptive),34.0,9.0,0.0,22.27014682176632,22.230504614720186,0.039642207046135525,96.54248119763331,96.84084691507996,0.2983657174466572,11.619300735982716
snr,1-layer RIS (BMI-adaptive),34.0,9.0,0.0,22.27014682176632,22.129188922426458,0.14095789933986325,96.54248119763331,97.40293954425601,0.8604583466227069,7.664587071339788
snr,3-layer SIM (universal),34.0,9.0,0.0,22.27014682176632,22.22210867570637,0.048038146059951714,96.54248119763331,96.87903942635064,0.33655822871733676,10.923387851113837
snr,3-layer SIM (BMI-adaptive),34.0,9.0,0.0,22.27014682176632,22.214692236724268,0.05545458504205314,96.54248119763331,96.63783026050112,0.09534906286781109,11.63296638337716
snr,No intelligent surface,34.0,10.0,0.0,18.926979110100177,7.03176861104353,11.895210499056647,94.16461448774389,47.579678871582125,46.584935616161765,-11.663821274641304
snr,Digital MVDR array (BMI-adaptive),34.0,10.0,0.0,18.926979110100177,18.8735684961952,0.053410613904976145,94.16461448774389,94.36624825001178,0.20163376226788898,11.477078339712461
snr,1-layer RIS (BMI-adaptive),34.0,10.0,0.0,18.926979110100177,18.901332307066625,0.0256468030335526,94.16461448774389,52.655662170614185,41.508952317129705,7.581960583253382
snr,3-layer SIM (universal),34.0,10.0,0.0,18.926979110100177,18.86271419954052,0.06426491055965755,94.16461448774389,94.36014623667967,0.19553174893577818,10.744567624558996
snr,3-layer SIM (BMI-adaptive),34.0,10.0,0.0,18.926979110100177,18.867030720750073,0.05994838935010449,94.16461448774389,94.25255728662029,0.08794279887639789,11.506030839252336
snr,No intelligent surface,34.0,11.0,0.0,24.911978796835072,5.482467493542093,19.42951130329298,63.211886976410895,45.674713027941216,17.53717394846968,-11.663814687423564
snr,Digital MVDR array (BMI-adaptive),34.0,11.0,0.0,24.911978796835072,24.87506188956976,0.036916907265311494,63.211886976410895,63.537115186698585,0.32522821028769044,11.597112620886334
snr,1-layer RIS (BMI-adaptive),34.0,11.0,0.0,24.911978796835072,24.77150874024563,0.140470056589443,63.211886976410895,53.45425229602934,9.757634680381557,7.661498055070496
snr,3-layer SIM (universal),34.0,11.0,0.0,24.911978796835072,24.886285937741718,0.02569285909335406,63.211886976410895,63.21167158507261,0.00021539133828696322,10.873172416660061
snr,3-layer SIM (BMI-adaptive),34.0,11.0,0.0,24.911978796835072,24.865959833397955,0.04601896343711687,63.211886976410895,63.12295013931427,0.08893683709662525,11.61841393196921
snr,No intelligent surface,38.0,0.0,0.0,24.289642523995344,3.4535798594302385,20.836062664565105,73.22629987528421,66.67890588813384,6.547393987150372,-13.75645269423555
snr,Digital MVDR array (BMI-adaptive),38.0,0.0,0.0,24.289642523995344,24.24227263140474,0.04736989259060209,73.22629987528421,73.4391144329741,0.21281455768988167,12.334205179335038
snr,1-layer RIS (BMI-adaptive),38.0,0.0,0.0,24.289642523995344,24.210394345328005,0.07924817866733846,73.22629987528421,73.23090809920673,0.004608223922517141,8.21301336394465
snr,3-layer SIM (universal),38.0,0.0,0.0,24.289642523995344,24.235155952163307,0.054486571832036645,73.22629987528421,73.47210277644432,0.24580290116010417,10.567376809894517
snr,3-layer SIM (BMI-adaptive),38.0,0.0,0.0,24.289642523995344,24.23362982316008,0.05601270083526444,73.22629987528421,73.24478221480804,0.018482339523828273,12.218105576762637
snr,No intelligent surface,38.0,1.0,0.0,15.668450347587532,7.318325442717807,8.350124904869725,65.0764778720385,63.09306881243524,1.9834090596032539,-13.758536691322941
snr,Digital MVDR array (BMI-adaptive),38.0,1.0,0.0,15.668450347587532,15.628219336548987,0.04023101103854465,65.0764778720385,65.17327235179486,0.0967944797563689,12.355215431225712
snr,1-layer RIS (BMI-adaptive),38.0,1.0,0.0,15.668450347587532,15.622263651967893,0.04618669561963884,65.0764778720385,65.25847383874427,0.18199596670577023,8.237351148681633
snr,3-layer SIM (universal),38.0,1.0,0.0,15.668450347587532,15.61745385466243,0.05099649292510122,65.0764778720385,65.4129539119354,0.3364760398969082,10.887338528355599
snr,3-layer SIM (BMI-adaptive),38.0,1.0,0.0,15.668450347587532,15.614746233080597,0.05370411450693524,65.0764778720385,65.38017873337276,0.30370086133426355,12.258108556632973
snr,No intelligent surface,38.0,2.0,0.0,16.6628667797777,9.048432902731118,7.614433877046583,84.31216756947916,51.07712433785774,33.23504323162142,-13.760569927995634
snr,Digital MVDR array (BMI-adaptive),38.0,2.0,0.0,16.6628667797777,16.61840736680473,0.044459412972972956,84.31216756947916,84.03492746208013,0.2772401073990238,12.357883477963512
snr,1-layer RIS (BMI-adaptive),38.0,2.0,0.0,16.6628667797777,16.613164634241283,0.049702145536418385,84.31216756947916,83.97355775179034,0.3386098176888197,8.233154623109966
snr,3-layer SIM (universal),38.0,2.0,0.0,16.6628667797777,16.608934263292554,0.05393251648514763,84.31216756947916,84.35009412395354,0.037926554474381646,11.460300072304017
snr,3-layer SIM (BMI-adaptive),38.0,2.0,0.0,16.6628667797777,16.607462551281778,0.055404228495923746,84.31216756947916,84.51042070494152,0.198253135462366,12.335945179366465
snr,No intelligent surface,38.0,3.0,0.0,16.651440553562086,4.282470439464284,12.368970114097802,91.77371960544336,63.69526680137528,28.07845280406808,-13.75996343552748
snr,Digital MVDR array (BMI-adaptive),38.0,3.0,0.0,16.651440553562086,16.607478362649267,0.0439621909128185,91.77371960544336,91.92820801938531,0.154488413941948,12.469421391485486
snr,1-layer RIS (BMI-adaptive),38.0,3.0,0.0,16.651440553562086,16.615895902028072,0.03554465153401409,91.77371960544336,91.85873560248345,0.08501599704008811,8.344892438938427
snr,3-layer SIM (universal),38.0,3.0,0.0,16.651440553562086,16.605521943951953,0.04591860961013339,91.77371960544336,91.80727882262894,0.033559217185583634,11.31070819222648
snr,3-layer SIM (BMI-adaptive),38.0,3.0,0.0,16.651440553562086,16.60263730124685,0.04880325231523486,91.77371960544336,91.774636302273,0.0009166968296341338,12.420299926036385
snr,No intelligent surface,38.0,4.0,0.0,19.08478246260513,4.2772075685843,14.80757489402083,95.27844535949693,64.20138169856168,31.077063660935252,-13.758943258211945
snr,Digital MVDR array (BMI-adaptive),38.0,4.0,0.0,19.08478246260513,19.03438919866966,0.050393263935468724,95.27844535949693,95.58033004744459,0.30188468794766266,12.474219686418005
snr,1-layer RIS (BMI-adaptive),38.0,4.0,0.0,19.08478246260513,19.050940472202917,0.033841990402212474,95.27844535949693,95.54974394848355,0.2712985889866246,8.35159832933934
snr,3-layer SIM (universal),38.0,4.0,0.0,19.08478246260513,19.05701439088418,0.027768071720949195,95.27844535949693,95.3994194212392,0.12097406174227388,11.104146837224587
snr,3-layer SIM (BMI-adaptive),38.0,4.0,0.0,19.08478246260513,19.054171272579524,0.030611190025606305,95.27844535949693,95.302834435942,0.024389076445075375,12.40447783288709
snr,No intelligent surface,38.0,5.0,0.0,21.512272163536263,11.002063666428079,10.510208497108184,72.32559898584572,47.70999235153095,24.615606634314766,-13.759894405859898
snr,Digital MVDR array (BMI-adaptive),38.0,5.0,0.0,21.512272163536263,21.46339805299123,0.04887411054503232,72.32559898584572,72.188668568376,0.13693041746971346,12.477085260763804
snr,1-layer RIS (BMI-adaptive),38.0,5.0,0.0,21.512272163536263,21.453447498101323,0.05882466543494047,72.32559898584572,72.41445105125283,0.0888520654071101,8.35271408691803
snr,3-layer SIM (universal),38.0,5.0,0.0,21.512272163536263,21.456341367308543,0.055930796227720236,72.32559898584572,72.40202351290532,0.07642452705960068,11.303131268500897
snr,3-layer SIM (BMI-adaptive),38.0,5.0,0.0,21.512272163536263,21.457969070020436,0.05430309351582707,72.32559898584572,72.41085398042492,0.08525499457920205,12.427408180118052
snr,No intelligent surface,38.0,6.0,0.0,21.709529199819055,3.9879648065389968,17.721564393280058,74.85564008048979,61.7035470501393,13.152093030350493,-13.760424425764588
snr,Digital MVDR array (BMI-adaptive),38.0,6.0,0.0,21.709529199819055,21.653580535641833,0.05594866417722244,74.85564008048979,74.93881471344523,0.08317463295543348,12.130230165524868
snr,1-layer RIS (BMI-adaptive),38.0,6.0,0.0,21.709529199819055,21.64783329071994,0.06169590909911449,74.85564008048979,74.88851887190702,0.03287879141723238,8.012025301037076
snr,3-layer SIM (universal),38.0,6.0,0.0,21.709529199819055,21.661830870625113,0.0476983291939419,74.85564008048979,74.71440578393255,0.1412342965572435,11.326340657588304
snr,3-layer SIM (BMI-adaptive),38.0,6.0,0.0,21.709529199819055,21.666057564018683,0.04347163580037261,74.85564008048979,74.6993050518079,0.15633502868189453,12.10235147826043
snr,No intelligent surface,38.0,7.0,0.0,16.552056988503708,6.400040625213773,10.152016363289935,94.4504144981174,53.55539967877495,40.89501481934245,-13.75783451978825
snr,Digital MVDR array (BMI-adaptive),38.0,7.0,0.0,16.552056988503708,16.514415977356965,0.0376410111467429,94.4504144981174,94.43967204558841,0.0107424525289872,12.526913014587658
snr,1-layer RIS (BMI-adaptive),38.0,7.0,0.0,16.552056988503708,16.511462186798543,0.04059480170516494,94.4504144981174,94.47163091543884,0.021216417321440417,8.439816276722533
snr,3-layer SIM (universal),38.0,7.0,0.0,16.552056988503708,16.504844565863767,0.047212422639940854,94.4504144981174,94.60470434225141,0.1542898441340128,11.130023016011318
snr,3-layer SIM (BMI-adaptive),38.0,7.0,0.0,16.552056988503708,16.50187596777146,0.050181020732246395,94.4504144981174,94.61519979230513,0.16478529418773746,12.49560953463389
snr,No intelligent surface,38.0,8.0,0.0,13.032572272377104,6.094815841917541,6.937756430459563,59.00393109990667,84.43231768791406,25.428386588007392,-13.757089797969687
snr,Digital MVDR array (BMI-adaptive),38.0,8.0,0.0,13.032572272377104,12.982757228992213,0.049815043384890956,59.00393109990667,59.19031445841586,0.18638335850918963,12.275635528000038
snr,1-layer RIS (BMI-adaptive),38.0,8.0,0.0,13.032572272377104,12.99333188983114,0.03924038254596418,59.00393109990667,59.180764353378535,0.1768332534718624,8.160580253931426
snr,3-layer SIM (universal),38.0,8.0,0.0,13.032572272377104,12.98841308809914,0.04415918427796406,59.00393109990667,59.00776058853619,0.0038294886295204833,10.575103449929234
snr,3-layer SIM (BMI-adaptive),38.0,8.0,0.0,13.032572272377104,12.995004330953458,0.037567941423645834,59.00393109990667,59.051366342739804,0.0474352428331315,12.151678910005385
snr,No intelligent surface,38.0,9.0,0.0,10.99405114919961,12.472863127146747,1.478811977947137,98.71335836592942,49.276664739402506,49.43669362652692,-13.760407169629032
snr,Digital MVDR array (BMI-adaptive),38.0,9.0,0.0,10.99405114919961,10.950354146795314,0.043697002404295304,98.71335836592942,98.79170907460235,0.0783507086729287,12.391948211868424
snr,1-layer RIS (BMI-adaptive),38.0,9.0,0.0,10.99405114919961,10.96284846571218,0.031202683487430605,98.71335836592942,98.57887499816309,0.13448336776633596,8.274791434570293
snr,3-layer SIM (universal),38.0,9.0,0.0,10.99405114919961,10.958608170745736,0.03544297845387412,98.71335836592942,98.4996414218023,0.21371694412712827,11.58180959286356
snr,3-layer SIM (BMI-adaptive),38.0,9.0,0.0,10.99405114919961,10.957614463323788,0.03643668587582205,98.71335836592942,98.43475548386992,0.2786028820595021,12.40081941953533
snr,No intelligent surface,38.0,10.0,0.0,19.858884606129116,12.766112128286156,7.09277247784296,75.00747224794289,50.67053017850031,24.33694206944258,-13.760100536249345
snr,Digital MVDR array (BMI-adaptive),38.0,10.0,0.0,19.858884606129116,19.81474601363923,0.04413859248988672,75.00747224794289,74.82477290742693,0.1826993405159527,12.527042790501914
snr,1-layer RIS (BMI-adaptive),38.0,10.0,0.0,19.858884606129116,19.80720760890637,0.05167699722274577,75.00747224794289,74.55696318603711,0.4505090619057768,8.40636561208082
snr,3-layer SIM (universal),38.0,10.0,0.0,19.858884606129116,19.801714816149726,0.05716978997939037,75.00747224794289,74.87387551714393,0.1335967307989563,11.453730073752748
snr,3-layer SIM (BMI-adaptive),38.0,10.0,0.0,19.858884606129116,19.797894265987818,0.06099034014129856,75.00747224794289,74.9292687563707,0.07820349157218232,12.50280464531129
snr,No intelligent surface,38.0,11.0,0.0,21.61308987132457,7.577411603007556,14.035678268317014,63.705876498424146,61.73124455377848,1.9746319446456653,-13.760427950749623
snr,Digital MVDR array (BMI-adaptive),38.0,11.0,0.0,21.61308987132457,21.57147666229474,0.04161320902982979,63.705876498424146,63.38562992759594,0.3202465708282034,12.463798267315314
snr,1-layer RIS (BMI-adaptive),38.0,11.0,0.0,21.61308987132457,21.568911344206093,0.044178527118475586,63.705876498424146,63.329906403969545,0.37597009445460117,8.339959644169712
snr,3-layer SIM (universal),38.0,11.0,0.0,21.61308987132457,21.572309094059428,0.040780777265140955,63.705876498424146,63.42875361833296,0.27712288009118424,11.486981988510783
snr,3-layer SIM (BMI-adaptive),38.0,11.0,0.0,21.61308987132457,21.565449119052403,0.0476407522721658,63.705876498424146,63.64796326845885,0.05791322996529402,12.443062196787025
snr,No intelligent surface,18.0,0.0,5.0,13.967883734059752,6.6573023462730765,7.310581387786676,68.41090083960857,50.59763427452707,17.813266565081506,-7.598023842764945
snr,Digital MVDR array (BMI-adaptive),18.0,0.0,5.0,13.967883734059752,13.930084236491926,0.037799497567826634,68.41090083960857,68.63207632374478,0.2211754841362108,9.037980515055072
snr,1-layer RIS (BMI-adaptive),18.0,0.0,5.0,13.967883734059752,13.922469588247125,0.04541414581262693,68.41090083960857,68.25951620501708,0.1513846345914942,5.394905198877255
snr,3-layer SIM (universal),18.0,0.0,5.0,13.967883734059752,13.924446742112247,0.04343699194750528,68.41090083960857,68.63173923803065,0.22083839842207453,7.902339122580447
snr,3-layer SIM (BMI-adaptive),18.0,0.0,5.0,13.967883734059752,13.949745954897233,0.018137779162518797,68.41090083960857,68.23253511272085,0.17836572688771923,9.218706536756887
snr,No intelligent surface,18.0,1.0,5.0,18.75874237290061,7.202746504015717,11.555995868884892,93.00198738883023,56.47120621039593,36.5307811784343,-7.597743121222939
snr,Digital MVDR array (BMI-adaptive),18.0,1.0,5.0,18.75874237290061,18.776672792121154,0.01793041922054428,93.00198738883023,92.9061029837082,0.09588440512203533,8.983803672617372
snr,1-layer RIS (BMI-adaptive),18.0,1.0,5.0,18.75874237290061,18.726729027912437,0.03201334498817232,93.00198738883023,93.10519423584444,0.10320684701420646,5.143927369457895
snr,3-layer SIM (universal),18.0,1.0,5.0,18.75874237290061,18.69980523638289,0.058937136517720035,93.00198738883023,92.77861820918376,0.2233691796464683,7.57407593741216
snr,3-layer SIM (BMI-adaptive),18.0,1.0,5.0,18.75874237290061,18.72143025948353,0.037312113417080184,93.00198738883023,93.13135973521905,0.1293723463888199,8.844527053557945
snr,No intelligent surface,18.0,2.0,5.0,16.807991843047045,17.05554249432728,0.24755065128023546,71.24956222474773,49.44010576804009,21.809456456707643,-7.597766486668638
snr,Digital MVDR array (BMI-adaptive),18.0,2.0,5.0,16.807991843047045,16.76686418627467,0.04112765677237462,71.24956222474773,71.30094737499675,0.05138515024901835,8.800194734582059
snr,1-layer RIS (BMI-adaptive),18.0,2.0,5.0,16.807991843047045,16.71609303740542,0.09189880564162323,71.24956222474773,71.62112403849544,0.3715618137477037,5.086697882743603
snr,3-layer SIM (universal),18.0,2.0,5.0,16.807991843047045,16.770267714776864,0.03772412827018101,71.24956222474773,71.01467543553517,0.23488678921256678,7.09666480848038
snr,3-layer SIM (BMI-adaptive),18.0,2.0,5.0,16.807991843047045,16.754016709331726,0.053975133715319146,71.24956222474773,71.24327309798664,0.006289126761089392,8.575886408769515
snr,No intelligent surface,18.0,3.0,5.0,14.550522338076934,13.684651093502978,0.865871244573956,70.72396348346656,47.69568189440519,23.028281589061372,-7.597824418135623
snr,Digital MVDR array (BMI-adaptive),18.0,3.0,5.0,14.550522338076934,14.508255842932385,0.042266495144549054,70.72396348346656,70.72192400006792,0.002039483398647235,9.117824559735778
snr,1-layer RIS (BMI-adaptive),18.0,3.0,5.0,14.550522338076934,14.507217366275116,0.04330497180181858,70.72396348346656,70.85396058614953,0.12999710268296383,5.4328196908147515
snr,3-layer SIM (universal),18.0,3.0,5.0,14.550522338076934,14.51602776515606,0.03449457292087388,70.72396348346656,70.72167622956557,0.002287253900988162,7.668388903904518
snr,3-layer SIM (BMI-adaptive),18.0,3.0,5.0,14.550522338076934,14.497000547496071,0.05352179058086293,70.72396348346656,70.63378948458991,0.09017399887665078,9.077251556628886
snr,No intelligent surface,18.0,4.0,5.0,21.072243560614396,6.421589816155208,14.650653744459188,67.222697276503,65.54630996438704,1.6763873121159634,-7.597774760668898
snr,Digital MVDR array (BMI-adaptive),18.0,4.0,5.0,21.072243560614396,21.02224624352327,0.04999731709112609,67.222697276503,67.27543669516842,0.052739418665424864,8.678035849314291
snr,1-layer RIS (BMI-adaptive),18.0,4.0,5.0,21.072243560614396,20.95481492441767,0.11742863619672761,67.222697276503,67.63412642675064,0.41142915024764193,4.976693152014047
snr,3-layer SIM (universal),18.0,4.0,5.0,21.072243560614396,21.033016658187293,0.03922690242710303,67.222697276503,67.35234138100348,0.12964410450048547,6.899771740797872
snr,3-layer SIM (BMI-adaptive),18.0,4.0,5.0,21.072243560614396,21.032942100498623,0.03930146011577307,67.222697276503,67.33260848380557,0.10991120730257364,8.416630793195123
snr,No intelligent surface,18.0,5.0,5.0,18.309244019288684,3.9020563574285556,14.407187661860128,68.77580637385239,55.72819631259726,13.047610061255128,-7.597951305521624
snr,Digital MVDR array (BMI-adaptive),18.0,5.0,5.0,18.309244019288684,18.260882433941706,0.048361585346977876,68.77580637385239,69.01057132492376,0.2347649510713694,8.857459763535541
snr,1-layer RIS (BMI-adaptive),18.0,5.0,5.0,18.309244019288684,18.247081983703993,0.062162035584691466,68.77580637385239,68.46832461872407,0.30748175512832177,5.38742081923771
snr,3-layer SIM (universal),18.0,5.0,5.0,18.309244019288684,18.26969138667799,0.039552632610693195,68.77580637385239,69.29794085621756,0.5221344823651748,7.210126269036198
snr,3-layer SIM (BMI-adaptive),18.0,5.0,5.0,18.309244019288684,18.258594927707005,0.05064909158167907,68.77580637385239,68.5652516374853,0.21055473636708655,8.835156748861202
snr,No intelligent surface,18.0,6.0,5.0,25.061537171786203,-6.762150279586193,31.823687451372397,63.358069887542904,47.49341735122414,15.864652536318765,-7.5980429172463175
snr,Digital MVDR array (BMI-adaptive),18.0,6.0,5.0,25.061537171786203,25.015699395838944,0.04583777594725902,63.358069887542904,63.56904544419101,0.2109755566481084,9.027264460163952
snr,1-layer RIS (BMI-adaptive),18.0,6.0,5.0,25.061537171786203,25.00453054534629,0.057006626439910946,63.358069887542904,62.81385686105746,0.5442130264854441,5.198199968304752
snr,3-layer SIM (universal),18.0,6.0,5.0,25.061537171786203,25.07704395805135,0.015506786265145678,63.358069887542904,63.31340083156891,0.04466905597399062,8.153188610018052
snr,3-layer SIM (BMI-adaptive),18.0,6.0,5.0,25.061537171786203,25.015480409470673,0.04605676231552991,63.358069887542904,63.091831642261255,0.26623824528164874,9.291146780410246
snr,No intelligent surface,18.0,7.0,5.0,16.60964879989673,5.247194614580904,11.362454185315825,70.42347101545967,49.00400022206675,21.419470793392918,-7.5978102852684675
snr,Digital MVDR array (BMI-adaptive),18.0,7.0,5.0,16.60964879989673,16.563876015620444,0.045772784276284284,70.42347101545967,70.25692274981746,0.1665482656422057,9.191086493695694
snr,1-layer RIS (BMI-adaptive),18.0,7.0,5.0,16.60964879989673,16.570203015322164,0.03944578457456416,70.42347101545967,70.53183490250902,0.10836388704935018,5.445594497253435
snr,3-layer SIM (universal),18.0,7.0,5.0,16.60964879989673,16.56807210924273,0.04157669065399716,70.42347101545967,70.30213815152008,0.12133286393958542,7.8444310951926
snr,3-layer SIM (BMI-adaptive),18.0,7.0,5.0,16.60964879989673,16.56229225560518,0.04735654429154934,70.42347101545967,70.46985212063669,0.04638110517701932,9.177044472741526
snr,No intelligent surface,18.0,8.0,5.0,22.816548305349297,22.63945113199081,0.17709717335848651,88.50372583343945,48.82222423988371,39.68150159355574,-7.598063426325953
snr,Digital MVDR array (BMI-adaptive),18.0,8.0,5.0,22.816548305349297,22.763435553603824,0.053112751745473474,88.50372583343945,88.54294197979486,0.039216146355414594,8.818896914436726
snr,1-layer RIS (BMI-adaptive),18.0,8.0,5.0,22.816548305349297,22.76890506474102,0.04764324060827718,88.50372583343945,88.4036801268791,0.10004570656035128,5.391018262749723
snr,3-layer SIM (universal),18.0,8.0,5.0,22.816548305349297,22.767026388435525,0.049521916913771946,88.50372583343945,88.62775905678123,0.12403322334178313,7.353425370663997
snr,3-layer SIM (BMI-adaptive),18.0,8.0,5.0,22.816548305349297,22.7766067861614,0.03994151918789868,88.50372583343945,88.48326899195105,0.02045684148839655,8.919523657382506
snr,No intelligent surface,18.0,9.0,5.0,19.237609366215413,7.0070936999118265,12.230515666303585,86.19880909504789,58.41337099575889,27.785438099289003,-7.598183097223448
snr,Digital MVDR array (BMI-adaptive),18.0,9.0,5.0,19.237609366215413,19.196423467463802,0.041185898751610495,86.19880909504789,86.10022258849442,0.0985865065534739,8.726274182848266
snr,1-layer RIS (BMI-adaptive),18.0,9.0,5.0,19.237609366215413,19.216961282673566,0.020648083541846773,86.19880909504789,86.1971867803413,0.0016223147065943522,5.273650244578125
snr,3-layer SIM (universal),18.0,9.0,5.0,19.237609366215413,19.16102843052423,0.07658093569118307,86.19880909504789,86.03822811793364,0.16058097711425035,7.51945959581214
snr,3-layer SIM (BMI-adaptive),18.0,9.0,5.0,19.237609366215413,19.213400880321043,0.024208485894369858,86.19880909504789,86.35218549979655,0.15337640474865566,8.9600392782435
snr,No intelligent surface,18.0,10.0,5.0,21.80770401355853,6.96016939136748,14.847534622191052,76.27461545358948,68.92165517358639,7.352960280003089,-7.598234026080224
snr,Digital MVDR array (BMI-adaptive),18.0,10.0,5.0,21.80770401355853,21.76420187067261,0.043502142885920136,76.27461545358948,76.13283465693331,0.14178079665616394,8.534412149321613
snr,1-layer RIS (BMI-adaptive),18.0,10.0,5.0,21.80770401355853,21.679242250936326,0.1284617626222051,76.27461545358948,76.41614337805794,0.14152792446846263,5.249349609740599
snr,3-layer SIM (universal),18.0,10.0,5.0,21.80770401355853,21.76885892131967,0.03884509223886212,76.27461545358948,76.24351222232143,0.031103231268048148,7.106067979814357
snr,3-layer SIM (BMI-adaptive),18.0,10.0,5.0,21.80770401355853,21.76831850702179,0.039385506536742554,76.27461545358948,76.25320383266516,0.021411620924311592,8.730014074282499
snr,No intelligent surface,18.0,11.0,5.0,15.049653222267512,8.276356770771777,6.773296451495735,74.55965557306135,60.94776181075025,13.611893762311098,-7.597747600966194
snr,Digital MVDR array (BMI-adaptive),18.0,11.0,5.0,15.049653222267512,15.007221948747556,0.04243127351995568,74.55965557306135,74.50620395992615,0.053451613135194975,8.786812451561772
snr,1-layer RIS (BMI-adaptive),18.0,11.0,5.0,15.049653222267512,15.149697288515211,0.10004406624769935,74.55965557306135,74.51240716859897,0.04724840446237977,5.020339867120651
snr,3-layer SIM (universal),18.0,11.0,5.0,15.049653222267512,15.009385698489586,0.04026752377792597,74.55965557306135,74.63472524209088,0.07506966902953138,7.136831577018199
snr,3-layer SIM (BMI-adaptive),18.0,11.0,5.0,15.049653222267512,15.002300896473267,0.047352325794244976,74.55965557306135,74.46447575870714,0.09517981435421063,8.547843592908082
snr,No intelligent surface,22.0,0.0,5.0,21.525847358327105,21.530368233731764,0.004520875404658398,75.94645959346165,47.2175967877063,28.728862805755355,-7.543520483880403
snr,Digital MVDR array (BMI-adaptive),22.0,0.0,5.0,21.525847358327105,21.530786799573107,0.004939441246001763,75.94645959346165,75.97343502415953,0.026975430697874003,6.51075400171158
snr,1-layer RIS (BMI-adaptive),22.0,0.0,5.0,21.525847358327105,21.46110614808435,0.06474121024275448,75.94645959346165,53.282887331112136,22.66357226234952,3.6546336083185746
snr,3-layer SIM (universal),22.0,0.0,5.0,21.525847358327105,21.390704193569448,0.13514316475765753,75.94645959346165,84.22427843743021,8.27781884396856,4.876968741363829
snr,3-layer SIM (BMI-adaptive),22.0,0.0,5.0,21.525847358327105,21.478570610609726,0.047276747717379664,75.94645959346165,76.40933063271859,0.46287103925693884,6.402317600988726
snr,No intelligent surface,22.0,1.0,5.0,17.64749957589065,17.929226279279636,0.281726703388987,88.35500924241853,51.984832651791294,36.37017659062724,-7.544124914792344
snr,Digital MVDR array (BMI-adaptive),22.0,1.0,5.0,17.64749957589065,17.604106401378193,0.043393174512456056,88.35500924241853,88.62251321602282,0.2675039736042919,6.151116210044859
snr,1-layer RIS (BMI-adaptive),22.0,1.0,5.0,17.64749957589065,17.600767490874354,0.04673208501629489,88.35500924241853,88.10974438728186,0.24526485513666785,3.6507592699937237
snr,3-layer SIM (universal),22.0,1.0,5.0,17.64749957589065,17.462916793846816,0.18458278204383305,88.35500924241853,70.06595504606844,18.289054196350094,4.981936128322445
snr,3-layer SIM (BMI-adaptive),22.0,1.0,5.0,17.64749957589065,17.603464342084514,0.0440352338061345,88.35500924241853,88.26949357632239,0.0855156660961427,6.297599392694755
snr,No intelligent surface,22.0,2.0,5.0,22.438836454375878,10.323550325559493,12.115286128816384,68.42785318606656,57.61622643580472,10.811626750261837,-7.543713894363734
snr,Digital MVDR array (BMI-adaptive),22.0,2.0,5.0,22.438836454375878,22.41541336799466,0.023423086381217928,68.42785318606656,65.07827176080724,3.3495814252593163,6.538560001881402
snr,1-layer RIS (BMI-adaptive),22.0,2.0,5.0,22.438836454375878,22.483570777821388,0.04473432344551043,68.42785318606656,67.90118211576066,0.5266710703058948,3.8266690207376817
snr,3-layer SIM (universal),22.0,2.0,5.0,22.438836454375878,22.60194146178317,0.1631050074072924,68.42785318606656,64.56990482263907,3.8579483634274823,4.845500444443439
snr,3-layer SIM (BMI-adaptive),22.0,2.0,5.0,22.438836454375878,22.404836806926333,0.03399964744954431,68.42785318606656,68.36692862480933,0.060924561257223786,6.48547983887994
snr,No intelligent surface,22.0,3.0,5.0,14.352633642509986,5.67128072197414,8.681352920535845,69.87929888808534,54.889422027695375,14.98987686038997,-7.543641150006437
snr,Digital MVDR array (BMI-adaptive),22.0,3.0,5.0,14.352633642509986,14.301212545350916,0.05142109715906962,69.87929888808534,70.06635243157017,0.18705354348482217,6.4688019889437545
snr,1-layer RIS (BMI-adaptive),22.0,3.0,5.0,14.352633642509986,14.322211655380636,0.030421987129349404,69.87929888808534,69.59235396767586,0.28694492040948205,3.572267862530642
snr,3-layer SIM (universal),22.0,3.0,5.0,14.352633642509986,14.207174207051795,0.14545943545819107,69.87929888808534,50.146840741193124,19.73245814689222,5.484983301566679
snr,3-layer SIM (BMI-adaptive),22.0,3.0,5.0,14.352633642509986,14.308939158343849,0.04369448416613686,69.87929888808534,69.97046383712514,0.09116494903979344,6.540316376298518
snr,No intelligent surface,22.0,4.0,5.0,18.20925045878519,18.01734499022828,0.19190546855690727,68.13448790251381,52.52308995661583,15.611397945897984,-7.54436232226987
snr,Digital MVDR array (BMI-adaptive),22.0,4.0,5.0,18.20925045878519,18.170758371864434,0.03849208692075479,68.13448790251381,46.90719146672572,21.22729643578809,5.907662417615769
snr,1-layer RIS (BMI-adaptive),22.0,4.0,5.0,18.20925045878519,18.155646709115583,0.05360374966960535,68.13448790251381,68.15737223794042,0.02288433542661039,3.827069669047816
snr,3-layer SIM (universal),22.0,4.0,5.0,18.20925045878519,18.5603764965771,0.35112603779191076,68.13448790251381,81.87488868852768,13.740400786013865,3.633161279820634
snr,3-layer SIM (BMI-adaptive),22.0,4.0,5.0,18.20925045878519,18.185154336932843,0.02409612185234522,68.13448790251381,67.88253492972692,0.25195297278689566,5.908024461576301
snr,No intelligent surface,22.0,5.0,5.0,17.811207176543025,17.77089346939051,0.0403137071525137,97.85495188213658,98.14231028701882,0.28735840488224085,-7.544016045057066
snr,Digital MVDR array (BMI-adaptive),22.0,5.0,5.0,17.811207176543025,17.82822073371319,0.017013557170166393,97.85495188213658,97.61891690643284,0.23603497570373122,6.315943121741424
snr,1-layer RIS (BMI-adaptive),22.0,5.0,5.0,17.811207176543025,17.761624146759466,0.049583029783558885,97.85495188213658,97.86307164691867,0.008119764782094308,3.8705327054643917
snr,3-layer SIM (universal),22.0,5.0,5.0,17.811207176543025,17.621642205761383,0.18956497078164247,97.85495188213658,52.20181151277439,45.653140369362184,4.453945676824185
snr,3-layer SIM (BMI-adaptive),22.0,5.0,5.0,17.811207176543025,17.85782024656207,0.046613070019045466,97.85495188213658,97.94225069449266,0.08729881235608161,6.309258952660411
snr,No intelligent surface,22.0,6.0,5.0,14.48345803708795,14.218396915762819,0.2650611213251306,80.26573055186678,80.49311119482788,0.22738064296109428,-7.5437581906947635
snr,Digital MVDR array (BMI-adaptive),22.0,6.0,5.0,14.48345803708795,14.453100573397835,0.030357463690114272,80.26573055186678,80.26772740276324,0.0019968508964609555,6.444913059786154
snr,1-layer RIS (BMI-adaptive),22.0,6.0,5.0,14.48345803708795,14.4121622815015,0.07129575558644952,80.26573055186678,80.53202895220767,0.2662984003408866,3.857733714748752
snr,3-layer SIM (universal),22.0,6.0,5.0,14.48345803708795,14.543938459440401,0.06048042235245177,80.26573055186678,80.45195522654305,0.1862246746762679,4.1327590504208445
snr,3-layer SIM (BMI-adaptive),22.0,6.0,5.0,14.48345803708795,14.45462205039069,0.02883598669725984,80.26573055186678,80.11924219929773,0.14648835256905102,6.2815579878844074
snr,No intelligent surface,22.0,7.0,5.0,19.20495102417051,8.150937711858479,11.05401331231203,77.95930190435828,63.36748225727029,14.591819647087995,-7.544001781225273
snr,Digital MVDR array (BMI-adaptive),22.0,7.0,5.0,19.20495102417051,19.15454617232846,0.05040485184204968,77.95930190435828,78.15630494313864,0.19700303878035186,6.194955300165493
snr,1-layer RIS (BMI-adaptive),22.0,7.0,5.0,19.20495102417051,19.1555929418614,0.04935808230910865,77.95930190435828,78.03389998425155,0.0745980798932635,3.4922676164239626
snr,3-layer SIM (universal),22.0,7.0,5.0,19.20495102417051,19.16668636612984,0.03826465804066714,77.95930190435828,72.20602759904651,5.753274305311777,5.417122041797855
snr,3-layer SIM (BMI-adaptive),22.0,7.0,5.0,19.20495102417051,19.154761159149114,0.05018986502139455,77.95930190435828,78.10449808265709,0.1451961782988036,6.39257080935923
snr,No intelligent surface,22.0,8.0,5.0,14.086737352212811,14.52990527785869,0.4431679256458789,80.1589830370699,60.753279175398106,19.405703861671796,-7.543706172019602
snr,Digital MVDR array (BMI-adaptive),22.0,8.0,5.0,14.086737352212811,13.924069028077069,0.16266832413574228,80.1589830370699,80.62080690547945,0.46182386840955303,6.4960708458605945
snr,1-layer RIS (BMI-adaptive),22.0,8.0,5.0,14.086737352212811,14.03810838217046,0.04862897004235123,80.1589830370699,80.50483098023841,0.34584794316850775,3.8375368845514144
snr,3-layer SIM (universal),22.0,8.0,5.0,14.086737352212811,14.138920077474902,0.05218272526209056,80.1589830370699,48.55163628919569,31.60734674787421,4.4091648934014875
snr,3-layer SIM (BMI-adaptive),22.0,8.0,5.0,14.086737352212811,14.037770095848678,0.048967256364132794,80.1589830370699,80.26903697952261,0.1100539424527085,6.360696698764458
snr,No intelligent surface,22.0,9.0,5.0,23.690209465927577,8.54068105856878,15.149528407358797,86.42381068155487,57.35669737920725,29.06711330234762,-7.543549274496292
snr,Digital MVDR array (BMI-adaptive),22.0,9.0,5.0,23.690209465927577,23.666159867144582,0.024049598782994508,86.42381068155487,77.15095966667836,9.272851014876508,4.195609844021991
snr,1-layer RIS (BMI-adaptive),22.0,9.0,5.0,23.690209465927577,23.68642467412765,0.0037847917999265235,86.42381068155487,86.8376289802675,0.4138182987126271,1.6651719713391155
snr,3-layer SIM (universal),22.0,9.0,5.0,23.690209465927577,-35.208583345948256,58.898792811875836,86.42381068155487,52.47434925290898,33.94946142864589,2.4653309184426604
snr,3-layer SIM (BMI-adaptive),22.0,9.0,5.0,23.690209465927577,23.59533390895673,0.09487555697084815,86.42381068155487,86.737485336867,0.313674655312127,3.808959923842861
snr,No intelligent surface,22.0,10.0,5.0,23.478399595429998,23.003338485285735,0.47506111014426367,93.65451723126449,77.23684774681053,16.417669484453967,-7.543479874210389
snr,Digital MVDR array (BMI-adaptive),22.0,10.0,5.0,23.478399595429998,23.38259170716379,0.0958078882662079,93.65451723126449,93.87874856497974,0.2242313337152524,6.095270044760311
snr,1-layer RIS (BMI-adaptive),22.0,10.0,5.0,23.478399595429998,23.441740815161094,0.03665878026890468,93.65451723126449,93.604555243137,0.04996198812749242,3.141020502347756
snr,3-layer SIM (universal),22.0,10.0,5.0,23.478399595429998,23.39560990125882,0.0827896941711792,93.65451723126449,47.62693953549539,46.027577695769104,5.211189634916403
snr,3-layer SIM (BMI-adaptive),22.0,10.0,5.0,23.478399595429998,23.41661231107138,0.06178728435861913,93.65451723126449,93.56685825746531,0.08765897379917931,6.121680636736756
snr,No intelligent surface,22.0,11.0,5.0,20.192265861387803,20.11069740798606,0.08156845340174357,95.08468847828777,60.10253240720191,34.98215607108586,-7.544168790763013
snr,Digital MVDR array (BMI-adaptive),22.0,11.0,5.0,20.192265861387803,20.130124769947326,0.06214109144047697,95.08468847828777,95.05731183051506,0.027376647772712204,6.126852091658586
snr,1-layer RIS (BMI-adaptive),22.0,11.0,5.0,20.192265861387803,20.146384710389384,0.04588115099841872,95.08468847828777,95.01693821820706,0.0677502600807145,3.7182868755700955
snr,3-layer SIM (universal),22.0,11.0,5.0,20.192265861387803,20.113809206480884,0.078456654906919,95.08468847828777,94.6393755068911,0.4453129713966746,4.715487681584774
snr,3-layer SIM (BMI-adaptive),22.0,11.0,5.0,20.192265861387803,20.142320299821204,0.049945561566598684,95.08468847828777,95.0879457667676,0.0032572884798298674,6.2371746543467275
snr,No intelligent surface,26.0,0.0,5.0,24.720820243851346,4.387550834778316,20.33326940907303,96.37159845652958,96.80055737930022,0.42895892277063297,-8.750312160809514
snr,Digital MVDR array (BMI-adaptive),26.0,0.0,5.0,24.720820243851346,24.68686486942562,0.0339553744257266,96.37159845652958,96.52683140019681,0.1552329436672295,6.757288798429363
snr,1-layer RIS (BMI-adaptive),26.0,0.0,5.0,24.720820243851346,24.722666087112824,0.001845843261477853,96.37159845652958,96.20316750938164,0.1684309471479395,3.7170048738487784
snr,3-layer SIM (universal),26.0,0.0,5.0,24.720820243851346,24.555479026978986,0.1653412168723598,96.37159845652958,96.38457996805062,0.01298151152103344,5.468994718936634
snr,3-layer SIM (BMI-adaptive),26.0,0.0,5.0,24.720820243851346,24.681555689095436,0.03926455475590984,96.37159845652958,96.35030487667879,0.02129357985079139,6.850851269945284
snr,No intelligent surface,26.0,1.0,5.0,16.466220180238576,16.490704283065433,0.024484102826857423,62.780347228534275,65.0070880552583,2.2267408267240185,-8.750456494350635
snr,Digital MVDR array (BMI-adaptive),26.0,1.0,5.0,16.466220180238576,16.418552512270143,0.047667667968433136,62.780347228534275,62.743891803465594,0.036455425068680825,7.372051219009743
snr,1-layer RIS (BMI-adaptive),26.0,1.0,5.0,16.466220180238576,16.401327047449062,0.06489313278951414,62.780347228534275,63.06237659617241,0.28202936763813824,4.291903254021981
snr,3-layer SIM (universal),26.0,1.0,5.0,16.466220180238576,16.416230627406684,0.049989552831892325,62.780347228534275,62.8607689882785,0.08042175974422605,7.024583452501997
snr,3-layer SIM (BMI-adaptive),26.0,1.0,5.0,16.466220180238576,16.41539744961562,0.05082273062295428,62.780347228534275,62.844119521814854,0.06377229328057865,7.4431770369385495
snr,No intelligent surface,26.0,2.0,5.0,19.500884301666087,9.126057168780516,10.37482713288557,77.56024129682356,62.887648485034624,14.672592811788938,-8.750433554404287
snr,Digital MVDR array (BMI-adaptive),26.0,2.0,5.0,19.500884301666087,19.450524326552053,0.05035997511403423,77.56024129682356,77.61117047802347,0.05092918119990486,6.974315891589459
snr,1-layer RIS (BMI-adaptive),26.0,2.0,5.0,19.500884301666087,19.39717015775326,0.1037141439128284,77.56024129682356,77.26588362477334,0.294357672050225,4.026222471150271
snr,3-layer SIM (universal),26.0,2.0,5.0,19.500884301666087,19.43334664215211,0.06753765951397739,77.56024129682356,77.65833147135395,0.09809017453038393,6.04114976259814
snr,3-layer SIM (BMI-adaptive),26.0,2.0,5.0,19.500884301666087,19.44072765595526,0.06015664571082624,77.56024129682356,77.66693555515415,0.10669425833059165,7.071342700650161
snr,No intelligent surface,26.0,3.0,5.0,21.9754742805541,12.843130190694028,9.132344089860071,80.60130872337508,48.31300207324594,32.288306650129144,-8.749550015736375
snr,Digital MVDR array (BMI-adaptive),26.0,3.0,5.0,21.9754742805541,21.925731187056154,0.04974309349794481,80.60130872337508,80.39714718587906,0.20416153749602017,7.458036093069066
snr,1-layer RIS (BMI-adaptive),26.0,3.0,5.0,21.9754742805541,21.918559865529097,0.05691441502500183,80.60130872337508,80.22673834908333,0.3745703742917499,3.783012571736124
snr,3-layer SIM (universal),26.0,3.0,5.0,21.9754742805541,21.91655620171746,0.058918078836640575,80.60130872337508,79.9722065254375,0.6291021979375842,6.8959856886165
snr,3-layer SIM (BMI-adaptive),26.0,3.0,5.0,21.9754742805541,21.921686727670767,0.05378755288333181,80.60130872337508,80.32064334201759,0.28066538135749397,7.375757922709574
snr,No intelligent surface,26.0,4.0,5.0,10.897640954807285,10.27208103303098,0.6255599217763042,61.453069925870885,69.59159437210673,8.138524446235841,-8.749550577919859
snr,Digital MVDR array (BMI-adaptive),26.0,4.0,5.0,10.897640954807285,10.853420688221897,0.04422026658538769,61.453069925870885,61.2178304107357,0.23523951513518426,7.600530110726972
snr,1-layer RIS (BMI-adaptive),26.0,4.0,5.0,10.897640954807285,10.835828189702605,0.06181276510467981,61.453069925870885,61.14125879182626,0.3118111340446248,3.9663080156727086
snr,3-layer SIM (universal),26.0,4.0,5.0,10.897640954807285,10.848972613009122,0.04866834179816237,61.453069925870885,61.368956107028055,0.08411381884283031,7.03156910388718
snr,3-layer SIM (BMI-adaptive),26.0,4.0,5.0,10.897640954807285,10.85020516622403,0.047435788583253924,61.453069925870885,61.35610876818794,0.09696115768294788,7.546684073092096
snr,No intelligent surface,26.0,5.0,5.0,16.659251638236896,6.122756486326284,10.53649515191061,63.08002519522724,62.940151727930825,0.13987346729641814,-8.749821482646482
snr,Digital MVDR array (BMI-adaptive),26.0,5.0,5.0,16.659251638236896,16.61432733393454,0.04492430430235572,63.08002519522724,63.23340584240973,0.15338064718248745,7.715537617061053
snr,1-layer RIS (BMI-adaptive),26.0,5.0,5.0,16.659251638236896,16.73566233360821,0.07641069537131528,63.08002519522724,63.515301235626545,0.4352760403993017,4.275520504109545
snr,3-layer SIM (universal),26.0,5.0,5.0,16.659251638236896,16.582494500651688,0.07675713758520786,63.08002519522724,53.78602923549764,9.293995959729607,7.245628843674188
snr,3-layer SIM (BMI-adaptive),26.0,5.0,5.0,16.659251638236896,16.61647836599273,0.04277327224416538,63.08002519522724,63.17447743220983,0.09445223698258332,7.719095514394882
snr,No intelligent surface,26.0,6.0,5.0,19.9095633756009,15.81354343814535,4.09601993745555,93.60344553620499,56.899203455216366,36.70424208098862,-8.749483705390931
snr,Digital MVDR array (BMI-adaptive),26.0,6.0,5.0,19.9095633756009,19.875330381911702,0.034232993689197855,93.60344553620499,93.57257566816047,0.030869868044518967,7.403530153263144
snr,1-layer RIS (BMI-adaptive),26.0,6.0,5.0,19.9095633756009,19.846491344586966,0.06307203101393455,93.60344553620499,93.1583778586306,0.4450676775743858,3.707940845078938
snr,3-layer SIM (universal),26.0,6.0,5.0,19.9095633756009,19.865175555538308,0.044387820062592453,93.60344553620499,93.88172109996343,0.27827556375844154,6.716218982253407
snr,3-layer SIM (BMI-adaptive),26.0,6.0,5.0,19.9095633756009,19.867203039291994,0.042360336308906454,93.60344553620499,93.73877571389005,0.13533017768506284,7.3327845890720305
snr,No intelligent surface,26.0,7.0,5.0,11.413219933126477,7.303753786178857,4.109466146947621,80.3129795797326,65.45090534137454,14.862074238358062,-8.75006178965387
snr,Digital MVDR array (BMI-adaptive),26.0,7.0,5.0,11.413219933126477,11.359416562158604,0.053803370967873576,80.3129795797326,80.25946328076728,0.053516298965320175,7.661214355275638
snr,1-layer RIS (BMI-adaptive),26.0,7.0,5.0,11.413219933126477,11.547330179908622,0.13411024678214467,80.3129795797326,79.91388774772736,0.3990918320052401,4.285909197026369
snr,3-layer SIM (universal),26.0,7.0,5.0,11.413219933126477,11.184328206505656,0.22889172662082125,80.3129795797326,80.48349669718161,0.170517117449009,7.350464633807339
snr,3-layer SIM (BMI-adaptive),26.0,7.0,5.0,11.413219933126477,11.354339278656377,0.058880654470099714,80.3129795797326,80.22640695518587,0.08657262454673287,7.676072805700262
snr,No intelligent surface,26.0,8.0,5.0,11.889314337712516,6.443562857606996,5.44575148010552,94.97892050426755,47.24804853279552,47.73087197147203,-8.75023699824287
snr,Digital MVDR array (BMI-adaptive),26.0,8.0,5.0,11.889314337712516,11.84660263156745,0.042711706145066586,94.97892050426755,94.7869707099553,0.1919497943122508,7.56711304680084
snr,1-layer RIS (BMI-adaptive),26.0,8.0,5.0,11.889314337712516,11.665465203742247,0.22384913397026907,94.97892050426755,95.23734901751763,0.258428513250081,4.318573864188585
snr,3-layer SIM (universal),26.0,8.0,5.0,11.889314337712516,11.845644518296503,0.04366981941601367,94.97892050426755,94.9537198694714,0.025200634796149757,7.260148196550768
snr,3-layer SIM (BMI-adaptive),26.0,8.0,5.0,11.889314337712516,11.846022289179656,0.043292048532860505,94.97892050426755,94.97689893874967,0.0020215655178787983,7.6090709662842855
snr,No intelligent surface,26.0,9.0,5.0,18.84506709966394,4.028704091311389,14.81636300835255,92.70595882541659,62.12047871765118,30.585480107765406,-8.749547782134426
snr,Digital MVDR array (BMI-adaptive),26.0,9.0,5.0,18.84506709966394,18.791621017808083,0.05344608185585642,92.70595882541659,92.64232962334468,0.06362920207190825,7.601167256301151
snr,1-layer RIS (BMI-adaptive),26.0,9.0,5.0,18.84506709966394,18.897743523804714,0.052676424140774,92.70595882541659,51.252335414015334,41.45362341140125,3.9785404487076574
snr,3-layer SIM (universal),26.0,9.0,5.0,18.84506709966394,18.79782648629495,0.047240613368987994,92.70595882541659,92.44579887366437,0.2601599517522146,7.000088736919937
snr,3-layer SIM (BMI-adaptive),26.0,9.0,5.0,18.84506709966394,18.797603758297512,0.04746334136642716,92.70595882541659,92.51835389001923,0.1876049353973599,7.555044918614671
snr,No intelligent surface,26.0,10.0,5.0,21.77645028011807,7.132369820109796,14.644080460008274,73.60266599352262,50.21258079112569,23.390085202396932,-8.749701824250671
snr,Digital MVDR array (BMI-adaptive),26.0,10.0,5.0,21.77645028011807,21.72736678661404,0.0490834935040283,73.60266599352262,73.7467588911768,0.14409289765417554,7.4576199867738735
snr,1-layer RIS (BMI-adaptive),26.0,10.0,5.0,21.77645028011807,21.720654737997126,0.05579554212094351,73.60266599352262,73.8837592810862,0.28109328756357854,3.9814380657639776
snr,3-layer SIM (universal),26.0,10.0,5.0,21.77645028011807,21.736221721046885,0.04022855907118483,73.60266599352262,73.60413337470003,0.0014673811774059686,6.669697081390604
snr,3-layer SIM (BMI-adaptive),26.0,10.0,5.0,21.77645028011807,21.734680784031553,0.041769496086516256,73.60266599352262,73.66313323501848,0.06046724149585714,7.459659836649582
snr,No intelligent surface,26.0,11.0,5.0,21.327750517152307,17.263815266767494,4.063935250384812,65.36584107349914,48.283581935221775,17.082259138277365,-8.74984958633403
snr,Digital MVDR array (BMI-adaptive),26.0,11.0,5.0,21.327750517152307,21.277855142766498,0.04989537438580882,65.36584107349914,65.33439308274953,0.03144799074961213,7.072922454336673
snr,1-layer RIS (BMI-adaptive),26.0,11.0,5.0,21.327750517152307,21.263390278448117,0.0643602387041895,65.36584107349914,65.29503227253727,0.07080880096187059,3.6734009332363855
snr,3-layer SIM (universal),26.0,11.0,5.0,21.327750517152307,21.27856226932508,0.04918824782722808,65.36584107349914,65.47778931177106,0.11194823827192124,5.985709937967698
snr,3-layer SIM (BMI-adaptive),26.0,11.0,5.0,21.327750517152307,21.280899484503912,0.04685103264839441,65.36584107349914,65.38550354983163,0.019662476332484857,7.09982878769415
snr,No intelligent surface,30.0,0.0,5.0,16.84415567777948,4.85116621846776,11.992989459311719,94.2171413442716,72.10159526626454,22.115546078007057,-10.077108324076555
snr,Digital MVDR array (BMI-adaptive),30.0,0.0,5.0,16.84415567777948,16.791758836037697,0.05239684174178194,94.2171413442716,94.07257290835967,0.14456843591192126,9.903840652328196
snr,1-layer RIS (BMI-adaptive),30.0,0.0,5.0,16.84415567777948,16.790499079824002,0.05365659795547728,94.2171413442716,94.03029714295454,0.18684420131705792,6.04417612091148
snr,3-layer SIM (universal),30.0,0.0,5.0,16.84415567777948,16.79487456923464,0.04928110854483947,94.2171413442716,94.11431445137713,0.10282689289446978,9.511235904076681
snr,3-layer SIM (BMI-adaptive),30.0,0.0,5.0,16.84415567777948,16.795767902324044,0.048387775455434934,94.2171413442716,94.13854295875142,0.07859838552018061,9.883973944240822
snr,No intelligent surface,30.0,1.0,5.0,21.61306678325824,6.955138052336578,14.657928730921663,87.84696695972445,61.4162964048755,26.430670554848952,-10.076626437428713
snr,Digital MVDR array (BMI-adaptive),30.0,1.0,5.0,21.61306678325824,21.56745946490072,0.045607318357522075,87.84696695972445,88.07978911760333,0.2328221578788714,9.397217866579766
snr,1-layer RIS (BMI-adaptive),30.0,1.0,5.0,21.61306678325824,21.64575617444333,0.032689391185090955,87.84696695972445,87.84102557379562,0.00594138592883553,5.486923978969994
snr,3-layer SIM (universal),30.0,1.0,5.0,21.61306678325824,21.5678766949912,0.04519008826704152,87.84696695972445,87.94232048471984,0.09535352499538874,9.25072635498011
snr,3-layer SIM (BMI-adaptive),30.0,1.0,5.0,21.61306678325824,21.5676651737054,0.04540160955284023,87.84696695972445,87.93214665178034,0.08517969205588827,9.513371801602515
snr,No intelligent surface,30.0,2.0,5.0,15.330478729671364,6.651517163669765,8.6789615660016,82.80637557897062,52.544686817728845,30.26168876124177,-10.076993998279232
snr,Digital MVDR array (BMI-adaptive),30.0,2.0,5.0,15.330478729671364,15.277034944880178,0.05344378479118639,82.80637557897062,82.72687829435317,0.07949728461744598,9.775934733823417
snr,1-layer RIS (BMI-adaptive),30.0,2.0,5.0,15.330478729671364,15.269031857215323,0.061446872456041746,82.80637557897062,82.6992418684706,0.10713371050002252,5.925226070929096
snr,3-layer SIM (universal),30.0,2.0,5.0,15.330478729671364,15.28448574378237,0.045992985888995364,82.80637557897062,82.70627364794849,0.10010193102212384,9.434918667124636
snr,3-layer SIM (BMI-adaptive),30.0,2.0,5.0,15.330478729671364,15.285324038398123,0.045154691273241454,82.80637557897062,82.75491260279767,0.051462976172942376,9.785947605208303
snr,No intelligent surface,30.0,3.0,5.0,13.29735475834486,9.105583263998383,4.191771494346476,57.90371736124424,50.2440487809733,7.659668580270939,-10.07708350138974
snr,Digital MVDR array (BMI-adaptive),30.0,3.0,5.0,13.29735475834486,13.258896546378583,0.03845821196627597,57.90371736124424,57.886843656447695,0.01687370479654504,9.968684446755514
snr,1-layer RIS (BMI-adaptive),30.0,3.0,5.0,13.29735475834486,13.263831153798881,0.03352360454597836,57.90371736124424,57.84574315489174,0.057974206352497504,6.08555657511303
snr,3-layer SIM (universal),30.0,3.0,5.0,13.29735475834486,13.25450009365534,0.042854664689519595,57.90371736124424,57.860732047598454,0.042985313645786505,9.58090354539419
snr,3-layer SIM (BMI-adaptive),30.0,3.0,5.0,13.29735475834486,13.254058953082492,0.04329580526236754,57.90371736124424,57.846466307725294,0.05725105351894655,9.949017770020575
snr,No intelligent surface,30.0,4.0,5.0,20.013798243694033,1.6197753329942373,18.394022910699796,91.7456370894934,69.61442268759843,22.131214401894965,-10.077331164968971
snr,Digital MVDR array (BMI-adaptive),30.0,4.0,5.0,20.013798243694033,19.962153529820167,0.051644713873866266,91.7456370894934,91.73164515534226,0.013991934151135865,10.092092582953601
snr,1-layer RIS (BMI-adaptive),30.0,4.0,5.0,20.013798243694033,19.959038557381803,0.054759686312230826,91.7456370894934,91.76265250761782,0.01701541812441576,6.205823255550962
snr,3-layer SIM (universal),30.0,4.0,5.0,20.013798243694033,19.964201525472845,0.049596718221188496,91.7456370894934,91.81427382078053,0.06863673128712833,9.618499091245859
snr,3-layer SIM (BMI-adaptive),30.0,4.0,5.0,20.013798243694033,19.965108162288587,0.048690081405446506,91.7456370894934,91.82865344315663,0.08301635366322557,10.022922546209735
snr,No intelligent surface,30.0,5.0,5.0,21.9885398781548,5.793842055560247,16.194697822594552,61.60100952690211,52.84995516846507,8.751054358437038,-10.076957941240043
snr,Digital MVDR array (BMI-adaptive),30.0,5.0,5.0,21.9885398781548,21.931320951722164,0.05721892643263615,61.60100952690211,61.55368655823173,0.047322968670378884,9.871139832522289
snr,1-layer RIS (BMI-adaptive),30.0,5.0,5.0,21.9885398781548,21.92609871261351,0.062441165541290644,61.60100952690211,61.530943752101656,0.0700657748004545,5.987498532358354
snr,3-layer SIM (universal),30.0,5.0,5.0,21.9885398781548,21.932519888276975,0.05601998987782508,61.60100952690211,61.57994418484363,0.021065342058477654,9.535765149709945
snr,3-layer SIM (BMI-adaptive),30.0,5.0,5.0,21.9885398781548,21.93508885413503,0.05345102401976831,61.60100952690211,61.60779722119662,0.0067876942945090946,9.880823504526168
snr,No intelligent surface,30.0,6.0,5.0,17.574549004555386,2.617680338406188,14.956868666149198,62.007927618075406,50.83258702964817,11.17534058842724,-10.07685442325527
snr,Digital MVDR array (BMI-adaptive),30.0,6.0,5.0,17.574549004555386,17.52874720867619,0.045801795879196305,62.007927618075406,61.876978945558385,0.1309486725170217,9.900045823078347
snr,1-layer RIS (BMI-adaptive),30.0,6.0,5.0,17.574549004555386,17.526928888424692,0.04762011613069461,62.007927618075406,61.80725254837281,0.20067506970259785,5.978209980456427
snr,3-layer SIM (universal),30.0,6.0,5.0,17.574549004555386,17.529850322368176,0.04469868218721018,62.007927618075406,61.84414785732238,0.16377976075302314,9.60127052785727
snr,3-layer SIM (BMI-adaptive),30.0,6.0,5.0,17.574549004555386,17.53038433309459,0.044164671460794835,62.007927618075406,61.870079526120534,0.13784809195487213,9.927952412087194
snr,No intelligent surface,30.0,7.0,5.0,24.698024049016237,11.415658863761127,13.28236518525511,72.43320520435778,53.16286663553394,19.27033856882384,-10.076682784938773
snr,Digital MVDR array (BMI-adaptive),30.0,7.0,5.0,24.698024049016237,24.650622644335755,0.04740140468048182,72.43320520435778,72.38007011585451,0.05313508850326798,9.352184995718554
snr,1-layer RIS (BMI-adaptive),30.0,7.0,5.0,24.698024049016237,24.654553883718254,0.04347016529798253,72.43320520435778,72.44358013252268,0.01037492816490726,5.485779659319246
snr,3-layer SIM (universal),30.0,7.0,5.0,24.698024049016237,24.64718626295639,0.0508377860598479,72.43320520435778,72.33653059454261,0.0966746098151674,9.188624525792076
snr,3-layer SIM (BMI-adaptive),30.0,7.0,5.0,24.698024049016237,24.64799989167336,0.05002415734287524,72.43320520435778,72.34643638283026,0.08676882152751375,9.457447435618192
snr,No intelligent surface,30.0,8.0,5.0,10.992311516223731,11.110555593987229,0.11824407776349766,98.53897271435083,46.883713407026924,51.65525930732391,-10.077395331895394
snr,Digital MVDR array (BMI-adaptive),30.0,8.0,5.0,10.992311516223731,10.9490843714074,0.043227144816331275,98.53897271435083,98.57990891295923,0.04093619860839226,10.259273954787634
snr,1-layer RIS (BMI-adaptive),30.0,8.0,5.0,10.992311516223731,10.950455668856181,0.041855847367550325,98.53897271435083,98.65812479836148,0.11915208401065058,6.301995841111998
snr,3-layer SIM (universal),30.0,8.0,5.0,10.992311516223731,10.954402892476267,0.037908623747464176,98.53897271435083,98.40026107994251,0.1387116344083239,9.771363073995548
snr,3-layer SIM (BMI-adaptive),30.0,8.0,5.0,10.992311516223731,10.953368264494346,0.03894325172938551,98.53897271435083,98.35405166845443,0.18492104589640235,10.178389333377659
snr,No intelligent surface,30.0,9.0,5.0,21.475718628197832,7.538871285013594,13.936847343184237,85.63302431647399,54.155071137760615,31.477953178713378,-10.077074778878409
snr,Digital MVDR array (BMI-adaptive),30.0,9.0,5.0,21.475718628197832,21.42384825999041,0.05187036820742108,85.63302431647399,85.69708011718946,0.06405580071546524,10.115685144360144
snr,1-layer RIS (BMI-adaptive),30.0,9.0,5.0,21.475718628197832,21.41876383397357,0.05695479422426075,85.63302431647399,85.83197552280862,0.19895120633462682,6.181298281178396
snr,3-layer SIM (universal),30.0,9.0,5.0,21.475718628197832,21.432075371785093,0.04364325641273936,85.63302431647399,85.6553673361025,0.022343019628507932,9.723716622638655
snr,3-layer SIM (BMI-adaptive),30.0,9.0,5.0,21.475718628197832,21.434806477832684,0.04091215036514839,85.63302431647399,85.65457795886833,0.021553642394337658,10.090279371401106
snr,No intelligent surface,30.0,10.0,5.0,11.152323307462222,10.090214517685128,1.0621087897770938,75.22526071334494,55.28286159039366,19.94239912295128,-10.077028197529234
snr,Digital MVDR array (BMI-adaptive),30.0,10.0,5.0,11.152323307462222,11.095023413705013,0.05729989375720912,75.22526071334494,75.30325671321671,0.0779959998717743,9.429792722959187
snr,1-layer RIS (BMI-adaptive),30.0,10.0,5.0,11.152323307462222,11.0861443321782,0.06617897528402139,75.22526071334494,75.27364456563676,0.04838385229182052,5.660397503628819
snr,3-layer SIM (universal),30.0,10.0,5.0,11.152323307462222,11.111332628082714,0.040990679379508066,75.22526071334494,75.32793754442874,0.10267683108379799,9.107807653352435
snr,3-layer SIM (BMI-adaptive),30.0,10.0,5.0,11.152323307462222,11.116007132262823,0.036316175199399225,75.22526071334494,75.30468762735876,0.07942691401382262,9.46294257491063
snr,No intelligent surface,30.0,11.0,5.0,14.258152188910527,5.961674238932541,8.296477949977987,63.29960921526044,46.666834048019844,16.632775167240595,-10.076961627963225
snr,Digital MVDR array (BMI-adaptive),30.0,11.0,5.0,14.258152188910527,14.218843123573839,0.03930906533668832,63.29960921526044,63.2401356979344,0.05947351732604034,10.164105758744544
snr,1-layer RIS (BMI-adaptive),30.0,11.0,5.0,14.258152188910527,14.227155478635579,0.030996710274948214,63.29960921526044,63.14703796865977,0.15257124660067234,6.140744144277727
snr,3-layer SIM (universal),30.0,11.0,5.0,14.258152188910527,14.219391844386408,0.03876034452411936,63.29960921526044,63.29670811748126,0.0029010977791799064,9.815522335679356
snr,3-layer SIM (BMI-adaptive),30.0,11.0,5.0,14.258152188910527,14.218943581237943,0.039208607672584606,63.29960921526044,63.33247265016627,0.03286343490582766,10.171522927044045
snr,No intelligent surface,34.0,0.0,5.0,21.380196459647138,5.670873370758974,15.709323088888164,89.08863598386797,52.800313618665456,36.28832236520252,-11.663738773147678
snr,Digital MVDR array (BMI-adaptive),34.0,0.0,5.0,21.380196459647138,21.33706448853957,0.04313197110756661,89.08863598386797,88.91386234063778,0.17477364323019629,11.660473550971604
snr,1-layer RIS (BMI-adaptive),34.0,0.0,5.0,21.380196459647138,21.339472710431178,0.040723749215960225,89.08863598386797,88.71504826084134,0.3735877230266311,7.549845780558584
snr,3-layer SIM (universal),34.0,0.0,5.0,21.380196459647138,21.333410561625563,0.04678589802157518,89.08863598386797,88.91677558759949,0.17186039626848526,11.139806298083545
snr,3-layer SIM (BMI-adaptive),34.0,0.0,5.0,21.380196459647138,21.33256995533142,0.04762650431571913,89.08863598386797,88.97988632142129,0.10874966244668371,11.609549332168111
snr,No intelligent surface,34.0,1.0,5.0,22.66558114417442,6.385575997002858,16.280005147171565,60.86433451203807,59.32526051842172,1.5390739936163484,-11.663797886728592
snr,Digital MVDR array (BMI-adaptive),34.0,1.0,5.0,22.66558114417442,22.614827515588033,0.050753628586388544,60.86433451203807,60.94674799156738,0.08241347952930766,11.480028450290972
snr,1-layer RIS (BMI-adaptive),34.0,1.0,5.0,22.66558114417442,22.613730166250686,0.05185097792373483,60.86433451203807,60.998544834460986,0.1342103224229163,7.439490305052666
snr,3-layer SIM (universal),34.0,1.0,5.0,22.66558114417442,22.618485286708857,0.047095857465563995,60.86433451203807,60.93247115095365,0.06813663891558264,10.95755654971789
snr,3-layer SIM (BMI-adaptive),34.0,1.0,5.0,22.66558114417442,22.61993282091774,0.04564832325668178,60.86433451203807,60.871623350203244,0.007288838165173672,11.444239002112585
snr,No intelligent surface,34.0,2.0,5.0,14.276776286333686,7.2612259955508,7.015550290782886,76.24206273584393,61.936506569043445,14.305556166800486,-11.663710264380944
snr,Digital MVDR array (BMI-adaptive),34.0,2.0,5.0,14.276776286333686,14.224004975239158,0.05277131109452782,76.24206273584393,76.23482577552245,0.007236960321478136,11.530267158794407
snr,1-layer RIS (BMI-adaptive),34.0,2.0,5.0,14.276776286333686,14.218884357243844,0.0578919290898412,76.24206273584393,76.24997441783616,0.00791168199222625,7.4225449127641845
snr,3-layer SIM (universal),34.0,2.0,5.0,14.276776286333686,14.223614332732033,0.0531619536016521,76.24206273584393,76.26874142230066,0.026678686456733658,11.04327215625725
snr,3-layer SIM (BMI-adaptive),34.0,2.0,5.0,14.276776286333686,14.225131560641694,0.05164472569199141,76.24206273584393,76.3066257558412,0.06456301999726577,11.471868109291615
snr,No intelligent surface,34.0,3.0,5.0,23.27747194651736,13.479565249860642,9.797906696656717,83.579240934273,61.798511260543634,21.78072967372937,-11.66367298851642
snr,Digital MVDR array (BMI-adaptive),34.0,3.0,5.0,23.27747194651736,23.240658717368195,0.03681322914916407,83.579240934273,83.5838674888117,0.004626554538702976,10.873771123924648
snr,1-layer RIS (BMI-adaptive),34.0,3.0,5.0,23.27747194651736,23.24226543948291,0.03520650703444872,83.579240934273,83.50280443264282,0.07643650163018378,7.202773631183654
snr,3-layer SIM (universal),34.0,3.0,5.0,23.27747194651736,23.238780507133097,0.03869143938426234,83.579240934273,83.54546648691716,0.03377444735583879,9.980037063403786
snr,3-layer SIM (BMI-adaptive),34.0,3.0,5.0,23.27747194651736,23.23365069892239,0.04382124759496975,83.579240934273,83.51424467705448,0.06499625721852453,10.95318608767296
snr,No intelligent surface,34.0,4.0,5.0,11.173151093022016,10.791024719157912,0.38212637386410364,68.65858016179155,85.29414441532806,16.635564253536515,-11.66386009486998
snr,Digital MVDR array (BMI-adaptive),34.0,4.0,5.0,11.173151093022016,11.128453214131774,0.04469787889024168,68.65858016179155,68.65290849152427,0.005671670267275886,11.426745820156324
snr,1-layer RIS (BMI-adaptive),34.0,4.0,5.0,11.173151093022016,11.129830334924852,0.04332075809716329,68.65858016179155,68.66870277318654,0.0101226113949906,7.485347964187319
snr,3-layer SIM (universal),34.0,4.0,5.0,11.173151093022016,11.130578261072275,0.04257283194974093,68.65858016179155,68.59483821705108,0.06374194474047101,10.809486483262772
snr,3-layer SIM (BMI-adaptive),34.0,4.0,5.0,11.173151093022016,11.127456402985148,0.04569469003686777,68.65858016179155,68.64344740405653,0.015132757735017321,11.427853477072475
snr,No intelligent surface,34.0,5.0,5.0,21.35785056295159,6.679429713264184,14.678420849687406,76.85368798339834,55.36787407943732,21.485813903961024,-11.663803092618775
snr,Digital MVDR array (BMI-adaptive),34.0,5.0,5.0,21.35785056295159,21.308534997026637,0.04931556592495312,76.85368798339834,76.88826027693163,0.03457229353328728,11.49027975212363
snr,1-layer RIS (BMI-adaptive),34.0,5.0,5.0,21.35785056295159,21.306316231483713,0.05153433146787734,76.85368798339834,76.91980943009723,0.06612144669888664,7.599627698626725
snr,3-layer SIM (universal),34.0,5.0,5.0,21.35785056295159,21.310426071469955,0.0474244914816353,76.85368798339834,76.84614852628155,0.007539457116791937,10.734919133943595
snr,3-layer SIM (BMI-adaptive),34.0,5.0,5.0,21.35785056295159,21.31024260761668,0.04760795533491091,76.85368798339834,76.84095315010974,0.012734833288604364,11.523549474262687
snr,No intelligent surface,34.0,6.0,5.0,18.52774769659098,19.973052787387594,1.4453050907966158,74.74761751222518,51.788284677537256,22.95933283468792,-11.663850237209958
snr,Digital MVDR array (BMI-adaptive),34.0,6.0,5.0,18.52774769659098,18.478868576194166,0.04887912039681197,74.74761751222518,74.73915084303061,0.008466669194561405,11.489579712133473
snr,1-layer RIS (BMI-adaptive),34.0,6.0,5.0,18.52774769659098,18.47848631624139,0.049261380349587824,74.74761751222518,74.77934996147354,0.03173244924836638,7.506960645293734
snr,3-layer SIM (universal),34.0,6.0,5.0,18.52774769659098,18.48469593766564,0.04305175892533697,74.74761751222518,74.8869057763019,0.13928826407672545,10.9029230682073
snr,3-layer SIM (BMI-adaptive),34.0,6.0,5.0,18.52774769659098,18.486531742707758,0.041215953883220635,74.74761751222518,74.86930340108353,0.12168588885835163,11.47822535935777
snr,No intelligent surface,34.0,7.0,5.0,23.26742192578472,4.7780740190594,18.48934790672532,70.22662092407928,50.02356202166547,20.203058902413815,-11.663752010905027
snr,Digital MVDR array (BMI-adaptive),34.0,7.0,5.0,23.26742192578472,23.225536636762882,0.04188528902183819,70.22662092407928,70.39973809242501,0.1731171683457262,11.321902639689496
snr,1-layer RIS (BMI-adaptive),34.0,7.0,5.0,23.26742192578472,23.22902394576274,0.038397980021979805,70.22662092407928,70.4991733371035,0.27255241302421496,7.501561220775194
snr,3-layer SIM (universal),34.0,7.0,5.0,23.26742192578472,23.232232569087838,0.03518935669688261,70.22662092407928,70.22473128632025,0.0018896377590351676,10.500848333878423
snr,3-layer SIM (BMI-adaptive),34.0,7.0,5.0,23.26742192578472,23.228986509057744,0.03843541672697626,70.22662092407928,70.1911695199703,0.03545140410898284,11.37473695853362
snr,No intelligent surface,34.0,8.0,5.0,12.462229058717634,8.89356319661986,3.568665862097774,59.82248683435877,64.69572882215964,4.873241987800867,-11.66384547704893
snr,Digital MVDR array (BMI-adaptive),34.0,8.0,5.0,12.462229058717634,12.41770532469815,0.044523734019483285,59.82248683435877,59.93067435167874,0.10818751731996912,11.498920649152263
snr,1-layer RIS (BMI-adaptive),34.0,8.0,5.0,12.462229058717634,12.422428516917202,0.03980054180043169,59.82248683435877,59.966338646089895,0.1438518117311247,7.576611317579115
snr,3-layer SIM (universal),34.0,8.0,5.0,12.462229058717634,12.419927797094065,0.042301261623569175,59.82248683435877,59.718297079111345,0.10418975524742535,10.81273907921949
snr,3-layer SIM (BMI-adaptive),34.0,8.0,5.0,12.462229058717634,12.41898389543447,0.043245163283163635,59.82248683435877,59.659616332091375,0.16287050226739552,11.516046943560594
snr,No intelligent surface,34.0,9.0,5.0,22.27014682176632,4.307478960771178,17.962667860995143,96.54248119763331,72.20813255420445,24.334348643428854,-11.66382900364457
snr,Digital MVDR array (BMI-adaptive),34.0,9.0,5.0,22.27014682176632,22.22763672131169,0.04251010045463133,96.54248119763331,96.71740783951253,0.17492664187922458,11.619300735982716
snr,1-layer RIS (BMI-adaptive),34.0,9.0,5.0,22.27014682176632,22.229423377424947,0.040723444341374204,96.54248119763331,96.82562617109225,0.2831449734589455,7.664587071339788
snr,3-layer SIM (universal),34.0,9.0,5.0,22.27014682176632,22.22260002657811,0.04754679518821092,96.54248119763331,96.72189783709952,0.17941663946621134,10.923387851113837
snr,3-layer SIM (BMI-adaptive),34.0,9.0,5.0,22.27014682176632,22.21858232439114,0.05156449737518187,96.54248119763331,96.60189416162918,0.05941296399586804,11.63296638337716
snr,No intelligent surface,34.0,10.0,5.0,18.926979110100177,12.035042726048562,6.891936384051615,94.16461448774389,56.10133598549872,38.06327850224517,-11.663821274641304
snr,Digital MVDR array (BMI-adaptive),34.0,10.0,5.0,18.926979110100177,18.87633034528432,0.05064876481585756,94.16461448774389,94.28233575951592,0.11772127177202663,11.477078339712461
snr,1-layer RIS (BMI-adaptive),34.0,10.0,5.0,18.926979110100177,18.87332773245158,0.05365137764859895,94.16461448774389,94.33373787176035,0.16912338401645854,7.581960583253382
snr,3-layer SIM (universal),34.0,10.0,5.0,18.926979110100177,18.871635863650365,0.055343246449812256,94.16461448774389,94.271896312611,0.10728182486711546,10.744567624558996
snr,3-layer SIM (BMI-adaptive),34.0,10.0,5.0,18.926979110100177,18.875369898640045,0.05160921146013209,94.16461448774389,94.1529146652966,0.011699822447283736,11.506030839252336
snr,No intelligent surface,34.0,11.0,5.0,24.911978796835072,6.984536909600518,17.927441887234554,63.211886976410895,47.220668950007294,15.991218026403601,-11.663814687423564
snr,Digital MVDR array (BMI-adaptive),34.0,11.0,5.0,24.911978796835072,24.869807725901186,0.04217107093388606,63.211886976410895,63.37968648477282,0.1677995083619237,11.597112620886334
snr,1-layer RIS (BMI-adaptive),34.0,11.0,5.0,24.911978796835072,24.875941124434693,0.03603767240037925,63.211886976410895,63.45989022096866,0.2480032445577649,7.661498055070496
snr,3-layer SIM (universal),34.0,11.0,5.0,24.911978796835072,24.873211945446016,0.038766851389056,63.211886976410895,63.246606975223536,0.03471999881264054,10.873172416660061
snr,3-layer SIM (BMI-adaptive),34.0,11.0,5.0,24.911978796835072,24.86849841574663,0.04348038108844321,63.211886976410895,63.1669364784286,0.04495049798229189,11.61841393196921
snr,No intelligent surface,38.0,0.0,5.0,24.289642523995344,1.4846474624286135,22.80499506156673,73.22629987528421,59.32881347032583,13.897486404958386,-13.75645269423555
snr,Digital MVDR array (BMI-adaptive),38.0,0.0,5.0,24.289642523995344,24.24244208301022,0.04720044098512233,73.22629987528421,73.34936991809619,0.12307004281197464,12.334205179335038
snr,1-layer RIS (BMI-adaptive),38.0,0.0,5.0,24.289642523995344,24.240323272973317,0.04931925102202683,73.22629987528421,73.38953470813433,0.1632348328501223,8.21301336394465
snr,3-layer SIM (universal),38.0,0.0,5.0,24.289642523995344,24.236911912933877,0.0527306110614667,73.22629987528421,73.39007695579795,0.1637770805137393,10.567376809894517
snr,3-layer SIM (BMI-adaptive),38.0,0.0,5.0,24.289642523995344,24.237391410448513,0.05225111354683065,73.22629987528421,73.25348808717857,0.027188211894355163,12.218105576762637
snr,No intelligent surface,38.0,1.0,5.0,15.668450347587532,7.054248392060927,8.614201955526605,65.0764778720385,62.949991599473265,2.1264862725652307,-13.758536691322941
snr,Digital MVDR array (BMI-adaptive),38.0,1.0,5.0,15.668450347587532,15.624425172936808,0.04402517465072364,65.0764778720385,65.11472464543867,0.038246773400175016,12.355215431225712
snr,1-layer RIS (BMI-adaptive),38.0,1.0,5.0,15.668450347587532,15.62180922827597,0.04664111931156256,65.0764778720385,65.21371455146787,0.13723667942937823,8.237351148681633
snr,3-layer SIM (universal),38.0,1.0,5.0,15.668450347587532,15.620028990840284,0.04842135674724801,65.0764778720385,65.27703627938992,0.20055840735142283,10.887338528355599
snr,3-layer SIM (BMI-adaptive),38.0,1.0,5.0,15.668450347587532,15.6185195981932,0.049930749394331286,65.0764778720385,65.23059650899788,0.15411863695938166,12.258108556632973
snr,No intelligent surface,38.0,2.0,5.0,16.6628667797777,4.86909643146856,11.793770348309142,84.31216756947916,51.03380149190244,33.27836607757672,-13.760569927995634
snr,Digital MVDR array (BMI-adaptive),38.0,2.0,5.0,16.6628667797777,16.617818151535417,0.045048628242284394,84.31216756947916,84.14187296875326,0.17029460072589586,12.357883477963512
snr,1-layer RIS (BMI-adaptive),38.0,2.0,5.0,16.6628667797777,16.61403890748648,0.048827872291219876,84.31216756947916,84.11607516868476,0.1960924007943987,8.233154623109966
snr,3-layer SIM (universal),38.0,2.0,5.0,16.6628667797777,16.611464793104588,0.05140198667311324,84.31216756947916,84.33270025011478,0.02053268063562541,11.460300072304017
snr,3-layer SIM (BMI-adaptive),38.0,2.0,5.0,16.6628667797777,16.610724196225615,0.05214258355208656,84.31216756947916,84.40843713508978,0.09626956561062627,12.335945179366465
snr,No intelligent surface,38.0,3.0,5.0,16.651440553562086,7.515642416927186,9.1357981366349,91.77371960544336,63.69857834863717,28.07514125680619,-13.75996343552748
snr,Digital MVDR array (BMI-adaptive),38.0,3.0,5.0,16.651440553562086,16.606089425903004,0.04535112765908167,91.77371960544336,91.86017425103714,0.08645464559377558,12.469421391485486
snr,1-layer RIS (BMI-adaptive),38.0,3.0,5.0,16.651440553562086,16.607946541249262,0.04349401231282357,91.77371960544336,91.82290311591466,0.04918351047129477,8.344892438938427
snr,3-layer SIM (universal),38.0,3.0,5.0,16.651440553562086,16.60463825542047,0.046802298141617626,91.77371960544336,91.82803032002805,0.0543107145846875,11.31070819222648
snr,3-layer SIM (BMI-adaptive),38.0,3.0,5.0,16.651440553562086,16.60358290378233,0.047857649779757594,91.77371960544336,91.77175760797581,0.001961997467546439,12.420299926036385
snr,No intelligent surface,38.0,4.0,5.0,19.08478246260513,9.83334490272024,9.25143755988489,95.27844535949693,51.85400736183396,43.42443799766297,-13.758943258211945
snr,Digital MVDR array (BMI-adaptive),38.0,4.0,5.0,19.08478246260513,19.0368405617205,0.047941900884630684,95.27844535949693,95.4185798259353,0.14013446643836858,12.474219686418005
snr,1-layer RIS (BMI-adaptive),38.0,4.0,5.0,19.08478246260513,19.045439333544778,0.03934312906035231,95.27844535949693,95.44374185049548,0.16529649099855703,8.35159832933934
snr,3-layer SIM (universal),38.0,4.0,5.0,19.08478246260513,19.04703213507545,0.037750327529678884,95.27844535949693,95.36752496211157,0.08907960261464609,11.104146837224587
snr,3-layer SIM (BMI-adaptive),38.0,4.0,5.0,19.08478246260513,19.046052050296247,0.03873041230888319,95.27844535949693,95.29071995726417,0.012274597767245155,12.40447783288709
snr,No intelligent surface,38.0,5.0,5.0,21.512272163536263,11.685807475864493,9.82646468767177,72.32559898584572,66.70447621428917,5.621122771556543,-13.759894405859898
snr,Digital MVDR array (BMI-adaptive),38.0,5.0,5.0,21.512272163536263,21.4640757914783,0.04819637205796212,72.32559898584572,72.26120912916203,0.06438985668368957,12.477085260763804
snr,1-layer RIS (BMI-adaptive),38.0,5.0,5.0,21.512272163536263,21.458943376911506,0.05332878662475693,72.32559898584572,72.33543844724456,0.009839461398840399,8.35271408691803
snr,3-layer SIM (universal),38.0,5.0,5.0,21.512272163536263,21.4602817027793,0.051990460756961454,72.32559898584572,72.34682706867657,0.021228082830859307,11.303131268500897
snr,3-layer SIM (BMI-adaptive),38.0,5.0,5.0,21.512272163536263,21.460877577547706,0.051394585988557395,72.32559898584572,72.38039079989903,0.05479181405331701,12.427408180118052
snr,No intelligent surface,38.0,6.0,5.0,21.709529199819055,17.571175728640576,4.13835347117848,74.85564008048979,64.17298637434425,10.682653706145544,-13.760424425764588
snr,Digital MVDR array (BMI-adaptive),38.0,6.0,5.0,21.709529199819055,21.65751024594718,0.05201895387187605,74.85564008048979,74.90105637831431,0.045416297824516505,12.130230165524868
snr,1-layer RIS (BMI-adaptive),38.0,6.0,5.0,21.709529199819055,21.657901334806763,0.05162786501229277,74.85564008048979,74.85209691309669,0.0035431673931043406,8.012025301037076
snr,3-layer SIM (universal),38.0,6.0,5.0,21.709529199819055,21.663455266438465,0.046073933380590404,74.85564008048979,74.79039063267561,0.06524944781418185,11.326340657588304
snr,3-layer SIM (BMI-adaptive),38.0,6.0,5.0,21.709529199819055,21.665096275745597,0.044432924073458224,74.85564008048979,74.76127799010514,0.09436209038464938,12.10235147826043
snr,No intelligent surface,38.0,7.0,5.0,16.552056988503708,6.442638948561306,10.109418039942401,94.4504144981174,53.69712123867736,40.753293259440035,-13.75783451978825
snr,Digital MVDR array (BMI-adaptive),38.0,7.0,5.0,16.552056988503708,16.510293278050025,0.04176371045368299,94.4504144981174,94.44317451224754,0.007239985869858856,12.526913014587658
snr,1-layer RIS (BMI-adaptive),38.0,7.0,5.0,16.552056988503708,16.509466574316246,0.04259041418746179,94.4504144981174,94.49576575122393,0.04535125310653143,8.439816276722533
snr,3-layer SIM (universal),38.0,7.0,5.0,16.552056988503708,16.50472155693875,0.047335431564956565,94.4504144981174,94.53378092139603,0.0833664232786333,11.130023016011318
snr,3-layer SIM (BMI-adaptive),38.0,7.0,5.0,16.552056988503708,16.502533665733196,0.04952332277051141,94.4504144981174,94.53322888014874,0.08281438203134428,12.49560953463389
snr,No intelligent surface,38.0,8.0,5.0,13.032572272377104,5.397553244447276,7.635019027929828,59.00393109990667,84.04280846555298,25.038877365646307,-13.757089797969687
snr,Digital MVDR array (BMI-adaptive),38.0,8.0,5.0,13.032572272377104,12.983897528129383,0.048674744247721335,59.00393109990667,59.11815742050666,0.1142263205999896,12.275635528000038
snr,1-layer RIS (BMI-adaptive),38.0,8.0,5.0,13.032572272377104,12.987833266118187,0.0447390062589168,59.00393109990667,59.19197360216456,0.1880425022578862,8.160580253931426
snr,3-layer SIM (universal),38.0,8.0,5.0,13.032572272377104,12.989251398225866,0.04332087415123809,59.00393109990667,59.01449212767342,0.010561027766748055,10.575103449929234
snr,3-layer SIM (BMI-adaptive),38.0,8.0,5.0,13.032572272377104,12.990309246560797,0.042263025816307476,59.00393109990667,59.04027578819372,0.036344688287044846,12.151678910005385
snr,No intelligent surface,38.0,9.0,5.0,10.99405114919961,8.319036500274533,2.6750146489250763,98.71335836592942,47.56075456456955,51.152603801359874,-13.760407169629032
snr,Digital MVDR array (BMI-adaptive),38.0,9.0,5.0,10.99405114919961,10.95011074835071,0.04394040084889994,98.71335836592942,98.75827576865616,0.04491740272673894,12.391948211868424
snr,1-layer RIS (BMI-adaptive),38.0,9.0,5.0,10.99405114919961,10.958160770418615,0.035890378780994325,98.71335836592942,98.67238955683656,0.040968809092859715,8.274791434570293
snr,3-layer SIM (universal),38.0,9.0,5.0,10.99405114919961,10.954318207068955,0.03973294213065515,98.71335836592942,98.5999987879354,0.11335957799401797,11.58180959286356
snr,3-layer SIM (BMI-adaptive),38.0,9.0,5.0,10.99405114919961,10.954129165626787,0.03992198357282284,98.71335836592942,98.5873497322261,0.1260086337033215,12.40081941953533
snr,No intelligent surface,38.0,10.0,5.0,19.858884606129116,18.51473586836263,1.344148737766485,75.00747224794289,50.71753886023613,24.289933387706753,-13.760100536249345
snr,Digital MVDR array (BMI-adaptive),38.0,10.0,5.0,19.858884606129116,19.813800548414633,0.045084057714483095,75.00747224794289,74.88331846930745,0.12415377863543142,12.527042790501914
snr,1-layer RIS (BMI-adaptive),38.0,10.0,5.0,19.858884606129116,19.809252657049285,0.04963194907983137,75.00747224794289,74.73540877258596,0.27206347535693,8.40636561208082
snr,3-layer SIM (universal),38.0,10.0,5.0,19.858884606129116,19.806692151803556,0.05219245432556008,75.00747224794289,74.93916799335278,0.06830425459010314,11.453730073752748
snr,3-layer SIM (BMI-adaptive),38.0,10.0,5.0,19.858884606129116,19.80531111578934,0.053573490339775987,75.00747224794289,74.96104992380508,0.04642232413780789,12.50280464531129
snr,No intelligent surface,38.0,11.0,5.0,21.61308987132457,11.945608523457633,9.667481347866936,63.705876498424146,55.838666733617615,7.867209764806532,-13.760427950749623
snr,Digital MVDR array (BMI-adaptive),38.0,11.0,5.0,21.61308987132457,21.569286390404276,0.043803480920292515,63.705876498424146,63.5276442967333,0.17823220169084664,12.463798267315314
snr,1-layer RIS (BMI-adaptive),38.0,11.0,5.0,21.61308987132457,21.571113814929223,0.041976056395345296,63.705876498424146,63.48046422500549,0.22541227341865522,8.339959644169712
snr,3-layer SIM (universal),38.0,11.0,5.0,21.61308987132457,21.569150214140066,0.04393965718450232,63.705876498424146,63.50665099361852,0.19922550480562506,11.486981988510783
snr,3-layer SIM (BMI-adaptive),38.0,11.0,5.0,21.61308987132457,21.566367593933418,0.04672227739115087,63.705876498424146,63.65737889967997,0.04849759874417714,12.443062196787025
snr,No intelligent surface,18.0,0.0,10.0,13.967883734059752,13.970510547722922,0.002626813663169969,68.41090083960857,68.30831757164941,0.10258326795916162,-7.598023842764945
snr,Digital MVDR array (BMI-adaptive),18.0,0.0,10.0,13.967883734059752,13.925709320391132,0.0421744136686204,68.41090083960857,68.53977742117019,0.12887658156161308,9.037980515055072
snr,1-layer RIS (BMI-adaptive),18.0,0.0,10.0,13.967883734059752,13.923277757781934,0.04460597627781837,68.41090083960857,68.30318909678869,0.10771174281988749,5.394905198877255
snr,3-layer SIM (universal),18.0,0.0,10.0,13.967883734059752,13.923662435310376,0.04422129874937575,68.41090083960857,68.54523077142956,0.13432993182098585,7.902339122580447
snr,3-layer SIM (BMI-adaptive),18.0,0.0,10.0,13.967883734059752,13.921722758409521,0.04616097565023125,68.41090083960857,68.3297022978198,0.08119854178877972,9.218706536756887
snr,No intelligent surface,18.0,1.0,10.0,18.75874237290061,-0.6178593465697166,19.376601719470326,93.00198738883023,60.21680182642158,32.78518556240865,-7.597743121222939
snr,Digital MVDR array (BMI-adaptive),18.0,1.0,10.0,18.75874237290061,18.703389608540416,0.055352764360193873,93.00198738883023,92.91436151401275,0.0876258748174763,8.983803672617372
snr,1-layer RIS (BMI-adaptive),18.0,1.0,10.0,18.75874237290061,18.720207056618815,0.03853531628179496,93.00198738883023,93.11883948504811,0.11685209621788317,5.143927369457895
snr,3-layer SIM (universal),18.0,1.0,10.0,18.75874237290061,18.702720576611284,0.056021796289325465,93.00198738883023,92.87908517266364,0.1229022161665938,7.57407593741216
snr,3-layer SIM (BMI-adaptive),18.0,1.0,10.0,18.75874237290061,18.719114452171016,0.03962792072959331,93.00198738883023,93.09160250839088,0.08961511956064783,8.844527053557945
snr,No intelligent surface,18.0,2.0,10.0,16.807991843047045,17.49685592264307,0.6888640795960264,71.24956222474773,47.18569429350585,24.063867931241887,-7.597766486668638
snr,Digital MVDR array (BMI-adaptive),18.0,2.0,10.0,16.807991843047045,16.763426129797004,0.04456571325004077,71.24956222474773,71.26111850147313,0.011556276725400494,8.800194734582059
snr,1-layer RIS (BMI-adaptive),18.0,2.0,10.0,16.807991843047045,16.761537077710503,0.04645476533654147,71.24956222474773,71.19611516292434,0.053447061823391095,5.086697882743603
snr,3-layer SIM (universal),18.0,2.0,10.0,16.807991843047045,16.76813999945861,0.03985184358843341,71.24956222474773,71.28926431716329,0.03970209241555267,7.09666480848038
snr,3-layer SIM (BMI-adaptive),18.0,2.0,10.0,16.807991843047045,16.757743406219248,0.050248436827796894,71.24956222474773,71.18655119733391,0.06301102741382181,8.575886408769515
snr,No intelligent surface,18.0,3.0,10.0,14.550522338076934,13.605598832629502,0.9449235054474325,70.72396348346656,47.899728989105185,22.824234494361377,-7.597824418135623
snr,Digital MVDR array (BMI-adaptive),18.0,3.0,10.0,14.550522338076934,14.506130668289249,0.04439166978768583,70.72396348346656,70.73520174797933,0.011238264512769547,9.117824559735778
snr,1-layer RIS (BMI-adaptive),18.0,3.0,10.0,14.550522338076934,14.503559375797598,0.04696296227933594,70.72396348346656,70.78978228229292,0.06581879882635633,5.4328196908147515
snr,3-layer SIM (universal),18.0,3.0,10.0,14.550522338076934,14.509263088389686,0.04125924968724881,70.72396348346656,70.74760689122513,0.02364340775856988,7.668388903904518
snr,3-layer SIM (BMI-adaptive),18.0,3.0,10.0,14.550522338076934,14.500698753820613,0.049823584256321496,70.72396348346656,70.68614457130855,0.03781891215801636,9.077251556628886
snr,No intelligent surface,18.0,4.0,10.0,21.072243560614396,6.5077032939294375,14.564540266684958,67.222697276503,50.82136484841949,16.401332428083506,-7.597774760668898
snr,Digital MVDR array (BMI-adaptive),18.0,4.0,10.0,21.072243560614396,21.025543693842277,0.046699866772119236,67.222697276503,67.29678110466328,0.07408382816028336,8.678035849314291
snr,1-layer RIS (BMI-adaptive),18.0,4.0,10.0,21.072243560614396,21.03038157801462,0.04186198259977658,67.222697276503,67.41008247867254,0.18738520216953702,4.976693152014047
snr,3-layer SIM (universal),18.0,4.0,10.0,21.072243560614396,21.029060785841057,0.04318277477333865,67.222697276503,67.23193222469708,0.00923494819407722,6.899771740797872
snr,3-layer SIM (BMI-adaptive),18.0,4.0,10.0,21.072243560614396,21.026532933282592,0.04571062733180398,67.222697276503,67.2781572457166,0.05545996921360086,8.416630793195123
snr,No intelligent surface,18.0,5.0,10.0,18.309244019288684,4.3551326879051375,13.954111331383547,68.77580637385239,55.482992013814325,13.292814360038065,-7.597951305521624
snr,Digital MVDR array (BMI-adaptive),18.0,5.0,10.0,18.309244019288684,18.261672411815223,0.04757160747346134,68.77580637385239,68.89817311359477,0.12236673974237533,8.857459763535541
snr,1-layer RIS (BMI-adaptive),18.0,5.0,10.0,18.309244019288684,18.25580959343587,0.05343442585281366,68.77580637385239,68.61214473234,0.16366164151239104,5.38742081923771
snr,3-layer SIM (universal),18.0,5.0,10.0,18.309244019288684,18.263099360117486,0.04614465917119759,68.77580637385239,68.89035349851852,0.1145471246661316,7.210126269036198
snr,3-layer SIM (BMI-adaptive),18.0,5.0,10.0,18.309244019288684,18.258465598311908,0.05077842097677632,68.77580637385239,68.64657712317084,0.12922925068154711,8.835156748861202
snr,No intelligent surface,18.0,6.0,10.0,25.061537171786203,24.981173628268103,0.08036354351810004,63.358069887542904,63.784287386147994,0.42621749860509084,-7.5980429172463175
snr,Digital MVDR array (BMI-adaptive),18.0,6.0,10.0,25.061537171786203,25.01574065585048,0.04579651593572365,63.358069887542904,63.48131644434447,0.12324655680156837,9.027264460163952
snr,1-layer RIS (BMI-adaptive),18.0,6.0,10.0,25.061537171786203,25.019275549215283,0.042261622570919144,63.358069887542904,63.20986480539163,0.14820508215127148,5.198199968304752
snr,3-layer SIM (universal),18.0,6.0,10.0,25.061537171786203,25.013479423407805,0.04805774837839749,63.358069887542904,63.46824504202209,0.11017515447918669,8.153188610018052
snr,3-layer SIM (BMI-adaptive),18.0,6.0,10.0,25.061537171786203,25.016587773083693,0.044949398702510024,63.358069887542904,63.22147400330039,0.13659588424251012,9.291146780410246
snr,No intelligent surface,18.0,7.0,10.0,16.60964879989673,16.644853160557545,0.035204360660817,70.42347101545967,49.30444616851704,21.11902484694263,-7.5978102852684675
snr,Digital MVDR array (BMI-adaptive),18.0,7.0,10.0,16.60964879989673,16.56203819934462,0.047610600552108195,70.42347101545967,70.32810137480155,0.09536964065812015,9.191086493695694
snr,1-layer RIS (BMI-adaptive),18.0,7.0,10.0,16.60964879989673,16.56443521493797,0.045213584958759157,70.42347101545967,70.46339066924799,0.03991965378831708,5.445594497253435
snr,3-layer SIM (universal),18.0,7.0,10.0,16.60964879989673,16.563971443255742,0.04567735664098649,70.42347101545967,70.3323486836559,0.09112233180377416,7.8444310951926
snr,3-layer SIM (BMI-adaptive),18.0,7.0,10.0,16.60964879989673,16.56282545615075,0.0468233437459773,70.42347101545967,70.43008937944906,0.006618363989389309,9.177044472741526
snr,No intelligent surface,18.0,8.0,10.0,22.816548305349297,10.200382984116146,12.61616532123315,88.50372583343945,48.673738421314766,39.82998741212468,-7.598063426325953
snr,Digital MVDR array (BMI-adaptive),18.0,8.0,10.0,22.816548305349297,22.766541608061516,0.050006697287781066,88.50372583343945,88.51132835824878,0.00760252480932877,8.818896914436726
snr,1-layer RIS (BMI-adaptive),18.0,8.0,10.0,22.816548305349297,22.7660394940802,0.05050881126909701,88.50372583343945,88.43331801274152,0.07040782069792328,5.391018262749723
snr,3-layer SIM (universal),18.0,8.0,10.0,22.816548305349297,22.76462003599575,0.051928269353545886,88.50372583343945,88.43823550295465,0.06549033048479203,7.353425370663997
snr,3-layer SIM (BMI-adaptive),18.0,8.0,10.0,22.816548305349297,22.772586149556002,0.04396215579329521,88.50372583343945,88.4823957362762,0.021330097163243522,8.919523657382506
snr,No intelligent surface,18.0,9.0,10.0,19.237609366215413,7.797863537925717,11.439745828289695,86.19880909504789,53.15407026128854,33.044738833759354,-7.598183097223448
snr,Digital MVDR array (BMI-adaptive),18.0,9.0,10.0,19.237609366215413,19.193544417100906,0.044064949114506646,86.19880909504789,86.17039192793852,0.02841716710936737,8.726274182848266
snr,1-layer RIS (BMI-adaptive),18.0,9.0,10.0,19.237609366215413,19.19254426077078,0.045065105444631826,86.19880909504789,86.14525645371265,0.05355264133524429,5.273650244578125
snr,3-layer SIM (universal),18.0,9.0,10.0,19.237609366215413,19.19217956560297,0.045429800612442506,86.19880909504789,86.18318944399643,0.015619651051466121,7.51945959581214
snr,3-layer SIM (BMI-adaptive),18.0,9.0,10.0,19.237609366215413,19.190516433524195,0.047092932691217726,86.19880909504789,86.21828779230486,0.0194786972569716,8.9600392782435
snr,No intelligent surface,18.0,10.0,10.0,21.80770401355853,5.690479267259593,16.117224746298938,76.27461545358948,68.16042430100698,8.114191152582492,-7.598234026080224
snr,Digital MVDR array (BMI-adaptive),18.0,10.0,10.0,21.80770401355853,21.76227645864139,0.0454275549171399,76.27461545358948,76.16905421603612,0.10556123755335989,8.534412149321613
snr,1-layer RIS (BMI-adaptive),18.0,10.0,10.0,21.80770401355853,21.763086247835297,0.044617765723234726,76.27461545358948,76.17419792932424,0.10041752426523942,5.249349609740599
snr,3-layer SIM (universal),18.0,10.0,10.0,21.80770401355853,21.763886178915186,0.04381783464334532,76.27461545358948,76.28352868939204,0.008913235802566533,7.106067979814357
snr,3-layer SIM (BMI-adaptive),18.0,10.0,10.0,21.80770401355853,21.76272267975052,0.044981333808010504,76.27461545358948,76.24975509717542,0.024860356414052376,8.730014074282499
snr,No intelligent surface,18.0,11.0,10.0,15.049653222267512,4.122531247337577,10.927121974929936,74.55965557306135,61.374965172151384,13.184690400909965,-7.597747600966194
snr,Digital MVDR array (BMI-adaptive),18.0,11.0,10.0,15.049653222267512,15.005315294697382,0.044337927570129665,74.55965557306135,74.48082880982845,0.07882676323289672,8.786812451561772
snr,1-layer RIS (BMI-adaptive),18.0,11.0,10.0,15.049653222267512,15.155909297702108,0.10625607543459559,74.55965557306135,74.64488901342841,0.08523344036706249,5.020339867120651
snr,3-layer SIM (universal),18.0,11.0,10.0,15.049653222267512,15.004404992520502,0.045248229747009816,74.55965557306135,74.59496732516668,0.03531175210532922,7.136831577018199
snr,3-layer SIM (BMI-adaptive),18.0,11.0,10.0,15.049653222267512,15.003912115587772,0.045741106679740184,74.55965557306135,74.47875901813573,0.08089655492561576,8.547843592908082
snr,No intelligent surface,22.0,0.0,10.0,21.525847358327105,6.137680828410021,15.388166529917084,75.94645959346165,56.57704958303612,19.369410010425533,-7.543520483880403
snr,Digital MVDR array (BMI-adaptive),22.0,0.0,10.0,21.525847358327105,21.475300128849828,0.050547229477277966,75.94645959346165,75.98116173887578,0.03470214541412986,6.51075400171158
snr,1-layer RIS (BMI-adaptive),22.0,0.0,10.0,21.525847358327105,21.470669963965285,0.05517739436182012,75.94645959346165,76.27622746182969,0.3297678683680374,3.6546336083185746
snr,3-layer SIM (universal),22.0,0.0,10.0,21.525847358327105,21.472160351020595,0.05368700730651099,75.94645959346165,75.802865630532,0.14359396292965698,4.876968741363829
snr,3-layer SIM (BMI-adaptive),22.0,0.0,10.0,21.525847358327105,21.477600581548433,0.048246776778672285,75.94645959346165,76.15869978881989,0.21224019535823402,6.402317600988726
snr,No intelligent surface,22.0,1.0,10.0,17.64749957589065,17.859154990608317,0.21165541471766858,88.35500924241853,88.46145047962382,0.10644123720528853,-7.544124914792344
snr,Digital MVDR array (BMI-adaptive),22.0,1.0,10.0,17.64749957589065,17.605026048449716,0.04247352744093291,88.35500924241853,88.42727184733161,0.07226260491307812,6.151116210044859
snr,1-layer RIS (BMI-adaptive),22.0,1.0,10.0,17.64749957589065,17.601327539780048,0.046172036110601056,88.35500924241853,88.21903728763998,0.1359719547785545,3.6507592699937237
snr,3-layer SIM (universal),22.0,1.0,10.0,17.64749957589065,17.602592841504787,0.04490673438586157,88.35500924241853,88.41123102598695,0.056221783568418005,4.981936128322445
snr,3-layer SIM (BMI-adaptive),22.0,1.0,10.0,17.64749957589065,17.60374952596528,0.04375004992536802,88.35500924241853,88.27870389065694,0.07630535176159015,6.297599392694755
snr,No intelligent surface,22.0,2.0,10.0,22.438836454375878,10.665027836090891,11.773808618284987,68.42785318606656,57.37674388661303,11.051109299453529,-7.543713894363734
snr,Digital MVDR array (BMI-adaptive),22.0,2.0,10.0,22.438836454375878,22.386762814745314,0.05207363963056366,68.42785318606656,68.11841893533934,0.30943425072722164,6.538560001881402
snr,1-layer RIS (BMI-adaptive),22.0,2.0,10.0,22.438836454375878,22.402104484578356,0.03673196979752191,68.42785318606656,68.10404633616075,0.3238068499058073,3.8266690207376817
snr,3-layer SIM (universal),22.0,2.0,10.0,22.438836454375878,22.38042430159313,0.05841215278274703,68.42785318606656,68.15554169802942,0.2723114880371327,4.845500444443439
snr,3-layer SIM (BMI-adaptive),22.0,2.0,10.0,22.438836454375878,22.399757270668232,0.039079183707645626,68.42785318606656,68.24901361483303,0.17883957123352445,6.48547983887994
snr,No intelligent surface,22.0,3.0,10.0,14.352633642509986,5.099405804721451,9.253227837788534,69.87929888808534,54.37825311630995,15.501045771775395,-7.543641150006437
snr,Digital MVDR array (BMI-adaptive),22.0,3.0,10.0,14.352633642509986,14.306014500938165,0.04661914157182068,69.87929888808534,69.9325836222697,0.053284734184359195,6.4688019889437545
snr,1-layer RIS (BMI-adaptive),22.0,3.0,10.0,14.352633642509986,14.316728655650373,0.035904986859613075,69.87929888808534,69.63534620506913,0.24395268301621797,3.572267862530642
snr,3-layer SIM (universal),22.0,3.0,10.0,14.352633642509986,14.304004596256881,0.04862904625310449,69.87929888808534,69.97492916266921,0.09563027458386841,5.484983301566679
snr,3-layer SIM (BMI-adaptive),22.0,3.0,10.0,14.352633642509986,14.31056796726657,0.04206567524341587,69.87929888808534,69.88427128842416,0.004972400338814964,6.540316376298518
snr,No intelligent surface,22.0,4.0,10.0,18.20925045878519,4.681874418407282,13.527376040377906,68.13448790251381,53.15082875956383,14.983659142949982,-7.54436232226987
snr,Digital MVDR array (BMI-adaptive),22.0,4.0,10.0,18.20925045878519,18.164051475539665,0.045198983245523294,68.13448790251381,68.20292145336803,0.06843355085422331,5.907662417615769
snr,1-layer RIS (BMI-adaptive),22.0,4.0,10.0,18.20925045878519,18.157823131154707,0.0514273276304813,68.13448790251381,68.17474233972699,0.04025443721317856,3.827069669047816
snr,3-layer SIM (universal),22.0,4.0,10.0,18.20925045878519,18.11203770757749,0.09721275120769945,68.13448790251381,67.89101159184246,0.24347631067135467,3.633161279820634
snr,3-layer SIM (BMI-adaptive),22.0,4.0,10.0,18.20925045878519,18.159663041896252,0.04958741688893653,68.13448790251381,68.16877447737889,0.03428657486507802,5.908024461576301
snr,No intelligent surface,22.0,5.0,10.0,17.811207176543025,5.991977885650956,11.81922929089207,97.85495188213658,53.22303175086117,44.63192013127541,-7.544016045057066
snr,Digital MVDR array (BMI-adaptive),22.0,5.0,10.0,17.811207176543025,17.76516610658933,0.04604106995369506,97.85495188213658,97.91752523538804,0.06257335325146585,6.315943121741424
snr,1-layer RIS (BMI-adaptive),22.0,5.0,10.0,17.811207176543025,17.76209814718881,0.04910902935421646,97.85495188213658,97.8622493592529,0.007297477116324558,3.8705327054643917
snr,3-layer SIM (universal),22.0,5.0,10.0,17.811207176543025,17.768553125350245,0.04265405119278043,97.85495188213658,97.90506518618722,0.050113304050640295,4.453945676824185
snr,3-layer SIM (BMI-adaptive),22.0,5.0,10.0,17.811207176543025,17.76170592884555,0.049501247697474327,97.85495188213658,97.88785026885131,0.03289838671473433,6.309258952660411
snr,No intelligent surface,22.0,6.0,10.0,14.48345803708795,3.2696537357820428,11.213804301305906,80.26573055186678,79.8733069867649,0.39242356510187903,-7.5437581906947635
snr,Digital MVDR array (BMI-adaptive),22.0,6.0,10.0,14.48345803708795,14.445961351646464,0.037496685441485766,80.26573055186678,80.26431261920654,0.0014179326602459241,6.444913059786154
snr,1-layer RIS (BMI-adaptive),22.0,6.0,10.0,14.48345803708795,14.423245129406814,0.06021290768113552,80.26573055186678,80.41340353803339,0.1476729861666115,3.857733714748752
snr,3-layer SIM (universal),22.0,6.0,10.0,14.48345803708795,14.461336846749258,0.022121190338690866,80.26573055186678,80.23780665155573,0.027923900311051852,4.1327590504208445
snr,3-layer SIM (BMI-adaptive),22.0,6.0,10.0,14.48345803708795,14.42081464535634,0.06264339173160849,80.26573055186678,80.32851200444995,0.0627814525831667,6.2815579878844074
snr,No intelligent surface,22.0,7.0,10.0,19.20495102417051,8.670695098492384,10.534255925678124,77.95930190435828,53.847747970196664,24.11155393416162,-7.544001781225273
snr,Digital MVDR array (BMI-adaptive),22.0,7.0,10.0,19.20495102417051,19.154839490733693,0.05011153343681585,77.95930190435828,78.01878201710616,0.059480112747877456,6.194955300165493
snr,1-layer RIS (BMI-adaptive),22.0,7.0,10.0,19.20495102417051,19.15556527421326,0.0493857499572492,77.95930190435828,78.00407600702277,0.044774102664490556,3.4922676164239626
snr,3-layer SIM (universal),22.0,7.0,10.0,19.20495102417051,19.153105121048412,0.05184590312209636,77.95930190435828,77.93891312040503,0.020388783953251277,5.417122041797855
snr,3-layer SIM (BMI-adaptive),22.0,7.0,10.0,19.20495102417051,19.155796427735787,0.04915459643472175,77.95930190435828,78.0221709669257,0.06286906256741531,6.39257080935923
snr,No intelligent surface,22.0,8.0,10.0,14.086737352212811,13.660983595296955,0.4257537569158565,80.1589830370699,77.03109978316425,3.127883253905651,-7.543706172019602
snr,Digital MVDR array (BMI-adaptive),22.0,8.0,10.0,14.086737352212811,14.034089893644115,0.05264745856869624,80.1589830370699,80.4360807836865,0.27709774661660447,6.4960708458605945
snr,1-layer RIS (BMI-adaptive),22.0,8.0,10.0,14.086737352212811,14.038964372734117,0.047772979478693856,80.1589830370699,80.51931792925943,0.3603348921895275,3.8375368845514144
snr,3-layer SIM (universal),22.0,8.0,10.0,14.086737352212811,14.037079705680148,0.04965764653266369,80.1589830370699,80.30177127820367,0.14278824113377198,4.4091648934014875
snr,3-layer SIM (BMI-adaptive),22.0,8.0,10.0,14.086737352212811,14.036697586091634,0.05003976612117711,80.1589830370699,80.3457352874262,0.1867522503562924,6.360696698764458
snr,No intelligent surface,22.0,9.0,10.0,23.690209465927577,8.837103606373654,14.853105859553922,86.42381068155487,77.66755137597244,8.756259305582432,-7.543549274496292
snr,Digital MVDR array (BMI-adaptive),22.0,9.0,10.0,23.690209465927577,23.644638850954408,0.045570614973168944,86.42381068155487,86.41227988116549,0.011530800389380147,4.195609844021991
snr,1-layer RIS (BMI-adaptive),22.0,9.0,10.0,23.690209465927577,23.649129240314668,0.041080225612908805,86.42381068155487,86.49435234561048,0.07054166405561091,1.6651719713391155
snr,3-layer SIM (universal),22.0,9.0,10.0,23.690209465927577,23.749675834219044,0.05946636829146712,86.42381068155487,52.65399468088556,33.76981600066931,2.4653309184426604
snr,3-layer SIM (BMI-adaptive),22.0,9.0,10.0,23.690209465927577,23.65140537779471,0.038804088132867065,86.42381068155487,86.52489589173545,0.10108521018058525,3.808959923842861
snr,No intelligent surface,22.0,10.0,10.0,23.478399595429998,22.936912800660128,0.5414867947698703,93.65451723126449,51.66478910151614,41.98972812974835,-7.543479874210389
snr,Digital MVDR array (BMI-adaptive),22.0,10.0,10.0,23.478399595429998,23.428374508024945,0.050025087405053625,93.65451723126449,93.6822198951412,0.02770266387670972,6.095270044760311
snr,1-layer RIS (BMI-adaptive),22.0,10.0,10.0,23.478399595429998,23.418505222779224,0.05989437265077413,93.65451723126449,93.73175744458587,0.07724021332137454,3.141020502347756
snr,3-layer SIM (universal),22.0,10.0,10.0,23.478399595429998,23.437628252100282,0.0407713433297161,93.65451723126449,93.74040535943948,0.08588812817498592,5.211189634916403
snr,3-layer SIM (BMI-adaptive),22.0,10.0,10.0,23.478399595429998,23.42122369198816,0.05717590344183776,93.65451723126449,93.64782878255352,0.006688448710974626,6.121680636736756
snr,No intelligent surface,22.0,11.0,10.0,20.192265861387803,11.424764333901491,8.767501527486312,95.08468847828777,52.12689051560163,42.95779796268614,-7.544168790763013
snr,Digital MVDR array (BMI-adaptive),22.0,11.0,10.0,20.192265861387803,20.134365174585184,0.057900686802618395,95.08468847828777,95.07277488796517,0.011913590322606638,6.126852091658586
snr,1-layer RIS (BMI-adaptive),22.0,11.0,10.0,20.192265861387803,20.14384859967177,0.048417261716032556,95.08468847828777,95.05641206879417,0.028276409493599886,3.7182868755700955
snr,3-layer SIM (universal),22.0,11.0,10.0,20.192265861387803,20.13337255325598,0.0588933081318217,95.08468847828777,95.01194790929824,0.07274056898953063,4.715487681584774
snr,3-layer SIM (BMI-adaptive),22.0,11.0,10.0,20.192265861387803,20.143069402581013,0.04919645880679013,95.08468847828777,95.11307468035096,0.028386202063188648,6.2371746543467275
snr,No intelligent surface,26.0,0.0,10.0,24.720820243851346,5.310521342810016,19.41029890104133,96.37159845652958,76.04212548981249,20.32947296671709,-8.750312160809514
snr,Digital MVDR array (BMI-adaptive),26.0,0.0,10.0,24.720820243851346,24.681379976121633,0.039440267729712986,96.37159845652958,96.46371076325367,0.09211230672408988,6.757288798429363
snr,1-layer RIS (BMI-adaptive),26.0,0.0,10.0,24.720820243851346,24.681231658157415,0.03958858569393087,96.37159845652958,96.54873324821334,0.17713479168375557,3.7170048738487784
snr,3-layer SIM (universal),26.0,0.0,10.0,24.720820243851346,24.680530031392024,0.04029021245932185,96.37159845652958,96.34594678562344,0.025651670906142954,5.468994718936634
snr,3-layer SIM (BMI-adaptive),26.0,0.0,10.0,24.720820243851346,24.68101281517399,0.03980742867735643,96.37159845652958,96.38135929429295,0.009760837763366226,6.850851269945284
snr,No intelligent surface,26.0,1.0,10.0,16.466220180238576,7.088412235946093,9.377807944292483,62.780347228534275,66.92678408031738,4.1464368517831005,-8.750456494350635
snr,Digital MVDR array (BMI-adaptive),26.0,1.0,10.0,16.466220180238576,16.42026105609164,0.04595912414693615,62.780347228534275,62.814317093514866,0.03396986498059107,7.372051219009743
snr,1-layer RIS (BMI-adaptive),26.0,1.0,10.0,16.466220180238576,16.42945211064623,0.03676806959234469,62.780347228534275,62.92480972717791,0.1444624986436338,4.291903254021981
snr,3-layer SIM (universal),26.0,1.0,10.0,16.466220180238576,16.41611954943984,0.05010063079873461,62.780347228534275,62.801386433847796,0.02103920531352088,7.024583452501997
snr,3-layer SIM (BMI-adaptive),26.0,1.0,10.0,16.466220180238576,16.41660207459012,0.049618105648455924,62.780347228534275,62.80337855380117,0.02303132526689211,7.4431770369385495
snr,No intelligent surface,26.0,2.0,10.0,19.500884301666087,9.115902706840837,10.38498159482525,77.56024129682356,62.79257086013401,14.76767043668955,-8.750433554404287
snr,Digital MVDR array (BMI-adaptive),26.0,2.0,10.0,19.500884301666087,19.450796537627998,0.05008776403808923,77.56024129682356,77.6040582381769,0.043816941353341576,6.974315891589459
snr,1-layer RIS (BMI-adaptive),26.0,2.0,10.0,19.500884301666087,19.456746487390678,0.04413781427540897,77.56024129682356,77.6210530714622,0.06081177463863696,4.026222471150271
snr,3-layer SIM (universal),26.0,2.0,10.0,19.500884301666087,19.44517557812435,0.055708723541737726,77.56024129682356,77.64688651654882,0.08664521972525563,6.04114976259814
snr,3-layer SIM (BMI-adaptive),26.0,2.0,10.0,19.500884301666087,19.44623384880564,0.05465045286044656,77.56024129682356,77.6317273105937,0.07148601377014074,7.071342700650161
snr,No intelligent surface,26.0,3.0,10.0,21.9754742805541,9.725665668796717,12.249808611757382,80.60130872337508,65.27924597423538,15.322062749139704,-8.749550015736375
snr,Digital MVDR array (BMI-adaptive),26.0,3.0,10.0,21.9754742805541,21.924314382422274,0.05115989813182509,80.60130872337508,80.46802151934193,0.1332872040331523,7.458036093069066
snr,1-layer RIS (BMI-adaptive),26.0,3.0,10.0,21.9754742805541,21.917851920704177,0.05762235984992259,80.60130872337508,80.56755885181705,0.033749871558029554,3.783012571736124
snr,3-layer SIM (universal),26.0,3.0,10.0,21.9754742805541,21.92583493584264,0.04963934471145848,80.60130872337508,80.40225654841217,0.19905217496291527,6.8959856886165
snr,3-layer SIM (BMI-adaptive),26.0,3.0,10.0,21.9754742805541,21.926381571242175,0.049092709311924665,80.60130872337508,80.45068941582414,0.1506193075509401,7.375757922709574
snr,No intelligent surface,26.0,4.0,10.0,10.897640954807285,10.935625961715534,0.03798500690824902,61.453069925870885,52.721117188281866,8.731952737589019,-8.749550577919859
snr,Digital MVDR array (BMI-adaptive),26.0,4.0,10.0,10.897640954807285,10.853388099798257,0.044252855009027314,61.453069925870885,61.331163623274506,0.12190630259637913,7.600530110726972
snr,1-layer RIS (BMI-adaptive),26.0,4.0,10.0,10.897640954807285,10.858043076404806,0.039597878402478415,61.453069925870885,61.31299882819205,0.14007109767883463,3.9663080156727086
snr,3-layer SIM (universal),26.0,4.0,10.0,10.897640954807285,10.848806538332223,0.048834416475061815,61.453069925870885,61.39474571416614,0.058324211704743334,7.03156910388718
snr,3-layer SIM (BMI-adaptive),26.0,4.0,10.0,10.897640954807285,10.84976425786054,0.047876696946744346,61.453069925870885,61.39654349931869,0.056526426552196085,7.546684073092096
snr,No intelligent surface,26.0,5.0,10.0,16.659251638236896,5.917994315727346,10.74125732250955,63.08002519522724,49.35096160187855,13.729063593348691,-8.749821482646482
snr,Digital MVDR array (BMI-adaptive),26.0,5.0,10.0,16.659251638236896,16.614312710593488,0.04493892764340757,63.08002519522724,63.13047803614863,0.050452840921387576,7.715537617061053
snr,1-layer RIS (BMI-adaptive),26.0,5.0,10.0,16.659251638236896,16.611697353213454,0.04755428502344117,63.08002519522724,63.00457656704827,0.07544862817897524,4.275520504109545
snr,3-layer SIM (universal),26.0,5.0,10.0,16.659251638236896,16.61690406030947,0.04234757792742627,63.08002519522724,63.11603823983978,0.03601304461253818,7.245628843674188
snr,3-layer SIM (BMI-adaptive),26.0,5.0,10.0,16.659251638236896,16.616502768690022,0.04274886954687318,63.08002519522724,63.137491886387615,0.0574666911603714,7.719095514394882
snr,No intelligent surface,26.0,6.0,10.0,19.9095633756009,15.487933766379744,4.421629609221156,93.60344553620499,57.16017074763348,36.44327478857151,-8.749483705390931
snr,Digital MVDR array (BMI-adaptive),26.0,6.0,10.0,19.9095633756009,19.869801790269488,0.039761585331412164,93.60344553620499,93.5581340659742,0.045311470230785744,7.403530153263144
snr,1-layer RIS (BMI-adaptive),26.0,6.0,10.0,19.9095633756009,19.8692944291932,0.04026894640769996,93.60344553620499,93.38903357095775,0.21441196524723694,3.707940845078938
snr,3-layer SIM (universal),26.0,6.0,10.0,19.9095633756009,19.866519578712385,0.04304379688851512,93.60344553620499,93.70614270730887,0.10269717110388399,6.716218982253407
snr,3-layer SIM (BMI-adaptive),26.0,6.0,10.0,19.9095633756009,19.8680497982859,0.04151357731500127,93.60344553620499,93.61533434774144,0.011888811536451271,7.3327845890720305
snr,No intelligent surface,26.0,7.0,10.0,11.413219933126477,5.530293887620623,5.8829260455058545,80.3129795797326,53.18248547082232,27.130494108910277,-8.75006178965387
snr,Digital MVDR array (BMI-adaptive),26.0,7.0,10.0,11.413219933126477,11.362613506881711,0.050606426244765856,80.3129795797326,80.28281887101724,0.030160708715357032,7.661214355275638
snr,1-layer RIS (BMI-adaptive),26.0,7.0,10.0,11.413219933126477,11.36984563940542,0.04337429372105639,80.3129795797326,80.32452830503537,0.011548725302773732,4.285909197026369
snr,3-layer SIM (universal),26.0,7.0,10.0,11.413219933126477,11.360328332946866,0.052891600179611586,80.3129795797326,80.26530418521563,0.04767539451697189,7.350464633807339
snr,3-layer SIM (BMI-adaptive),26.0,7.0,10.0,11.413219933126477,11.360908779205488,0.052311153920989284,80.3129795797326,80.27580924023876,0.03717033949384074,7.676072805700262
snr,No intelligent surface,26.0,8.0,10.0,11.889314337712516,7.396961389516476,4.49235294819604,94.97892050426755,47.78450011687067,47.19442038739688,-8.75023699824287
snr,Digital MVDR array (BMI-adaptive),26.0,8.0,10.0,11.889314337712516,11.84461696491443,0.04469737279808683,94.97892050426755,94.89770457980629,0.08121592446126158,7.56711304680084
snr,1-layer RIS (BMI-adaptive),26.0,8.0,10.0,11.889314337712516,11.841608555675977,0.04770578203653919,94.97892050426755,94.83938532452879,0.13953517973875762,4.318573864188585
snr,3-layer SIM (universal),26.0,8.0,10.0,11.889314337712516,11.845107381465716,0.04420695624679993,94.97892050426755,94.95038314139873,0.028537362868817695,7.260148196550768
snr,3-layer SIM (BMI-adaptive),26.0,8.0,10.0,11.889314337712516,11.84521960209109,0.044094735621426295,94.97892050426755,94.97978779676149,0.0008672924939361337,7.6090709662842855
snr,No intelligent surface,26.0,9.0,10.0,18.84506709966394,110.87977888250107,92.03471178283714,92.70595882541659,61.99544936341984,30.71050946199675,-8.749547782134426
snr,Digital MVDR array (BMI-adaptive),26.0,9.0,10.0,18.84506709966394,18.794872985679206,0.050194113984733946,92.70595882541659,92.66205711265341,0.043901712763172895,7.601167256301151
snr,1-layer RIS (BMI-adaptive),26.0,9.0,10.0,18.84506709966394,18.791929887114406,0.053137212549533075,92.70595882541659,92.7172399936739,0.011281168257312402,3.9785404487076574
snr,3-layer SIM (universal),26.0,9.0,10.0,18.84506709966394,18.79878250325854,0.046284596405399725,92.70595882541659,92.58908762439368,0.11687120102290294,7.000088736919937
snr,3-layer SIM (BMI-adaptive),26.0,9.0,10.0,18.84506709966394,18.79849404326452,0.046573056399420665,92.70595882541659,92.62575667514189,0.08020215027470101,7.555044918614671
snr,No intelligent surface,26.0,10.0,10.0,21.77645028011807,12.566619683467744,9.209830596650326,73.60266599352262,44.33256027357136,29.27010571995126,-8.749701824250671
snr,Digital MVDR array (BMI-adaptive),26.0,10.0,10.0,21.77645028011807,21.728846411581134,0.04760386853693532,73.60266599352262,73.72434893805308,0.12168294453046258,7.4576199867738735
snr,1-layer RIS (BMI-adaptive),26.0,10.0,10.0,21.77645028011807,21.725064505842575,0.051385774275495066,73.60266599352262,73.79843956834777,0.19577357482515367,3.9814380657639776
snr,3-layer SIM (universal),26.0,10.0,10.0,21.77645028011807,21.733307943305046,0.04314233681302326,73.60266599352262,73.63942648875278,0.03676049523015479,6.669697081390604
snr,3-layer SIM (BMI-adaptive),26.0,10.0,10.0,21.77645028011807,21.732329654539523,0.04412062557854668,73.60266599352262,73.67605848230117,0.07339248877855198,7.459659836649582
snr,No intelligent surface,26.0,11.0,10.0,21.327750517152307,1.9314929348404488,19.396257582311858,65.36584107349914,48.47973242429671,16.886108649202434,-8.74984958633403
snr,Digital MVDR array (BMI-adaptive),26.0,11.0,10.0,21.327750517152307,21.27896333234708,0.04878718480522792,65.36584107349914,65.33381154125205,0.03202953224709404,7.072922454336673
snr,1-layer RIS (BMI-adaptive),26.0,11.0,10.0,21.327750517152307,21.270980462722953,0.05677005442935368,65.36584107349914,65.25584888465728,0.1099921888418578,3.6734009332363855
snr,3-layer SIM (universal),26.0,11.0,10.0,21.327750517152307,21.282908442968413,0.04484207418389374,65.36584107349914,65.39028574270613,0.024444669206985736,5.985709937967698
snr,3-layer SIM (BMI-adaptive),26.0,11.0,10.0,21.327750517152307,21.282036270488415,0.045714246663891345,65.36584107349914,65.32084202052712,0.044999052972016784,7.09982878769415
snr,No intelligent surface,30.0,0.0,10.0,16.84415567777948,20.463690577681337,3.6195348999018577,94.2171413442716,51.69617962816899,42.520961716102605,-10.077108324076555
snr,Digital MVDR array (BMI-adaptive),30.0,0.0,10.0,16.84415567777948,16.794226664812918,0.049929012966561714,94.2171413442716,94.14128731411404,0.07585403015755787,9.903840652328196
snr,1-layer RIS (BMI-adaptive),30.0,0.0,10.0,16.84415567777948,16.79353804113466,0.05061763664481944,94.2171413442716,94.10715088094263,0.10999046332896967,6.04417612091148
snr,3-layer SIM (universal),30.0,0.0,10.0,16.84415567777948,16.79561759537605,0.04853808240342872,94.2171413442716,94.16224138068162,0.05489996358997473,9.511235904076681
snr,3-layer SIM (BMI-adaptive),30.0,0.0,10.0,16.84415567777948,16.7963446266397,0.047811051139778016,94.2171413442716,94.17446849161247,0.04267285265912335,9.883973944240822
snr,No intelligent surface,30.0,1.0,10.0,21.61306678325824,6.685557003306919,14.927509779951322,87.84696695972445,49.143205291918,38.703761667806454,-10.076626437428713
snr,Digital MVDR array (BMI-adaptive),30.0,1.0,10.0,21.61306678325824,21.56633536329084,0.04673141996740071,87.84696695972445,87.99918638559664,0.15221942587218962,9.397217866579766
snr,1-layer RIS (BMI-adaptive),30.0,1.0,10.0,21.61306678325824,21.56532730733324,0.04773947592499894,87.84696695972445,88.1080215876476,0.26105462792314427,5.486923978969994
snr,3-layer SIM (universal),30.0,1.0,10.0,21.61306678325824,21.566606155424715,0.046460627833525336,87.84696695972445,87.96717956049173,0.12021260076727458,9.25072635498011
snr,3-layer SIM (BMI-adaptive),30.0,1.0,10.0,21.61306678325824,21.566384938855652,0.04668184440258827,87.84696695972445,87.95124795540393,0.10428099567947413,9.513371801602515
snr,No intelligent surface,30.0,2.0,10.0,15.330478729671364,4.876576368333993,10.453902361337372,82.80637557897062,82.91200343904032,0.1056278600697027,-10.076993998279232
snr,Digital MVDR array (BMI-adaptive),30.0,2.0,10.0,15.330478729671364,15.280009233050194,0.050469496621170507,82.80637557897062,82.76680553876719,0.03957004020342936,9.775934733823417
snr,1-layer RIS (BMI-adaptive),30.0,2.0,10.0,15.330478729671364,15.276629781277911,0.053848948393453,82.80637557897062,82.78064058392542,0.02573499504519816,5.925226070929096
snr,3-layer SIM (universal),30.0,2.0,10.0,15.330478729671364,15.283089995825618,0.0473887338457466,82.80637557897062,82.74363094907588,0.06274462989473761,9.434918667124636
snr,3-layer SIM (BMI-adaptive),30.0,2.0,10.0,15.330478729671364,15.284207171827065,0.04627155784429959,82.80637557897062,82.78384247577782,0.02253310319279933,9.785947605208303
snr,No intelligent surface,30.0,3.0,10.0,13.29735475834486,12.283742533251063,1.0136122250937962,57.90371736124424,57.789906395353356,0.11381096589088457,-10.07708350138974
snr,Digital MVDR array (BMI-adaptive),30.0,3.0,10.0,13.29735475834486,13.255225886042455,0.042128872302404474,57.90371736124424,57.90729492257393,0.003577561329692003,9.968684446755514
snr,1-layer RIS (BMI-adaptive),30.0,3.0,10.0,13.29735475834486,13.258477045637514,0.03887771270734497,57.90371736124424,57.909578515013905,0.005861153769664895,6.08555657511303
snr,3-layer SIM (universal),30.0,3.0,10.0,13.29735475834486,13.254010890189043,0.04334386815581581,57.90371736124424,57.876077848367956,0.0276395128762843,9.58090354539419
snr,3-layer SIM (BMI-adaptive),30.0,3.0,10.0,13.29735475834486,13.253737698481324,0.0436170598635357,57.90371736124424,57.86634144558811,0.037375915656127745,9.949017770020575
snr,No intelligent surface,30.0,4.0,10.0,20.013798243694033,4.336120801571613,15.67767744212242,91.7456370894934,57.538986401289314,34.206650688204085,-10.077331164968971
snr,Digital MVDR array (BMI-adaptive),30.0,4.0,10.0,20.013798243694033,19.96414822262623,0.04965002106780503,91.7456370894934,91.7483616547467,0.0027245652533025577,10.092092582953601
snr,1-layer RIS (BMI-adaptive),30.0,4.0,10.0,20.013798243694033,19.962350196806575,0.051448046887458077,91.7456370894934,91.75350824119634,0.00787115170294328,6.205823255550962
snr,3-layer SIM (universal),30.0,4.0,10.0,20.013798243694033,19.96522581989307,0.04857242380096238,91.7456370894934,91.770653167692,0.025016078198603964,9.618499091245859
snr,3-layer SIM (BMI-adaptive),30.0,4.0,10.0,20.013798243694033,19.96594628104226,0.04785196265177305,91.7456370894934,91.7900162497629,0.04437916026950006,10.022922546209735
snr,No intelligent surface,30.0,5.0,10.0,21.9885398781548,6.114833056989773,15.873706821165026,61.60100952690211,52.89175666397225,8.709252862929858,-10.076957941240043
snr,Digital MVDR array (BMI-adaptive),30.0,5.0,10.0,21.9885398781548,21.936241575035048,0.05229830311975192,61.60100952690211,61.566226559929675,0.03478296697243621,9.871139832522289
snr,1-layer RIS (BMI-adaptive),30.0,5.0,10.0,21.9885398781548,21.934428358054056,0.054111520100743604,61.60100952690211,61.53662621130647,0.06438331559564148,5.987498532358354
snr,3-layer SIM (universal),30.0,5.0,10.0,21.9885398781548,21.93658581602694,0.05195406212785869,61.60100952690211,61.60319272381737,0.002183196915261476,9.535765149709945
snr,3-layer SIM (BMI-adaptive),30.0,5.0,10.0,21.9885398781548,21.93829671683258,0.0502431613222214,61.60100952690211,61.61087044201397,0.009860915111858048,9.880823504526168
snr,No intelligent surface,30.0,6.0,10.0,17.574549004555386,3.9693677324704852,13.605181272084902,62.007927618075406,48.75724955125025,13.25067806682516,-10.07685442325527
snr,Digital MVDR array (BMI-adaptive),30.0,6.0,10.0,17.574549004555386,17.528751730294662,0.04579727426072466,62.007927618075406,61.93156743399614,0.07636018407926315,9.900045823078347
snr,1-layer RIS (BMI-adaptive),30.0,6.0,10.0,17.574549004555386,17.528953027819675,0.045595976735711474,62.007927618075406,61.90168674783674,0.1062408702386648,5.978209980456427
snr,3-layer SIM (universal),30.0,6.0,10.0,17.574549004555386,17.529462804442232,0.04508620011315401,62.007927618075406,61.909752556061946,0.09817506201346049,9.60127052785727
snr,3-layer SIM (BMI-adaptive),30.0,6.0,10.0,17.574549004555386,17.52947018899706,0.045078815558326824,62.007927618075406,61.931505606315504,0.07642201175990238,9.927952412087194
snr,No intelligent surface,30.0,7.0,10.0,24.698024049016237,7.622178849927944,17.075845199088292,72.43320520435778,70.7020885658608,1.731116638496971,-10.076682784938773
snr,Digital MVDR array (BMI-adaptive),30.0,7.0,10.0,24.698024049016237,24.651049107341365,0.04697494167487193,72.43320520435778,72.3934149720845,0.03979023227327616,9.352184995718554
snr,1-layer RIS (BMI-adaptive),30.0,7.0,10.0,24.698024049016237,24.65286199561422,0.04516205340201651,72.43320520435778,72.39552006964973,0.0376851347080418,5.485779659319246
snr,3-layer SIM (universal),30.0,7.0,10.0,24.698024049016237,24.648803605609686,0.04922044340655063,72.43320520435778,72.40325425119747,0.029950953160309268,9.188624525792076
snr,3-layer SIM (BMI-adaptive),30.0,7.0,10.0,24.698024049016237,24.649740355376856,0.04828369363938023,72.43320520435778,72.40524835848497,0.02795684587280789,9.457447435618192
snr,No intelligent surface,30.0,8.0,10.0,10.992311516223731,11.587155219944355,0.594843703720624,98.53897271435083,47.58599887694519,50.952973837405644,-10.077395331895394
snr,Digital MVDR array (BMI-adaptive),30.0,8.0,10.0,10.992311516223731,10.947731913720816,0.044579602502915705,98.53897271435083,98.55688698329656,0.017914268945730782,10.259273954787634
snr,1-layer RIS (BMI-adaptive),30.0,8.0,10.0,10.992311516223731,10.948257965096587,0.04405355112714382,98.53897271435083,98.59742974489922,0.05845703054838225,6.301995841111998
snr,3-layer SIM (universal),30.0,8.0,10.0,10.992311516223731,10.949805227600626,0.04250628862310535,98.53897271435083,98.46207545168001,0.0768972626708262,9.771363073995548
snr,3-layer SIM (BMI-adaptive),30.0,8.0,10.0,10.992311516223731,10.949540527993152,0.04277098823057912,98.53897271435083,98.44658919852381,0.09238351582702364,10.178389333377659
snr,No intelligent surface,30.0,9.0,10.0,21.475718628197832,7.791434162949049,13.684284465248783,85.63302431647399,54.946471947878855,30.686552368595137,-10.077074778878409
snr,Digital MVDR array (BMI-adaptive),30.0,9.0,10.0,21.475718628197832,21.426428899556132,0.04928972864169978,85.63302431647399,85.67615351243897,0.04312919596497977,10.115685144360144
snr,1-layer RIS (BMI-adaptive),30.0,9.0,10.0,21.475718628197832,21.424593348342682,0.051125279855149586,85.63302431647399,85.72652186186794,0.09349754539394439,6.181298281178396
snr,3-layer SIM (universal),30.0,9.0,10.0,21.475718628197832,21.430085701141458,0.04563292705637423,85.63302431647399,85.66678267281007,0.03375835633607949,9.723716622638655
snr,3-layer SIM (BMI-adaptive),30.0,9.0,10.0,21.475718628197832,21.43191822288932,0.043800405308513035,85.63302431647399,85.66662848590423,0.03360416943023381,10.090279371401106
snr,No intelligent surface,30.0,10.0,10.0,11.152323307462222,5.335640400175647,5.816682907286575,75.22526071334494,54.67360371679897,20.551656996545965,-10.077028197529234
snr,Digital MVDR array (BMI-adaptive),30.0,10.0,10.0,11.152323307462222,11.09916263899698,0.05316066846524237,75.22526071334494,75.28163372639916,0.05637301305422682,9.429792722959187
snr,1-layer RIS (BMI-adaptive),30.0,10.0,10.0,11.152323307462222,11.093677601135989,0.05864570632623334,75.22526071334494,75.31000632567576,0.08474561233082056,5.660397503628819
snr,3-layer SIM (universal),30.0,10.0,10.0,11.152323307462222,11.107991248795978,0.04433205866624412,75.22526071334494,75.28296105399558,0.05770034065064067,9.107807653352435
snr,3-layer SIM (BMI-adaptive),30.0,10.0,10.0,11.152323307462222,11.110280702389614,0.042042605072607486,75.22526071334494,75.267994226373,0.04273351302806816,9.46294257491063
snr,No intelligent surface,30.0,11.0,10.0,14.258152188910527,4.880818274293641,9.377333914616887,63.29960921526044,47.72666498161031,15.572944233650126,-10.076961627963225
snr,Digital MVDR array (BMI-adaptive),30.0,11.0,10.0,14.258152188910527,14.214823205605738,0.043328983304789404,63.29960921526044,63.27007746106932,0.029531754191118864,10.164105758744544
snr,1-layer RIS (BMI-adaptive),30.0,11.0,10.0,14.258152188910527,14.217051057828366,0.0411011310821614,63.29960921526044,63.21974296283536,0.07986625242507728,6.140744144277727
snr,3-layer SIM (universal),30.0,11.0,10.0,14.258152188910527,14.216149038356216,0.042003150554311475,63.29960921526044,63.27489036481493,0.024718850445509588,9.815522335679356
snr,3-layer SIM (BMI-adaptive),30.0,11.0,10.0,14.258152188910527,14.21563082575801,0.042521363152516756,63.29960921526044,63.292613483961986,0.0069957312984527675,10.171522927044045
snr,No intelligent surface,34.0,0.0,10.0,21.380196459647138,5.288633999335336,16.091562460311803,89.08863598386797,82.86374498571716,6.224890998150812,-11.663738773147678
snr,Digital MVDR array (BMI-adaptive),34.0,0.0,10.0,21.380196459647138,21.335602333440615,0.04459412620652259,89.08863598386797,88.9581970979257,0.1304388859422687,11.660473550971604
snr,1-layer RIS (BMI-adaptive),34.0,0.0,10.0,21.380196459647138,21.33740207904537,0.04279438060176943,89.08863598386797,88.79664880582894,0.2919871780390366,7.549845780558584
snr,3-layer SIM (universal),34.0,0.0,10.0,21.380196459647138,21.333409192866295,0.046787266780842884,89.08863598386797,88.95656449990405,0.13207148396392654,11.139806298083545
snr,3-layer SIM (BMI-adaptive),34.0,0.0,10.0,21.380196459647138,21.333077411491747,0.04711904815539114,89.08863598386797,88.99975521787695,0.08888076599102135,11.609549332168111
snr,No intelligent surface,34.0,1.0,10.0,22.66558114417442,9.483164551457135,13.182416592717287,60.86433451203807,69.68979390716765,8.825459395129585,-11.663797886728592
snr,Digital MVDR array (BMI-adaptive),34.0,1.0,10.0,22.66558114417442,22.616528793790998,0.04905235038342326,60.86433451203807,60.90537849074143,0.04104397870335674,11.480028450290972
snr,1-layer RIS (BMI-adaptive),34.0,1.0,10.0,22.66558114417442,22.61580644171007,0.049774702464350895,60.86433451203807,60.93296714098514,0.06863262894707134,7.439490305052666
snr,3-layer SIM (universal),34.0,1.0,10.0,22.66558114417442,22.618251693821257,0.04732945035316405,60.86433451203807,60.89773388423636,0.03339937219828926,10.95755654971789
snr,3-layer SIM (BMI-adaptive),34.0,1.0,10.0,22.66558114417442,22.61910333421317,0.046477809961249505,60.86433451203807,60.87339015689482,0.009055644856751144,11.444239002112585
snr,No intelligent surface,34.0,2.0,10.0,14.276776286333686,12.080024154988951,2.1967521313447342,76.24206273584393,93.83211856350239,17.59005582765846,-11.663710264380944
snr,Digital MVDR array (BMI-adaptive),34.0,2.0,10.0,14.276776286333686,14.226088643078215,0.05068764325547015,76.24206273584393,76.24651406369105,0.0044513278471214335,11.530267158794407
snr,1-layer RIS (BMI-adaptive),34.0,2.0,10.0,14.276776286333686,14.222679039347577,0.054097246986108516,76.24206273584393,76.27062397840281,0.028561242558879485,7.4225449127641845
snr,3-layer SIM (universal),34.0,2.0,10.0,14.276776286333686,14.225092958102985,0.0516833282307001,76.24206273584393,76.25541830612998,0.013355570286051943,11.04327215625725
snr,3-layer SIM (BMI-adaptive),34.0,2.0,10.0,14.276776286333686,14.226465170878877,0.05031111545480904,76.24206273584393,76.28590404873341,0.043841312889483675,11.471868109291615
snr,No intelligent surface,34.0,3.0,10.0,23.27747194651736,13.809401725073103,9.468070221444256,83.579240934273,75.84282813997669,7.736412794296314,-11.66367298851642
snr,Digital MVDR array (BMI-adaptive),34.0,3.0,10.0,23.27747194651736,23.23625183458648,0.04122011193087971,83.579240934273,83.58435264445998,0.005111710186980645,10.873771123924648
snr,1-layer RIS (BMI-adaptive),34.0,3.0,10.0,23.27747194651736,23.2385844637741,0.03888748274325948,83.579240934273,83.5340833072735,0.045157626999497325,7.202773631183654
snr,3-layer SIM (universal),34.0,3.0,10.0,23.27747194651736,23.23547465741366,0.04199728910369771,83.579240934273,83.57774354871998,0.001497385553022923,9.980037063403786
snr,3-layer SIM (BMI-adaptive),34.0,3.0,10.0,23.27747194651736,23.232329631224513,0.04514231529284629,83.579240934273,83.55224362896195,0.026997305311056152,10.95318608767296
snr,No intelligent surface,34.0,4.0,10.0,11.173151093022016,7.539655057190032,3.6334960358319837,68.65858016179155,85.68716259311674,17.02858243132519,-11.66386009486998
snr,Digital MVDR array (BMI-adaptive),34.0,4.0,10.0,11.173151093022016,11.126955191257702,0.046195901764313874,68.65858016179155,68.64785740918482,0.010722752606724839,11.426745820156324
snr,1-layer RIS (BMI-adaptive),34.0,4.0,10.0,11.173151093022016,11.12663629883361,0.04651479418840587,68.65858016179155,68.65723120561515,0.0013489561764004065,7.485347964187319
snr,3-layer SIM (universal),34.0,4.0,10.0,11.173151093022016,11.128717102126,0.04443399089601563,68.65858016179155,68.6093644617479,0.04921570004364639,10.809486483262772
snr,3-layer SIM (BMI-adaptive),34.0,4.0,10.0,11.173151093022016,11.1268144462791,0.04633664674291538,68.65858016179155,68.6507970093768,0.007783152414745587,11.427853477072475
snr,No intelligent surface,34.0,5.0,10.0,21.35785056295159,7.352865084615455,14.004985478336135,76.85368798339834,59.116974085173396,17.73671389822495,-11.663803092618775
snr,Digital MVDR array (BMI-adaptive),34.0,5.0,10.0,21.35785056295159,21.309793637401928,0.048056925549662566,76.85368798339834,76.87197417543545,0.018286192037109572,11.49027975212363
snr,1-layer RIS (BMI-adaptive),34.0,5.0,10.0,21.35785056295159,21.308473874830664,0.049376688120926104,76.85368798339834,76.89234549208582,0.038657508687478526,7.599627698626725
snr,3-layer SIM (universal),34.0,5.0,10.0,21.35785056295159,21.310672784749148,0.04717777820244251,76.85368798339834,76.85389033671672,0.00020235331837170634,10.734919133943595
snr,3-layer SIM (BMI-adaptive),34.0,5.0,10.0,21.35785056295159,21.310540956666696,0.047309606284894556,76.85368798339834,76.85090235045983,0.0027856329385116396,11.523549474262687
snr,No intelligent surface,34.0,6.0,10.0,18.52774769659098,5.337013551993893,13.190734144597085,74.74761751222518,50.98112438743478,23.766493124790394,-11.663850237209958
snr,Digital MVDR array (BMI-adaptive),34.0,6.0,10.0,18.52774769659098,18.479607765054116,0.04813993153686269,74.74761751222518,74.75473419620825,0.0071166839830709705,11.489579712133473
snr,1-layer RIS (BMI-adaptive),34.0,6.0,10.0,18.52774769659098,18.479399401702203,0.048348294888775456,74.74761751222518,74.78610178509504,0.03848427286986578,7.506960645293734
snr,3-layer SIM (universal),34.0,6.0,10.0,18.52774769659098,18.482963523658967,0.044784172932011757,74.74761751222518,74.82687654913858,0.07925903691339897,10.9029230682073
snr,3-layer SIM (BMI-adaptive),34.0,6.0,10.0,18.52774769659098,18.48363601846239,0.04411167812858707,74.74761751222518,74.81757622708592,0.06995871486074634,11.47822535935777
snr,No intelligent surface,34.0,7.0,10.0,23.26742192578472,-2.11493332763024,25.38235525341496,70.22662092407928,51.262725101819846,18.96389582225944,-11.663752010905027
snr,Digital MVDR array (BMI-adaptive),34.0,7.0,10.0,23.26742192578472,23.223343772318067,0.04407815346665345,70.22662092407928,70.32875669780302,0.10213577372373095,11.321902639689496
snr,1-layer RIS (BMI-adaptive),34.0,7.0,10.0,23.26742192578472,23.22517129827738,0.042250627507339544,70.22662092407928,70.41500527705095,0.1883843529716671,7.501561220775194
snr,3-layer SIM (universal),34.0,7.0,10.0,23.26742192578472,23.227487291401527,0.03993463438319367,70.22662092407928,70.20430059824756,0.022320325831728383,10.500848333878423
snr,3-layer SIM (BMI-adaptive),34.0,7.0,10.0,23.26742192578472,23.225181246321636,0.04224067946308452,70.22662092407928,70.21169528679079,0.01492563728849916,11.37473695853362
snr,No intelligent surface,34.0,8.0,10.0,12.462229058717634,7.79926683014537,4.6629622285722645,59.82248683435877,47.32057638805674,12.501910446302027,-11.66384547704893
snr,Digital MVDR array (BMI-adaptive),34.0,8.0,10.0,12.462229058717634,12.417739601786094,0.04448945693154016,59.82248683435877,59.874424958108996,0.051938123750225884,11.498920649152263
snr,1-layer RIS (BMI-adaptive),34.0,8.0,10.0,12.462229058717634,12.421899293108835,0.040329765608799306,59.82248683435877,59.87878400348623,0.05629716912746119,7.576611317579115
snr,3-layer SIM (universal),34.0,8.0,10.0,12.462229058717634,12.419340471172909,0.042888587544725354,59.82248683435877,59.742175693026326,0.08031114133244444,10.81273907921949
snr,3-layer SIM (BMI-adaptive),34.0,8.0,10.0,12.462229058717634,12.418653646769007,0.04357541194862691,59.82248683435877,59.73405457688564,0.08843225747313,11.516046943560594
snr,No intelligent surface,34.0,9.0,10.0,22.27014682176632,3.4160012106790894,18.854145611087233,96.54248119763331,60.755827710246976,35.78665348738633,-11.66382900364457
snr,Digital MVDR array (BMI-adaptive),34.0,9.0,10.0,22.27014682176632,22.225544890809775,0.04460193095654574,96.54248119763331,96.63887452061412,0.09639332298081627,11.619300735982716
snr,1-layer RIS (BMI-adaptive),34.0,9.0,10.0,22.27014682176632,22.226491022450304,0.04365579931601715,96.54248119763331,96.68360833676132,0.14112713912801667,7.664587071339788
snr,3-layer SIM (universal),34.0,9.0,10.0,22.27014682176632,22.222697366542512,0.04744945522380917,96.54248119763331,96.64122085727553,0.09873965964222009,10.923387851113837
snr,3-layer SIM (BMI-adaptive),34.0,9.0,10.0,22.27014682176632,22.22069163954652,0.04945518221980194,96.54248119763331,96.57852958993853,0.03604839230521861,11.63296638337716
snr,No intelligent surface,34.0,10.0,10.0,18.926979110100177,-0.442391863778101,19.36937097387828,94.16461448774389,56.93341611656454,37.23119837117935,-11.663821274641304
snr,Digital MVDR array (BMI-adaptive),34.0,10.0,10.0,18.926979110100177,18.878315640717016,0.04866346938316113,94.16461448774389,94.23076835883985,0.06615387109596327,11.477078339712461
snr,1-layer RIS (BMI-adaptive),34.0,10.0,10.0,18.926979110100177,18.877229884175296,0.04974922592488085,94.16461448774389,94.25133971538844,0.08672522764454982,7.581960583253382
snr,3-layer SIM (universal),34.0,10.0,10.0,18.926979110100177,18.875767300968224,0.05121180913195289,94.16461448774389,94.2241532811769,0.059538793433006276,10.744567624558996
snr,3-layer SIM (BMI-adaptive),34.0,10.0,10.0,18.926979110100177,18.87766247349543,0.04931663660474683,94.16461448774389,94.15373016530617,0.010884322437718197,11.506030839252336
snr,No intelligent surface,34.0,11.0,10.0,24.911978796835072,14.935748478516867,9.976230318318205,63.211886976410895,51.763616703890925,11.44827027251997,-11.663814687423564
snr,Digital MVDR array (BMI-adaptive),34.0,11.0,10.0,24.911978796835072,24.867588818658195,0.044389978176877065,63.211886976410895,63.29926174702864,0.08737477061774257,11.597112620886334
snr,1-layer RIS (BMI-adaptive),34.0,11.0,10.0,24.911978796835072,24.8710673073297,0.0409114895053726,63.211886976410895,63.33678489345674,0.12489791704584263,7.661498055070496
snr,3-layer SIM (universal),34.0,11.0,10.0,24.911978796835072,24.869384998505197,0.0425937983298752,63.211886976410895,63.2316296462548,0.01974266984390738,10.873172416660061
snr,3-layer SIM (BMI-adaptive),34.0,11.0,10.0,24.911978796835072,24.867679948458417,0.04429884837665554,63.211886976410895,63.18762028143873,0.024266694972162384,11.61841393196921
snr,No intelligent surface,38.0,0.0,10.0,24.289642523995344,17.289512707314774,7.00012981668057,73.22629987528421,58.83540639965763,14.390893475626584,-13.75645269423555
snr,Digital MVDR array (BMI-adaptive),38.0,0.0,10.0,24.289642523995344,24.242393764315658,0.047248759679686,73.22629987528421,73.30659205018067,0.08029217489645646,12.334205179335038
snr,1-layer RIS (BMI-adaptive),38.0,0.0,10.0,24.289642523995344,24.240722625627217,0.04891989836812627,73.22629987528421,73.3215021399454,0.09520226466118231,8.21301336394465
snr,3-layer SIM (universal),38.0,0.0,10.0,24.289642523995344,24.238455993214362,0.05118653078098134,73.22629987528421,73.35921742365016,0.1329175483659526,10.567376809894517
snr,3-layer SIM (BMI-adaptive),38.0,0.0,10.0,24.289642523995344,24.23951204471332,0.050130479282024965,73.22629987528421,73.25583501122826,0.029535135944044555,12.218105576762637
snr,No intelligent surface,38.0,1.0,10.0,15.668450347587532,7.601538677554053,8.066911670033479,65.0764778720385,46.06326600952723,19.013211862511262,-13.758536691322941
snr,Digital MVDR array (BMI-adaptive),38.0,1.0,10.0,15.668450347587532,15.622709069571311,0.04574127801622119,65.0764778720385,65.08804653837349,0.01156866633499476,12.355215431225712
snr,1-layer RIS (BMI-adaptive),38.0,1.0,10.0,15.668450347587532,15.62122766853898,0.04722267904855215,65.0764778720385,65.1478129000179,0.07133502797940139,8.237351148681633
snr,3-layer SIM (universal),38.0,1.0,10.0,15.668450347587532,15.621084361460515,0.04736598612701748,65.0764778720385,65.19149638552513,0.11501851348663195,10.887338528355599
snr,3-layer SIM (BMI-adaptive),38.0,1.0,10.0,15.668450347587532,15.619791888566093,0.04865845902143917,65.0764778720385,65.15293786117448,0.07645998913598362,12.258108556632973
snr,No intelligent surface,38.0,2.0,10.0,16.6628667797777,4.768666278957472,11.89420050082023,84.31216756947916,50.93624083025579,33.37592673922337,-13.760569927995634
snr,Digital MVDR array (BMI-adaptive),38.0,2.0,10.0,16.6628667797777,16.616998983863805,0.045867795913896,84.31216756947916,84.20487047229447,0.10729709718468428,12.357883477963512
snr,1-layer RIS (BMI-adaptive),38.0,2.0,10.0,16.6628667797777,16.614862699212104,0.04800408056559746,84.31216756947916,84.186893438909,0.1252741305701619,8.233154623109966
snr,3-layer SIM (universal),38.0,2.0,10.0,16.6628667797777,16.613029498344037,0.04983728143366406,84.31216756947916,84.31864706190905,0.006479492429889433,11.460300072304017
snr,3-layer SIM (BMI-adaptive),38.0,2.0,10.0,16.6628667797777,16.61269683868493,0.050169941092772063,84.31216756947916,84.35544333164471,0.043275762165549736,12.335945179366465
snr,No intelligent surface,38.0,3.0,10.0,16.651440553562086,6.5833043414804395,10.068136212081647,91.77371960544336,63.17185860238452,28.601861003058843,-13.75996343552748
snr,Digital MVDR array (BMI-adaptive),38.0,3.0,10.0,16.651440553562086,16.605434543748103,0.04600600981398273,91.77371960544336,91.830654180894,0.05693457545064007,12.469421391485486
snr,1-layer RIS (BMI-adaptive),38.0,3.0,10.0,16.651440553562086,16.606124435971093,0.04531611759099263,91.77371960544336,91.81312113389917,0.03940152845581224,8.344892438938427
snr,3-layer SIM (universal),38.0,3.0,10.0,16.651440553562086,16.60430418892288,0.04713636463920423,91.77371960544336,91.83223137665235,0.05851177120898399,11.31070819222648
snr,3-layer SIM (BMI-adaptive),38.0,3.0,10.0,16.651440553562086,16.604049617436697,0.047390936125388805,91.77371960544336,91.77769231463353,0.003972709190165347,12.420299926036385
snr,No intelligent surface,38.0,4.0,10.0,19.08478246260513,9.78796078654955,9.296821676055579,95.27844535949693,51.8973712108342,43.38107414866273,-13.758943258211945
snr,Digital MVDR array (BMI-adaptive),38.0,4.0,10.0,19.08478246260513,19.037364679466844,0.04741778313828604,95.27844535949693,95.34953545916653,0.071090099669604,12.474219686418005
snr,1-layer RIS (BMI-adaptive),38.0,4.0,10.0,19.08478246260513,19.04184120668501,0.04294125592011966,95.27844535949693,95.36276696505126,0.08432160555433654,8.35159832933934
snr,3-layer SIM (universal),38.0,4.0,10.0,19.08478246260513,19.0422560316603,0.042526430944828775,95.27844535949693,95.3405594318039,0.06211407230696864,11.104146837224587
snr,3-layer SIM (BMI-adaptive),38.0,4.0,10.0,19.08478246260513,19.042029051717616,0.04275341088751361,95.27844535949693,95.28550231357282,0.007056954075892463,12.40447783288709
snr,No intelligent surface,38.0,5.0,10.0,21.512272163536263,11.73977685404505,9.772495309491212,72.32559898584572,66.77542005513031,5.550178930715404,-13.759894405859898
snr,Digital MVDR array (BMI-adaptive),38.0,5.0,10.0,21.512272163536263,21.464591067692346,0.047681095843916665,72.32559898584572,72.29564389832086,0.029955087524854207,12.477085260763804
snr,1-layer RIS (BMI-adaptive),38.0,5.0,10.0,21.512272163536263,21.461766554615014,0.05050560892124878,72.32559898584572,72.33037161044925,0.004772624603532449,8.35271408691803
snr,3-layer SIM (universal),38.0,5.0,10.0,21.512272163536263,21.462538703343263,0.049733460192999956,72.32559898584572,72.3249629339682,0.0006360518775210267,11.303131268500897
snr,3-layer SIM (BMI-adaptive),38.0,5.0,10.0,21.512272163536263,21.462761541549835,0.049510621986428305,72.32559898584572,72.35967751132371,0.034078525477994503,12.427408180118052
snr,No intelligent surface,38.0,6.0,10.0,21.709529199819055,17.58715180002536,4.122377399793695,74.85564008048979,64.49328582670508,10.362354253784716,-13.760424425764588
snr,Digital MVDR array (BMI-adaptive),38.0,6.0,10.0,21.709529199819055,21.659796806705387,0.049732393113668394,74.85564008048979,74.87877365287568,0.023133572385887646,12.130230165524868
snr,1-layer RIS (BMI-adaptive),38.0,6.0,10.0,21.709529199819055,21.66003563205605,0.04949356776300462,74.85564008048979,74.83934597809231,0.01629410239748097,8.012025301037076
snr,3-layer SIM (universal),38.0,6.0,10.0,21.709529199819055,21.663379322635553,0.0461498771835025,74.85564008048979,74.81997134810709,0.03566873238270318,11.326340657588304
snr,3-layer SIM (BMI-adaptive),38.0,6.0,10.0,21.709529199819055,21.664154544206617,0.04537465561243792,74.85564008048979,74.80084044698822,0.05479963350157391,12.10235147826043
snr,No intelligent surface,38.0,7.0,10.0,16.552056988503708,6.327348372321166,10.224708616182543,94.4504144981174,53.170165639639315,41.28024885847808,-13.75783451978825
snr,Digital MVDR array (BMI-adaptive),38.0,7.0,10.0,16.552056988503708,16.507919189469042,0.04413779903466519,94.4504144981174,94.4464808396989,0.003933658418489472,12.526913014587658
snr,1-layer RIS (BMI-adaptive),38.0,7.0,10.0,16.552056988503708,16.50753037704952,0.044526611454188014,94.4504144981174,94.47984312363519,0.029428625517795126,8.439816276722533
snr,3-layer SIM (universal),38.0,7.0,10.0,16.552056988503708,16.50466952040764,0.047387468096069085,94.4504144981174,94.4964721350133,0.04605763689590958,11.130023016011318
snr,3-layer SIM (BMI-adaptive),38.0,7.0,10.0,16.552056988503708,16.503430505296375,0.04862648320733243,94.4504144981174,94.49567146541723,0.04525696729983508,12.49560953463389
snr,No intelligent surface,38.0,8.0,10.0,13.032572272377104,-2.206530225418608,15.239102497795713,59.00393109990667,84.3349588260546,25.33102772614793,-13.757089797969687
snr,Digital MVDR array (BMI-adaptive),38.0,8.0,10.0,13.032572272377104,12.984397446966145,0.04817482541095863,59.00393109990667,59.08879607223517,0.08486497232849644,12.275635528000038
snr,1-layer RIS (BMI-adaptive),38.0,8.0,10.0,13.032572272377104,12.98642017104323,0.04615210133387393,59.00393109990667,59.17261975661083,0.16868865670415545,8.160580253931426
snr,3-layer SIM (universal),38.0,8.0,10.0,13.032572272377104,12.987876916424643,0.04469535595246121,59.00393109990667,59.0202662335842,0.016335133677529257,10.575103449929234
snr,3-layer SIM (BMI-adaptive),38.0,8.0,10.0,13.032572272377104,12.98814795212335,0.044424320253753535,59.00393109990667,59.04795809572243,0.044026995815755754,12.151678910005385
snr,No intelligent surface,38.0,9.0,10.0,10.99405114919961,4.537064072842902,6.456987076356707,98.71335836592942,47.088930680844825,51.6244276850846,-13.760407169629032
snr,Digital MVDR array (BMI-adaptive),38.0,9.0,10.0,10.99405114919961,10.949968525662996,0.04408262353661385,98.71335836592942,98.74098322516224,0.02762485923281588,12.391948211868424
snr,1-layer RIS (BMI-adaptive),38.0,9.0,10.0,10.99405114919961,10.955671430754094,0.038379718445515465,98.71335836592942,98.69170373978646,0.02165462614296132,8.274791434570293
snr,3-layer SIM (universal),38.0,9.0,10.0,10.99405114919961,10.951970823705437,0.0420803254941724,98.71335836592942,98.65365905297648,0.05969931295294373,11.58180959286356
snr,3-layer SIM (BMI-adaptive),38.0,9.0,10.0,10.99405114919961,10.952078674837496,0.04197247436211349,98.71335836592942,98.65116425808381,0.06219410784561319,12.40081941953533
snr,No intelligent surface,38.0,10.0,10.0,19.858884606129116,18.567902611176,1.2909819949531176,75.00747224794289,51.19483239732434,23.812639850618545,-13.760100536249345
snr,Digital MVDR array (BMI-adaptive),38.0,10.0,10.0,19.858884606129116,19.813349352797765,0.045535253331351555,75.00747224794289,74.9138635643958,0.09360868354708884,12.527042790501914
snr,1-layer RIS (BMI-adaptive),38.0,10.0,10.0,19.858884606129116,19.810581072493378,0.048303533635738916,75.00747224794289,74.80467988152053,0.20279236642235787,8.40636561208082
snr,3-layer SIM (universal),38.0,10.0,10.0,19.858884606129116,19.809687518421274,0.04919708770784226,75.00747224794289,74.96037119542078,0.047101052522108944,11.453730073752748
snr,3-layer SIM (BMI-adaptive),38.0,10.0,10.0,19.858884606129116,19.8087366384017,0.05014796772741548,75.00747224794289,74.9588210868196,0.04865116112328849,12.50280464531129
snr,No intelligent surface,38.0,11.0,10.0,21.61308987132457,4.258628918597042,17.35446095272753,63.705876498424146,55.48015915691699,8.225717341507156,-13.760427950749623
snr,Digital MVDR array (BMI-adaptive),38.0,11.0,10.0,21.61308987132457,21.568020165433744,0.04506970589082471,63.705876498424146,63.596932458583616,0.10894403984053014,12.463798267315314
snr,1-layer RIS (BMI-adaptive),38.0,11.0,10.0,21.61308987132457,21.568844056015838,0.04424581530873084,63.705876498424146,63.57403585434326,0.13184064408088858,8.339959644169712
snr,3-layer SIM (universal),38.0,11.0,10.0,21.61308987132457,21.568149524268293,0.0449403470562757,63.705876498424146,63.54525371082057,0.16062278760357884,11.486981988510783
snr,3-layer SIM (BMI-adaptive),38.0,11.0,10.0,21.61308987132457,21.566412112998197,0.04667775832637133,63.705876498424146,63.66747458112516,0.03840191729898379,12.443062196787025
snr,No intelligent surface,18.0,0.0,15.0,13.967883734059752,9.38044258131678,4.587441152742972,68.41090083960857,68.50549920937374,0.09459836976516556,-7.598023842764945
snr,Digital MVDR array (BMI-adaptive),18.0,0.0,15.0,13.967883734059752,13.924052264762711,0.04383146929704118,68.41090083960857,68.4862840150436,0.0753831754350216,9.037980515055072
snr,1-layer RIS (BMI-adaptive),18.0,0.0,15.0,13.967883734059752,13.92316098508214,0.044722748977612525,68.41090083960857,68.35531691523438,0.05558392437419002,5.394905198877255
snr,3-layer SIM (universal),18.0,0.0,15.0,13.967883734059752,13.922301288159508,0.045582445900244295,68.41090083960857,68.48986119444407,0.07896035483550179,7.902339122580447
snr,3-layer SIM (BMI-adaptive),18.0,0.0,15.0,13.967883734059752,13.921790913596558,0.04609282046319407,68.41090083960857,68.36463254265439,0.046268296954181665,9.218706536756887
snr,No intelligent surface,18.0,1.0,15.0,18.75874237290061,2.1058173662906414,16.65292500660997,93.00198738883023,55.602916135672274,37.399071253157956,-7.597743121222939
snr,Digital MVDR array (BMI-adaptive),18.0,1.0,15.0,18.75874237290061,18.706911378877297,0.05183099402331237,93.00198738883023,92.96358889282989,0.03839849600034029,8.983803672617372
snr,1-layer RIS (BMI-adaptive),18.0,1.0,15.0,18.75874237290061,18.71645331960767,0.04228905329294008,93.00198738883023,93.08336214111863,0.08137475228839719,5.143927369457895
snr,3-layer SIM (universal),18.0,1.0,15.0,18.75874237290061,18.706497112062067,0.05224526083854286,93.00198738883023,92.93466330755376,0.0673240812764675,7.57407593741216
snr,3-layer SIM (BMI-adaptive),18.0,1.0,15.0,18.75874237290061,18.715968250193583,0.04277412270702641,93.00198738883023,93.06218123254939,0.06019384371916203,8.844527053557945
snr,No intelligent surface,18.0,2.0,15.0,16.807991843047045,17.46399777565616,0.6560059326091157,71.24956222474773,47.28245471873766,23.967107506010073,-7.597766486668638
snr,Digital MVDR array (BMI-adaptive),18.0,2.0,15.0,16.807991843047045,16.761934588278255,0.0460572547687903,71.24956222474773,71.24281977534997,0.006742449397762584,8.800194734582059
snr,1-layer RIS (BMI-adaptive),18.0,2.0,15.0,16.807991843047045,16.761525436756266,0.04646640629077936,71.24956222474773,71.19645008306085,0.05311214168688139,5.086697882743603
snr,3-layer SIM (universal),18.0,2.0,15.0,16.807991843047045,16.764438245319557,0.043553597727488125,71.24956222474773,71.26095549695799,0.0113932722102561,7.09666480848038
snr,3-layer SIM (BMI-adaptive),18.0,2.0,15.0,16.807991843047045,16.758874574176403,0.04911726887064205,71.24956222474773,71.19519605050563,0.0543661742421051,8.575886408769515
snr,No intelligent surface,18.0,3.0,15.0,14.550522338076934,13.638559248447951,0.9119630896289834,70.72396348346656,67.13262653632701,3.5913369471395526,-7.597824418135623
snr,Digital MVDR array (BMI-adaptive),18.0,3.0,15.0,14.550522338076934,14.505020429697412,0.045501908379522504,70.72396348346656,70.73716832201426,0.013204838547693498,9.117824559735778
snr,1-layer RIS (BMI-adaptive),18.0,3.0,15.0,14.550522338076934,14.503685355379645,0.04683698269728964,70.72396348346656,70.76235637561831,0.038392892151748015,5.4328196908147515
snr,3-layer SIM (universal),18.0,3.0,15.0,14.550522338076934,14.506864815919524,0.043657522157410256,70.72396348346656,70.73949417099469,0.015530687528126919,7.668388903904518
snr,3-layer SIM (BMI-adaptive),18.0,3.0,15.0,14.550522338076934,14.502217676215082,0.04830466186185234,70.72396348346656,70.71114927470396,0.012814208762605972,9.077251556628886
snr,No intelligent surface,18.0,4.0,15.0,21.072243560614396,6.6467001228766245,14.425543437737772,67.222697276503,72.67500797503858,5.452310698535584,-7.597774760668898
snr,Digital MVDR array (BMI-adaptive),18.0,4.0,15.0,21.072243560614396,21.026158003046568,0.04608555756782806,67.222697276503,67.29212635068193,0.06942907417892741,8.678035849314291
snr,1-layer RIS (BMI-adaptive),18.0,4.0,15.0,21.072243560614396,21.030062297073627,0.04218126354076901,67.222697276503,67.38311513478864,0.1604178582856406,4.976693152014047
snr,3-layer SIM (universal),18.0,4.0,15.0,21.072243560614396,21.026841391464206,0.04540216915019002,67.222697276503,67.2251747175234,0.0024774410204031483,6.899771740797872
snr,3-layer SIM (BMI-adaptive),18.0,4.0,15.0,21.072243560614396,21.026446426457017,0.04579713415737885,67.222697276503,67.28630589800946,0.06360862150646085,8.416630793195123
snr,No intelligent surface,18.0,5.0,15.0,18.309244019288684,18.054871992487026,0.2543720268016578,68.77580637385239,68.1624757042187,0.6133306696336831,-7.597951305521624
snr,Digital MVDR array (BMI-adaptive),18.0,5.0,15.0,18.309244019288684,18.262147934460845,0.04709608482783878,68.77580637385239,68.83674873270073,0.06094235884833665,8.857459763535541
snr,1-layer RIS (BMI-adaptive),18.0,5.0,15.0,18.309244019288684,18.259026029694034,0.05021798959464974,68.77580637385239,68.67479609173381,0.10101028211857965,5.38742081923771
snr,3-layer SIM (universal),18.0,5.0,15.0,18.309244019288684,18.263623864691926,0.045620154596758056,68.77580637385239,68.83095490684654,0.05514853299415279,7.210126269036198
snr,3-layer SIM (BMI-adaptive),18.0,5.0,15.0,18.309244019288684,18.259814162853417,0.04942985643526754,68.77580637385239,68.70057773406776,0.07522863978462624,8.835156748861202
snr,No intelligent surface,18.0,6.0,15.0,25.061537171786203,10.443340039547971,14.618197132238231,63.358069887542904,63.619814609588325,0.261744722045421,-7.5980429172463175
snr,Digital MVDR array (BMI-adaptive),18.0,6.0,15.0,25.061537171786203,25.01614133159751,0.045395840188692915,63.358069887542904,63.42750985734544,0.06943996980253786,9.027264460163952
snr,1-layer RIS (BMI-adaptive),18.0,6.0,15.0,25.061537171786203,25.019518481224964,0.04201869056123897,63.358069887542904,63.26844882079979,0.08962106674311343,5.198199968304752
snr,3-layer SIM (universal),18.0,6.0,15.0,25.061537171786203,25.014382646870576,0.04715452491562644,63.358069887542904,63.40735948947463,0.04928960193172571,8.153188610018052
snr,3-layer SIM (BMI-adaptive),18.0,6.0,15.0,25.061537171786203,25.016749098721622,0.04478807306458066,63.358069887542904,63.282883648658284,0.07518623888461917,9.291146780410246
snr,No intelligent surface,18.0,7.0,15.0,16.60964879989673,16.48194568795756,0.1277031119391694,70.42347101545967,49.6204206052242,20.80305041023547,-7.5978102852684675
snr,Digital MVDR array (BMI-adaptive),18.0,7.0,15.0,16.60964879989673,16.561732177023323,0.047916622873405146,70.42347101545967,70.3582427072475,0.06522830821216985,9.191086493695694
snr,1-layer RIS (BMI-adaptive),18.0,7.0,15.0,16.60964879989673,16.562725936528388,0.04692286336834073,70.42347101545967,70.41202741534525,0.011443600114418473,5.445594497253435
snr,3-layer SIM (universal),18.0,7.0,15.0,16.60964879989673,16.562937852697914,0.04671094719881452,70.42347101545967,70.3514678222794,0.07200319318026516,7.8444310951926
snr,3-layer SIM (BMI-adaptive),18.0,7.0,15.0,16.60964879989673,16.562573781992167,0.04707501790456092,70.42347101545967,70.41278703924817,0.01068397621149586,9.177044472741526
snr,No intelligent surface,18.0,8.0,15.0,22.816548305349297,9.939309134428239,12.877239170921058,88.50372583343945,48.871903341313875,39.63182249212557,-7.598063426325953
snr,Digital MVDR array (BMI-adaptive),18.0,8.0,15.0,22.816548305349297,22.767513052983137,0.04903525236615991,88.50372583343945,88.4980884371293,0.005637396310149256,8.818896914436726
snr,1-layer RIS (BMI-adaptive),18.0,8.0,15.0,22.816548305349297,22.766747921725845,0.049800383623452404,88.50372583343945,88.4397852330371,0.06394060040234706,5.391018262749723
snr,3-layer SIM (universal),18.0,8.0,15.0,22.816548305349297,22.76681683997568,0.04973146537361828,88.50372583343945,88.44341960934864,0.06030622409080877,7.353425370663997
snr,3-layer SIM (BMI-adaptive),18.0,8.0,15.0,22.816548305349297,22.77069368783796,0.04585461751133835,88.50372583343945,88.48089586323667,0.022829970202778327,8.919523657382506
snr,No intelligent surface,18.0,9.0,15.0,19.237609366215413,4.828086405010566,14.409522961204846,86.19880909504789,54.14676559935887,32.05204349568902,-7.598183097223448
snr,Digital MVDR array (BMI-adaptive),18.0,9.0,15.0,19.237609366215413,19.192326653648326,0.04528271256708649,86.19880909504789,86.1807801679802,0.018028927067689438,8.726274182848266
snr,1-layer RIS (BMI-adaptive),18.0,9.0,15.0,19.237609366215413,19.192718097724768,0.04489126849064462,86.19880909504789,86.16594774825455,0.03286134679333941,5.273650244578125
snr,3-layer SIM (universal),18.0,9.0,15.0,19.237609366215413,19.19161807077168,0.04599129544373426,86.19880909504789,86.19770398236285,0.0011051126850389892,7.51945959581214
snr,3-layer SIM (BMI-adaptive),18.0,9.0,15.0,19.237609366215413,19.190916186250682,0.04669317996473055,86.19880909504789,86.20967276737319,0.010863672325299945,8.9600392782435
snr,No intelligent surface,18.0,10.0,15.0,21.80770401355853,6.660621905736868,15.147082107821664,76.27461545358948,70.48396729447515,5.790648159114326,-7.598234026080224
snr,Digital MVDR array (BMI-adaptive),18.0,10.0,15.0,21.80770401355853,21.761397503611697,0.046306509946834495,76.27461545358948,76.19000786281742,0.08460759077205182,8.534412149321613
snr,1-layer RIS (BMI-adaptive),18.0,10.0,15.0,21.80770401355853,21.762618570293103,0.04508544326542818,76.27461545358948,76.16757952053042,0.10703593305905201,5.249349609740599
snr,3-layer SIM (universal),18.0,10.0,15.0,21.80770401355853,21.76124563626247,0.04645837729606228,76.27461545358948,76.30531675360186,0.030701300012381694,7.106067979814357
snr,3-layer SIM (BMI-adaptive),18.0,10.0,15.0,21.80770401355853,21.76147071519153,0.04623329836700307,76.27461545358948,76.24158817028892,0.033027283300555155,8.730014074282499
snr,No intelligent surface,18.0,11.0,15.0,15.049653222267512,4.290486457835369,10.759166764432143,74.55965557306135,61.29352711320335,13.266128459857995,-7.597747600966194
snr,Digital MVDR array (BMI-adaptive),18.0,11.0,15.0,15.049653222267512,15.004932076897987,0.04472114536952532,74.55965557306135,74.4800114915466,0.07964408151474345,8.786812451561772
snr,1-layer RIS (BMI-adaptive),18.0,11.0,15.0,15.049653222267512,15.009737518167753,0.03991570409975864,74.55965557306135,74.39906895292287,0.16058662013847425,5.020339867120651
snr,3-layer SIM (universal),18.0,11.0,15.0,15.049653222267512,15.003390036044511,0.046263186223001185,74.55965557306135,74.58440173668922,0.02474616362786719,7.136831577018199
snr,3-layer SIM (BMI-adaptive),18.0,11.0,15.0,15.049653222267512,15.004293319596067,0.04535990267144463,74.55965557306135,74.48522889467338,0.07442667838796524,8.547843592908082
snr,No intelligent surface,22.0,0.0,15.0,21.525847358327105,-4.906532349783897,26.432379708111004,75.94645959346165,47.83742228859239,28.10903730486926,-7.543520483880403
snr,Digital MVDR array (BMI-adaptive),22.0,0.0,15.0,21.525847358327105,21.474778739043643,0.051068619283462624,75.94645959346165,76.02907013905036,0.0826105455887074,6.51075400171158
snr,1-layer RIS (BMI-adaptive),22.0,0.0,15.0,21.525847358327105,21.471457565611274,0.05438979271583122,75.94645959346165,76.28110088960479,0.33464129614313265,3.6546336083185746
snr,3-layer SIM (universal),22.0,0.0,15.0,21.525847358327105,21.47463162485556,0.051215733471543956,75.94645959346165,75.89807177781407,0.04838781564758676,4.876968741363829
snr,3-layer SIM (BMI-adaptive),22.0,0.0,15.0,21.525847358327105,21.47636983809452,0.04947752023258545,75.94645959346165,76.1221503400121,0.17569074655044403,6.402317600988726
snr,No intelligent surface,22.0,1.0,15.0,17.64749957589065,17.859264012607817,0.21176443671716783,88.35500924241853,88.40961225892046,0.05460301650192889,-7.544124914792344
snr,Digital MVDR array (BMI-adaptive),22.0,1.0,15.0,17.64749957589065,17.603631283616632,0.04386829227401634,88.35500924241853,88.36763407681569,0.012624834397158224,6.151116210044859
snr,1-layer RIS (BMI-adaptive),22.0,1.0,15.0,17.64749957589065,17.601462900882616,0.046036675008032546,88.35500924241853,88.26008862874058,0.09492061367795657,3.6507592699937237
snr,3-layer SIM (universal),22.0,1.0,15.0,17.64749957589065,17.602186274624533,0.04531330126611621,88.35500924241853,88.38305264508782,0.02804340266928307,4.981936128322445
snr,3-layer SIM (BMI-adaptive),22.0,1.0,15.0,17.64749957589065,17.602783189491472,0.044716386399176855,88.35500924241853,88.29728857059042,0.057720671828107584,6.297599392694755
snr,No intelligent surface,22.0,2.0,15.0,22.438836454375878,7.495381462258101,14.943454992117776,68.42785318606656,96.63179112134901,28.203937935282454,-7.543713894363734
snr,Digital MVDR array (BMI-adaptive),22.0,2.0,15.0,22.438836454375878,22.390880019419104,0.04795643495677382,68.42785318606656,68.15897883293475,0.26887435313180674,6.538560001881402
snr,1-layer RIS (BMI-adaptive),22.0,2.0,15.0,22.438836454375878,22.399970893153682,0.03886556122219531,68.42785318606656,68.07211452547749,0.35573866058906845,3.8266690207376817
snr,3-layer SIM (universal),22.0,2.0,15.0,22.438836454375878,22.386742412290047,0.05209404208583024,68.42785318606656,68.21540104813536,0.21245213793119433,4.845500444443439
snr,3-layer SIM (BMI-adaptive),22.0,2.0,15.0,22.438836454375878,22.397459319004128,0.04137713537175003,68.42785318606656,68.21907802441369,0.20877516165286636,6.48547983887994
snr,No intelligent surface,22.0,3.0,15.0,14.352633642509986,5.497754791622975,8.854878850887012,69.87929888808534,54.70615248639843,15.173146401686914,-7.543641150006437
snr,Digital MVDR array (BMI-adaptive),22.0,3.0,15.0,14.352633642509986,14.307533108371405,0.04510053413858017,69.87929888808534,69.88111241221502,0.001813524129673283,6.4688019889437545
snr,1-layer RIS (BMI-adaptive),22.0,3.0,15.0,14.352633642509986,14.314557703186871,0.03807593932311448,69.87929888808534,69.6672905740292,0.21200831405614906,3.572267862530642
snr,3-layer SIM (universal),22.0,3.0,15.0,14.352633642509986,14.305178750414406,0.04745489209557974,69.87929888808534,69.90364554913162,0.02434666104628036,5.484983301566679
snr,3-layer SIM (BMI-adaptive),22.0,3.0,15.0,14.352633642509986,14.309925540039064,0.042708102470921716,69.87929888808534,69.84332140676923,0.03597748131610956,6.540316376298518
snr,No intelligent surface,22.0,4.0,15.0,18.20925045878519,17.936380267930716,0.27287019085447284,68.13448790251381,54.45045089999969,13.684037002514124,-7.54436232226987
snr,Digital MVDR array (BMI-adaptive),22.0,4.0,15.0,18.20925045878519,18.16275103929027,0.04649941949491776,68.13448790251381,68.18006074611776,0.04557284360394931,5.907662417615769
snr,1-layer RIS (BMI-adaptive),22.0,4.0,15.0,18.20925045878519,18.15889512106562,0.05035533771956935,68.13448790251381,68.17460013443844,0.0401122319246241,3.827069669047816
snr,3-layer SIM (universal),22.0,4.0,15.0,18.20925045878519,18.165751853641563,0.04349860514362547,68.13448790251381,68.12865026158342,0.0058376409303946275,3.633161279820634
snr,3-layer SIM (BMI-adaptive),22.0,4.0,15.0,18.20925045878519,18.160029018322525,0.04922144046266297,68.13448790251381,68.1727481709604,0.03826026844659225,5.908024461576301
snr,No intelligent surface,22.0,5.0,15.0,17.811207176543025,17.645864157942313,0.1653430186007121,97.85495188213658,48.534384178792976,49.3205677033436,-7.544016045057066
snr,Digital MVDR array (BMI-adaptive),22.0,5.0,15.0,17.811207176543025,17.764915689091193,0.04629148745183187,97.85495188213658,97.88736709068783,0.03241520855125657,6.315943121741424
snr,1-layer RIS (BMI-adaptive),22.0,5.0,15.0,17.811207176543025,17.762493963692723,0.04871321285030206,97.85495188213658,97.86220546182417,0.007253579687599654,3.8705327054643917
snr,3-layer SIM (universal),22.0,5.0,15.0,17.811207176543025,17.766248516131228,0.044958660411797524,97.85495188213658,97.88770880785093,0.03275692571435229,4.453945676824185
snr,3-layer SIM (BMI-adaptive),22.0,5.0,15.0,17.811207176543025,17.7629790317823,0.048228144760724234,97.85495188213658,97.87636574956592,0.021413867429345146,6.309258952660411
snr,No intelligent surface,22.0,6.0,15.0,14.48345803708795,3.9413957534898065,10.542062283598142,80.26573055186678,53.163069944561364,27.102660607305417,-7.5437581906947635
snr,Digital MVDR array (BMI-adaptive),22.0,6.0,15.0,14.48345803708795,14.441422128531464,0.042035908556485424,80.26573055186678,80.28417106087454,0.018440509007760397,6.444913059786154
snr,1-layer RIS (BMI-adaptive),22.0,6.0,15.0,14.48345803708795,14.42893671564587,0.05452132144207944,80.26573055186678,80.37613549126047,0.110404939393689,3.857733714748752
snr,3-layer SIM (universal),22.0,6.0,15.0,14.48345803708795,14.450244123055269,0.03321391403268059,80.26573055186678,80.26756090199771,0.0018303501309304693,4.1327590504208445
snr,3-layer SIM (BMI-adaptive),22.0,6.0,15.0,14.48345803708795,14.42801434934322,0.055443687744729075,80.26573055186678,80.32258472525089,0.05685417338411014,6.2815579878844074
snr,No intelligent surface,22.0,7.0,15.0,19.20495102417051,8.45902734546736,10.745923678703148,77.95930190435828,76.26650855916938,1.6927933451889032,-7.544001781225273
snr,Digital MVDR array (BMI-adaptive),22.0,7.0,15.0,19.20495102417051,19.155141958281323,0.04980906588918543,77.95930190435828,77.98741921505834,0.028117310700054077,6.194955300165493
snr,1-layer RIS (BMI-adaptive),22.0,7.0,15.0,19.20495102417051,19.155433676566005,0.049517347604503215,77.95930190435828,77.98477517345553,0.025473269097247453,3.4922676164239626
snr,3-layer SIM (universal),22.0,7.0,15.0,19.20495102417051,19.156134356461518,0.048816667708990735,77.95930190435828,77.94990691490439,0.009394989453895164,5.417122041797855
snr,3-layer SIM (BMI-adaptive),22.0,7.0,15.0,19.20495102417051,19.156137331603933,0.04881369256657564,77.95930190435828,77.99498961418955,0.035687709831265124,6.39257080935923
snr,No intelligent surface,22.0,8.0,15.0,14.086737352212811,4.336401593244484,9.750335758968326,80.1589830370699,60.79486757603486,19.36411546103504,-7.543706172019602
snr,Digital MVDR array (BMI-adaptive),22.0,8.0,15.0,14.086737352212811,14.03586464980191,0.05087270241090103,80.1589830370699,80.41229049594322,0.25330745887332284,6.4960708458605945
snr,1-layer RIS (BMI-adaptive),22.0,8.0,15.0,14.086737352212811,14.038658133402125,0.04807921881068644,80.1589830370699,80.53506334211988,0.3760803050499817,3.8375368845514144
snr,3-layer SIM (universal),22.0,8.0,15.0,14.086737352212811,14.036788444387428,0.049948907825383415,80.1589830370699,80.32117743023579,0.16219439316589046,4.4091648934014875
snr,3-layer SIM (BMI-adaptive),22.0,8.0,15.0,14.086737352212811,14.036927509055156,0.049809843157655465,80.1589830370699,80.38257365129738,0.22359061422747573,6.360696698764458
snr,No intelligent surface,22.0,9.0,15.0,23.690209465927577,8.343529298744837,15.34668016718274,86.42381068155487,76.99151416645397,9.432296515100902,-7.543549274496292
snr,Digital MVDR array (BMI-adaptive),22.0,9.0,15.0,23.690209465927577,23.646433190454285,0.04377627547329155,86.42381068155487,86.41944579269276,0.004364888862113503,4.195609844021991
snr,1-layer RIS (BMI-adaptive),22.0,9.0,15.0,23.690209465927577,23.65014973537164,0.04005973055593515,86.42381068155487,86.46960379900082,0.04579311744595316,1.6651719713391155
snr,3-layer SIM (universal),22.0,9.0,15.0,23.690209465927577,23.64197704050911,0.0482324254184654,86.42381068155487,86.37371012603685,0.05010055551801429,2.4653309184426604
snr,3-layer SIM (BMI-adaptive),22.0,9.0,15.0,23.690209465927577,23.649458065700607,0.04075140022696999,86.42381068155487,86.48168339372307,0.057872712168205,3.808959923842861
snr,No intelligent surface,22.0,10.0,15.0,23.478399595429998,9.116809647672149,14.36158994775785,93.65451723126449,77.80481807809427,15.84969915317022,-7.543479874210389
snr,Digital MVDR array (BMI-adaptive),22.0,10.0,15.0,23.478399595429998,23.42774935983254,0.05065023559745896,93.65451723126449,93.68181885227986,0.027301621015368482,6.095270044760311
snr,1-layer RIS (BMI-adaptive),22.0,10.0,15.0,23.478399595429998,23.420284342974046,0.05811525245595206,93.65451723126449,93.7041434954292,0.04962626416470073,3.141020502347756
snr,3-layer SIM (universal),22.0,10.0,15.0,23.478399595429998,23.43242387734114,0.04597571808885803,93.65451723126449,93.70840378311524,0.053886551850752085,5.211189634916403
snr,3-layer SIM (BMI-adaptive),22.0,10.0,15.0,23.478399595429998,23.42347709543944,0.05492249999055687,93.65451723126449,93.66956939152354,0.015052160259045877,6.121680636736756
snr,No intelligent surface,22.0,11.0,15.0,20.192265861387803,3.6423211015092436,16.54994475987856,95.08468847828777,53.52344686879427,41.56124160949351,-7.544168790763013
snr,Digital MVDR array (BMI-adaptive),22.0,11.0,15.0,20.192265861387803,20.138022470208433,0.05424339117936938,95.08468847828777,95.08058181877402,0.00410665951375222,6.126852091658586
snr,1-layer RIS (BMI-adaptive),22.0,11.0,15.0,20.192265861387803,20.14238657044823,0.049879290939571774,95.08468847828777,95.04842062426479,0.03626785402298083,3.7182868755700955
snr,3-layer SIM (universal),22.0,11.0,15.0,20.192265861387803,20.137104181414056,0.05516167997374666,95.08468847828777,95.08854283289814,0.0038543546103682047,4.715487681584774
snr,3-layer SIM (BMI-adaptive),22.0,11.0,15.0,20.192265861387803,20.14270021198616,0.049565649401642986,95.08468847828777,95.11466532175807,0.029976843470294057,6.2371746543467275
snr,No intelligent surface,26.0,0.0,15.0,24.720820243851346,5.488742971046795,19.232077272804553,96.37159845652958,47.22816198558539,49.143436470944195,-8.750312160809514
snr,Digital MVDR array (BMI-adaptive),26.0,0.0,15.0,24.720820243851346,24.67873803845155,0.042082205399797346,96.37159845652958,96.43816391281008,0.06656545628050026,6.757288798429363
snr,1-layer RIS (BMI-adaptive),26.0,0.0,15.0,24.720820243851346,24.679779198466683,0.04104104538466302,96.37159845652958,96.51633608921519,0.14473763268560447,3.7170048738487784
snr,3-layer SIM (universal),26.0,0.0,15.0,24.720820243851346,24.67863614956852,0.042184094282827544,96.37159845652958,96.37217729646159,0.0005788399320039161,5.468994718936634
snr,3-layer SIM (BMI-adaptive),26.0,0.0,15.0,24.720820243851346,24.679063842273244,0.04175640157810179,96.37159845652958,96.39535114672324,0.023752690193660442,6.850851269945284
snr,No intelligent surface,26.0,1.0,15.0,16.466220180238576,16.686581496244642,0.22036131600606623,62.780347228534275,67.63962766393627,4.859280435401992,-8.750456494350635
snr,Digital MVDR array (BMI-adaptive),26.0,1.0,15.0,16.466220180238576,16.420515181079857,0.04570499915871906,62.780347228534275,62.833432785191256,0.053085556656981225,7.372051219009743
snr,1-layer RIS (BMI-adaptive),26.0,1.0,15.0,16.466220180238576,16.425803185472077,0.04041699476649896,62.780347228534275,62.907038147386295,0.12669091885202022,4.291903254021981
snr,3-layer SIM (universal),26.0,1.0,15.0,16.466220180238576,16.41751443830301,0.048705741935567204,62.780347228534275,62.813750488279936,0.03340325974566127,7.024583452501997
snr,3-layer SIM (BMI-adaptive),26.0,1.0,15.0,16.466220180238576,16.41807225677382,0.04814792346475727,62.780347228534275,62.81516224942378,0.0348150208895035,7.4431770369385495
snr,No intelligent surface,26.0,2.0,15.0,19.500884301666087,9.415989211689539,10.084895089976548,77.56024129682356,63.187559421936605,14.372681874886958,-8.750433554404287
snr,Digital MVDR array (BMI-adaptive),26.0,2.0,15.0,19.500884301666087,19.45166502330657,0.04921927835951578,77.56024129682356,77.60143267553363,0.04119137871006728,6.974315891589459
snr,1-layer RIS (BMI-adaptive),26.0,2.0,15.0,19.500884301666087,19.453854315933434,0.047029985732653046,77.56024129682356,77.64081842335116,0.08057712652760074,4.026222471150271
snr,3-layer SIM (universal),26.0,2.0,15.0,19.500884301666087,19.44818459376106,0.05269970790502754,77.56024129682356,77.6255274725556,0.06528617573204087,6.04114976259814
snr,3-layer SIM (BMI-adaptive),26.0,2.0,15.0,19.500884301666087,19.448514060660973,0.05237024100511434,77.56024129682356,77.61514288078617,0.054901583962603695,7.071342700650161
snr,No intelligent surface,26.0,3.0,15.0,21.9754742805541,9.71453865103164,12.260935629522459,80.60130872337508,48.3134076720193,32.28790105135578,-8.749550015736375
snr,Digital MVDR array (BMI-adaptive),26.0,3.0,15.0,21.9754742805541,21.925889615324255,0.04958466522984395,80.60130872337508,80.51174581824795,0.08956290512713849,7.458036093069066
snr,1-layer RIS (BMI-adaptive),26.0,3.0,15.0,21.9754742805541,21.92343540188838,0.052038878665719324,80.60130872337508,80.54748279111273,0.05382593226235599,3.783012571736124
snr,3-layer SIM (universal),26.0,3.0,15.0,21.9754742805541,21.92761756828896,0.047856712265140544,80.60130872337508,80.46634452999768,0.1349641933773995,6.8959856886165
snr,3-layer SIM (BMI-adaptive),26.0,3.0,15.0,21.9754742805541,21.92748636017033,0.04798792038376831,80.60130872337508,80.50361880197498,0.09768992140010369,7.375757922709574
snr,No intelligent surface,26.0,4.0,15.0,10.897640954807285,2.228156534524337,8.669484420282949,61.453069925870885,53.56470119787117,7.888368727999712,-8.749550577919859
snr,Digital MVDR array (BMI-adaptive),26.0,4.0,15.0,10.897640954807285,10.85245110096182,0.045189853845464256,61.453069925870885,61.40257261479063,0.05049731108025668,7.600530110726972
snr,1-layer RIS (BMI-adaptive),26.0,4.0,15.0,10.897640954807285,10.854350066266182,0.043290888541102746,61.453069925870885,61.44463788991578,0.00843203595510289,3.9663080156727086
snr,3-layer SIM (universal),26.0,4.0,15.0,10.897640954807285,10.849261125583048,0.04837982922423656,61.453069925870885,61.432527358329885,0.020542567540999812,7.03156910388718
snr,3-layer SIM (BMI-adaptive),26.0,4.0,15.0,10.897640954807285,10.850033726576894,0.04760722823039032,61.453069925870885,61.434356855635365,0.01871307023552049,7.546684073092096
snr,No intelligent surface,26.0,5.0,15.0,16.659251638236896,6.203478518489997,10.455773119746897,63.08002519522724,48.94520117338645,14.134824021840792,-8.749821482646482
snr,Digital MVDR array (BMI-adaptive),26.0,5.0,15.0,16.659251638236896,16.614005546803188,0.04524609143370739,63.08002519522724,63.09283290529892,0.012807710071676581,7.715537617061053
snr,1-layer RIS (BMI-adaptive),26.0,5.0,15.0,16.659251638236896,16.612661266712575,0.04659037152432077,63.08002519522724,63.01754490042805,0.062480294799193814,4.275520504109545
snr,3-layer SIM (universal),26.0,5.0,15.0,16.659251638236896,16.61603562352352,0.04321601471337644,63.08002519522724,63.078968734800355,0.0010564604268878952,7.245628843674188
snr,3-layer SIM (BMI-adaptive),26.0,5.0,15.0,16.659251638236896,16.615595851207388,0.043655787029507565,63.08002519522724,63.101739110732225,0.02171391550498214,7.719095514394882
snr,No intelligent surface,26.0,6.0,15.0,19.9095633756009,8.718611694598636,11.190951681002264,93.60344553620499,57.43699741485716,36.16644812134783,-8.749483705390931
snr,Digital MVDR array (BMI-adaptive),26.0,6.0,15.0,19.9095633756009,19.867281054764344,0.0422823208365557,93.60344553620499,93.53413151986051,0.06931401634447809,7.403530153263144
snr,1-layer RIS (BMI-adaptive),26.0,6.0,15.0,19.9095633756009,19.867236963559876,0.0423264120410245,93.60344553620499,93.40519461697467,0.19825091923031835,3.707940845078938
snr,3-layer SIM (universal),26.0,6.0,15.0,19.9095633756009,19.86572325317338,0.04384012242752178,93.60344553620499,93.64168405154746,0.03823851534247069,6.716218982253407
snr,3-layer SIM (BMI-adaptive),26.0,6.0,15.0,19.9095633756009,19.86695633965023,0.04260703595067028,93.60344553620499,93.56682350687468,0.03662202933030301,7.3327845890720305
snr,No intelligent surface,26.0,7.0,15.0,11.413219933126477,10.431851914893313,0.9813680182331641,80.3129795797326,54.14716042197878,26.165819157753816,-8.75006178965387
snr,Digital MVDR array (BMI-adaptive),26.0,7.0,15.0,11.413219933126477,11.364289199830912,0.048930733295565076,80.3129795797326,80.29961140086077,0.013368178871829173,7.661214355275638
snr,1-layer RIS (BMI-adaptive),26.0,7.0,15.0,11.413219933126477,11.368645107873748,0.044574825252729156,80.3129795797326,80.32850033389586,0.01552075416326204,4.285909197026369
snr,3-layer SIM (universal),26.0,7.0,15.0,11.413219933126477,11.363461419243453,0.04975851388302388,80.3129795797326,80.28623829551394,0.026741284218658734,7.350464633807339
snr,3-layer SIM (BMI-adaptive),26.0,7.0,15.0,11.413219933126477,11.363648704922245,0.049571228204232654,80.3129795797326,80.2923014284144,0.020678151318193727,7.676072805700262
snr,No intelligent surface,26.0,8.0,15.0,11.889314337712516,12.321106640318071,0.43179230260555457,94.97892050426755,52.402660866428874,42.576259637838675,-8.75023699824287
snr,Digital MVDR array (BMI-adaptive),26.0,8.0,15.0,11.889314337712516,11.843889002441728,0.045425335270788736,94.97892050426755,94.94836309224294,0.03055741202460638,7.56711304680084
snr,1-layer RIS (BMI-adaptive),26.0,8.0,15.0,11.889314337712516,11.842488563438687,0.04682577427382917,94.97892050426755,94.92665044415332,0.05227006011422475,4.318573864188585
snr,3-layer SIM (universal),26.0,8.0,15.0,11.889314337712516,11.844204641030148,0.04510969668236875,94.97892050426755,94.96292118841122,0.01599931585633385,7.260148196550768
snr,3-layer SIM (BMI-adaptive),26.0,8.0,15.0,11.889314337712516,11.844428015775792,0.04488632193672437,94.97892050426755,94.99229509592814,0.013374591660593182,7.6090709662842855
snr,No intelligent surface,26.0,9.0,15.0,18.84506709966394,122.55237969880017,103.70731259913623,92.70595882541659,61.92431472124464,30.781644104171946,-8.749547782134426
snr,Digital MVDR array (BMI-adaptive),26.0,9.0,15.0,18.84506709966394,18.796761527259903,0.04830557240403621,92.70595882541659,92.67798815536203,0.027970670054557445,7.601167256301151
snr,1-layer RIS (BMI-adaptive),26.0,9.0,15.0,18.84506709966394,18.795780379275037,0.049286720388902694,92.70595882541659,92.70714357878785,0.001184753371262559,3.9785404487076574
snr,3-layer SIM (universal),26.0,9.0,15.0,18.84506709966394,18.79932386845258,0.045743231211361035,92.70595882541659,92.63924605989226,0.06671276552432914,7.000088736919937
snr,3-layer SIM (BMI-adaptive),26.0,9.0,15.0,18.84506709966394,18.798940420828096,0.04612667883584365,92.70595882541659,92.66619793228503,0.039760893131557395,7.555044918614671
snr,No intelligent surface,26.0,10.0,15.0,21.77645028011807,7.257501137843612,14.518949142274458,73.60266599352262,69.54826648686392,4.054399506658697,-8.749701824250671
snr,Digital MVDR array (BMI-adaptive),26.0,10.0,15.0,21.77645028011807,21.729311487398302,0.04713879271976751,73.60266599352262,73.70298182405907,0.1003158305364451,7.4576199867738735
snr,1-layer RIS (BMI-adaptive),26.0,10.0,15.0,21.77645028011807,21.7277823984028,0.04866788171527148,73.60266599352262,73.76813883307105,0.1654728395484284,3.9814380657639776
snr,3-layer SIM (universal),26.0,10.0,15.0,21.77645028011807,21.73149580881717,0.04495447130090113,73.60266599352262,73.64543465083028,0.04276865730766133,6.669697081390604
snr,3-layer SIM (BMI-adaptive),26.0,10.0,15.0,21.77645028011807,21.73112523223065,0.04532504788742031,73.60266599352262,73.67590928193597,0.07324328841335159,7.459659836649582
snr,No intelligent surface,26.0,11.0,15.0,21.327750517152307,5.039136658897656,16.28861385825465,65.36584107349914,48.568802561119355,16.797038512379785,-8.74984958633403
snr,Digital MVDR array (BMI-adaptive),26.0,11.0,15.0,21.327750517152307,21.279187167224148,0.04856334992815903,65.36584107349914,65.31817770092408,0.047663372575058816,7.072922454336673
snr,1-layer RIS (BMI-adaptive),26.0,11.0,15.0,21.327750517152307,21.274280341126037,0.05347017602626991,65.36584107349914,65.22341818493804,0.14242288856110008,3.6734009332363855
snr,3-layer SIM (universal),26.0,11.0,15.0,21.327750517152307,21.281613940077428,0.04613657707487917,65.36584107349914,65.37425268384801,0.0084116103488725,5.985709937967698
snr,3-layer SIM (BMI-adaptive),26.0,11.0,15.0,21.327750517152307,21.281011301615017,0.04673921553728988,65.36584107349914,65.30604396626774,0.05979710723140386,7.09982878769415
snr,No intelligent surface,30.0,0.0,15.0,16.84415567777948,19.63027930683857,2.786123629059091,94.2171413442716,51.620237751908505,42.59690359236309,-10.077108324076555
snr,Digital MVDR array (BMI-adaptive),30.0,0.0,15.0,16.84415567777948,16.795542567660114,0.04861311011936564,94.2171413442716,94.17957994528595,0.0375613989856447,9.903840652328196
snr,1-layer RIS (BMI-adaptive),30.0,0.0,15.0,16.84415567777948,16.795255589733074,0.04890008804640544,94.2171413442716,94.15866907138245,0.0584722728891478,6.04417612091148
snr,3-layer SIM (universal),30.0,0.0,15.0,16.84415567777948,16.79622627861875,0.04792939916072925,94.2171413442716,94.19161230545839,0.025529038813203897,9.511235904076681
snr,3-layer SIM (BMI-adaptive),30.0,0.0,15.0,16.84415567777948,16.796719309835332,0.047436367944147406,94.2171413442716,94.1973293084162,0.019812035855395038,9.883973944240822
snr,No intelligent surface,30.0,1.0,15.0,21.61306678325824,5.219263104853484,16.39380367840476,87.84696695972445,49.162642099909604,38.68432485981485,-10.076626437428713
snr,Digital MVDR array (BMI-adaptive),30.0,1.0,15.0,21.61306678325824,21.565462969229667,0.047603814028573055,87.84696695972445,87.96731205861752,0.12034509889306833,9.397217866579766
snr,1-layer RIS (BMI-adaptive),30.0,1.0,15.0,21.61306678325824,21.56378232528609,0.0492844579721492,87.84696695972445,88.05759574286263,0.21062878313817635,5.486923978969994
snr,3-layer SIM (universal),30.0,1.0,15.0,21.61306678325824,21.56575438143838,0.04731240181985896,87.84696695972445,87.96085142993026,0.11388447020580372,9.25072635498011
snr,3-layer SIM (BMI-adaptive),30.0,1.0,15.0,21.61306678325824,21.56559963555797,0.04746714770027083,87.84696695972445,87.94548558129237,0.09851862156791924,9.513371801602515
snr,No intelligent surface,30.0,2.0,15.0,15.330478729671364,5.205925015930703,10.124553713740662,82.80637557897062,57.3818007602656,25.42457481870502,-10.076993998279232
snr,Digital MVDR array (BMI-adaptive),30.0,2.0,15.0,15.330478729671364,15.281351174142818,0.049127555528546196,82.80637557897062,82.79201651607843,0.014359062892182806,9.775934733823417
snr,1-layer RIS (BMI-adaptive),30.0,2.0,15.0,15.330478729671364,15.278999745407042,0.05147898426432285,82.80637557897062,82.81285860656347,0.006483027592850021,5.925226070929096
snr,3-layer SIM (universal),30.0,2.0,15.0,15.330478729671364,15.282844944722601,0.047633784948763136,82.80637557897062,82.76683751538926,0.039538063581360916,9.434918667124636
snr,3-layer SIM (BMI-adaptive),30.0,2.0,15.0,15.330478729671364,15.28371653568961,0.04676219398175441,82.80637557897062,82.80265578011637,0.003719798854248779,9.785947605208303
snr,No intelligent surface,30.0,3.0,15.0,13.29735475834486,12.249526830512139,1.0478279278327207,57.90371736124424,57.72503331432475,0.1786840469194928,-10.07708350138974
snr,Digital MVDR array (BMI-adaptive),30.0,3.0,15.0,13.29735475834486,13.253470117401337,0.04388464094352251,57.90371736124424,57.91085438955514,0.007137028310900462,9.968684446755514
snr,1-layer RIS (BMI-adaptive),30.0,3.0,15.0,13.29735475834486,13.255751215182935,0.041603543161924605,57.90371736124424,57.912089029791275,0.008371668547034972,6.08555657511303
snr,3-layer SIM (universal),30.0,3.0,15.0,13.29735475834486,13.2531264234871,0.04422833485775968,57.90371736124424,57.88852505197107,0.015192309273167837,9.58090354539419
snr,3-layer SIM (BMI-adaptive),30.0,3.0,15.0,13.29735475834486,13.253053427968009,0.044301330376850245,57.90371736124424,57.88158185984222,0.02213550140201903,9.949017770020575
snr,No intelligent surface,30.0,4.0,15.0,20.013798243694033,4.339919120849645,15.673879122844388,91.7456370894934,57.49182700416896,34.25381008532444,-10.077331164968971
snr,Digital MVDR array (BMI-adaptive),30.0,4.0,15.0,20.013798243694033,19.965233185718464,0.048565057975569204,91.7456370894934,91.75545948120974,0.009822391716340917,10.092092582953601
snr,1-layer RIS (BMI-adaptive),30.0,4.0,15.0,20.013798243694033,19.964067476031726,0.04973076766230733,91.7456370894934,91.76842031980915,0.02278323031575269,6.205823255550962
snr,3-layer SIM (universal),30.0,4.0,15.0,20.013798243694033,19.96597446132963,0.047823782364403655,91.7456370894934,91.75764636671147,0.01200927721806977,9.618499091245859
snr,3-layer SIM (BMI-adaptive),30.0,4.0,15.0,20.013798243694033,19.966373035624976,0.04742520806905759,91.7456370894934,91.77751889364411,0.03188180415071429,10.022922546209735
snr,No intelligent surface,30.0,5.0,15.0,21.9885398781548,6.709758890640521,15.278780987514278,61.60100952690211,52.87962692516842,8.721382601733694,-10.076957941240043
snr,Digital MVDR array (BMI-adaptive),30.0,5.0,15.0,21.9885398781548,21.938869169655312,0.049670708499487404,61.60100952690211,61.577357976959604,0.023651549942506733,9.871139832522289
snr,1-layer RIS (BMI-adaptive),30.0,5.0,15.0,21.9885398781548,21.93826848299889,0.05027139515591017,61.60100952690211,61.55336470526569,0.04764482163641759,5.987498532358354
snr,3-layer SIM (universal),30.0,5.0,15.0,21.9885398781548,21.93878792252975,0.04975195562504808,61.60100952690211,61.60638998871465,0.005380461812542592,9.535765149709945
snr,3-layer SIM (BMI-adaptive),30.0,5.0,15.0,21.9885398781548,21.939978075841182,0.04856180231361762,61.60100952690211,61.606616145614325,0.005606618712214129,9.880823504526168
snr,No intelligent surface,30.0,6.0,15.0,17.574549004555386,3.796652928507424,13.777896076047963,62.007927618075406,48.79516127610195,13.212766341973456,-10.07685442325527
snr,Digital MVDR array (BMI-adaptive),30.0,6.0,15.0,17.574549004555386,17.528411476442592,0.04613752811279426,62.007927618075406,61.95968169549835,0.04824592257705973,9.900045823078347
snr,1-layer RIS (BMI-adaptive),30.0,6.0,15.0,17.574549004555386,17.52884234472902,0.045706659826365126,62.007927618075406,61.93680586191151,0.07112175616389749,5.978209980456427
snr,3-layer SIM (universal),30.0,6.0,15.0,17.574549004555386,17.52895089620433,0.04559810835105793,62.007927618075406,61.94285519942943,0.06507241864597546,9.60127052785727
snr,3-layer SIM (BMI-adaptive),30.0,6.0,15.0,17.574549004555386,17.528791460719134,0.04575754383625252,62.007927618075406,61.96123128632841,0.04669633174699328,9.927952412087194
snr,No intelligent surface,30.0,7.0,15.0,24.698024049016237,-2.236317293744004,26.93434134276024,72.43320520435778,86.76659766345075,14.333392459092977,-10.076682784938773
snr,Digital MVDR array (BMI-adaptive),30.0,7.0,15.0,24.698024049016237,24.651338142714742,0.046685906301494384,72.43320520435778,72.41272448517518,0.020480719182600637,9.352184995718554
snr,1-layer RIS (BMI-adaptive),30.0,7.0,15.0,24.698024049016237,24.652869576574574,0.04515447244166282,72.43320520435778,72.40822669951095,0.024978504846828287,5.485779659319246
snr,3-layer SIM (universal),30.0,7.0,15.0,24.698024049016237,24.649676850848905,0.04834719816733113,72.43320520435778,72.4296250855897,0.003580118768070406,9.188624525792076
snr,3-layer SIM (BMI-adaptive),30.0,7.0,15.0,24.698024049016237,24.65063508165049,0.04738896736574816,72.43320520435778,72.42749979567,0.005705408687774138,9.457447435618192
snr,No intelligent surface,30.0,8.0,15.0,10.992311516223731,11.600047167327581,0.6077356511038499,98.53897271435083,47.61272661735402,50.92624609699681,-10.077395331895394
snr,Digital MVDR array (BMI-adaptive),30.0,8.0,15.0,10.992311516223731,10.946700377471435,0.04561113875229594,98.53897271435083,98.55019102895754,0.01121831460670819,10.259273954787634
snr,1-layer RIS (BMI-adaptive),30.0,8.0,15.0,10.992311516223731,10.947102831669865,0.04520868455386662,98.53897271435083,98.57443304754965,0.03546033319881303,6.301995841111998
snr,3-layer SIM (universal),30.0,8.0,15.0,10.992311516223731,10.947733493813939,0.044578022409792695,98.53897271435083,98.49737308326912,0.041599631081709276,9.771363073995548
snr,3-layer SIM (BMI-adaptive),30.0,8.0,15.0,10.992311516223731,10.94764932936846,0.04466218685527146,98.53897271435083,98.49273017641372,0.0462425379371183,10.178389333377659
snr,No intelligent surface,30.0,9.0,15.0,21.475718628197832,8.188088287570432,13.2876303406274,85.63302431647399,75.68045006079389,9.952574255680105,-10.077074778878409
snr,Digital MVDR array (BMI-adaptive),30.0,9.0,15.0,21.475718628197832,21.42774050472509,0.047978123472741885,85.63302431647399,85.66668226522668,0.03365794875269046,10.115685144360144
snr,1-layer RIS (BMI-adaptive),30.0,9.0,15.0,21.475718628197832,21.42732534091821,0.04839328727962311,85.63302431647399,85.71387255386452,0.08084823739052638,6.181298281178396
snr,3-layer SIM (universal),30.0,9.0,15.0,21.475718628197832,21.429205408397944,0.04651321979988765,85.63302431647399,85.66656541582348,0.03354109934949179,9.723716622638655
snr,3-layer SIM (BMI-adaptive),30.0,9.0,15.0,21.475718628197832,21.430574672288074,0.04514395590975795,85.63302431647399,85.66580503466152,0.03278071818752437,10.090279371401106
snr,No intelligent surface,30.0,10.0,15.0,11.152323307462222,4.925946992612337,6.226376314849885,75.22526071334494,54.6994168527493,20.525843860595636,-10.077028197529234
snr,Digital MVDR array (BMI-adaptive),30.0,10.0,15.0,11.152323307462222,11.101427231422354,0.050896076039867566,75.22526071334494,75.26682545447008,0.041564741125142746,9.429792722959187
snr,1-layer RIS (BMI-adaptive),30.0,10.0,15.0,11.152323307462222,11.097958320005386,0.054364987456835934,75.22526071334494,75.29563854423239,0.07037783088745186,5.660397503628819
snr,3-layer SIM (universal),30.0,10.0,15.0,11.152323307462222,11.10607005007851,0.046253257383712665,75.22526071334494,75.26221555802701,0.03695484468207155,9.107807653352435
snr,3-layer SIM (BMI-adaptive),30.0,10.0,15.0,11.152323307462222,11.107352149119846,0.04497115834237597,75.22526071334494,75.25291459394704,0.027653880602102276,9.46294257491063
snr,No intelligent surface,30.0,11.0,15.0,14.258152188910527,5.07945685495601,9.178695333954517,63.29960921526044,47.57049329709525,15.729115918165192,-10.076961627963225
snr,Digital MVDR array (BMI-adaptive),30.0,11.0,15.0,14.258152188910527,14.21298516309368,0.04516702581684662,63.29960921526044,63.27718896287218,0.022420252388258177,10.164105758744544
snr,1-layer RIS (BMI-adaptive),30.0,11.0,15.0,14.258152188910527,14.213929945927404,0.04422224298312294,63.29960921526044,63.239500107653356,0.06010910760708299,6.140744144277727
snr,3-layer SIM (universal),30.0,11.0,15.0,14.258152188910527,14.213934378103408,0.04421781080711895,63.29960921526044,63.26994129169633,0.029667923564112186,9.815522335679356
snr,3-layer SIM (BMI-adaptive),30.0,11.0,15.0,14.258152188910527,14.213565334017066,0.04458685489346159,63.29960921526044,63.283817011238,0.015792204022439194,10.171522927044045
snr,No intelligent surface,34.0,0.0,15.0,21.380196459647138,5.67878204449866,15.701414415148477,89.08863598386797,82.49297661100812,6.595659372859856,-11.663738773147678
snr,Digital MVDR array (BMI-adaptive),34.0,0.0,15.0,21.380196459647138,21.334797626038398,0.045398833608739864,89.08863598386797,88.98356573086932,0.10507025299865802,11.660473550971604
snr,1-layer RIS (BMI-adaptive),34.0,0.0,15.0,21.380196459647138,21.336395184284996,0.04380127536214218,89.08863598386797,88.83900875509896,0.24962722876901466,7.549845780558584
snr,3-layer SIM (universal),34.0,0.0,15.0,21.380196459647138,21.33328387533149,0.04691258431564904,89.08863598386797,88.97881005090818,0.1098259329597937,11.139806298083545
snr,3-layer SIM (BMI-adaptive),34.0,0.0,15.0,21.380196459647138,21.333374438521833,0.04682202112530476,89.08863598386797,89.00782673886998,0.0808092449979938,11.609549332168111
snr,No intelligent surface,34.0,1.0,15.0,22.66558114417442,9.50963180432089,13.155949339853532,60.86433451203807,69.92951234412192,9.065177832083847,-11.663797886728592
snr,Digital MVDR array (BMI-adaptive),34.0,1.0,15.0,22.66558114417442,22.61740692194731,0.048174222227110874,60.86433451203807,60.884191920784744,0.019857408746673855,11.480028450290972
snr,1-layer RIS (BMI-adaptive),34.0,1.0,15.0,22.66558114417442,22.61699736047019,0.04858378370423111,60.86433451203807,60.898209441575275,0.03387492953720539,7.439490305052666
snr,3-layer SIM (universal),34.0,1.0,15.0,22.66558114417442,22.618265218261175,0.04731592591324585,60.86433451203807,60.88041188866691,0.0160773766288429,10.95755654971789
snr,3-layer SIM (BMI-adaptive),34.0,1.0,15.0,22.66558114417442,22.61875086211349,0.04683028206093098,60.86433451203807,60.87040634855207,0.006071836514003337,11.444239002112585
snr,No intelligent surface,34.0,2.0,15.0,14.276776286333686,12.078790876661042,2.1979854096726434,76.24206273584393,59.191483465984454,17.050579269859476,-11.663710264380944
snr,Digital MVDR array (BMI-adaptive),34.0,2.0,15.0,14.276776286333686,14.22711619721663,0.049660089117056216,76.24206273584393,76.25195758156245,0.009894845718520173,11.530267158794407
snr,1-layer RIS (BMI-adaptive),34.0,2.0,15.0,14.276776286333686,14.224465004103369,0.05231128223031689,76.24206273584393,76.27753940926655,0.03547667342262173,7.4225449127641845
snr,3-layer SIM (universal),34.0,2.0,15.0,14.276776286333686,14.22615520421662,0.05062108211706473,76.24206273584393,76.24841402798299,0.006351292139058273,11.04327215625725
snr,3-layer SIM (BMI-adaptive),34.0,2.0,15.0,14.276776286333686,14.227212328140396,0.04956395819328918,76.24206273584393,76.27351414880411,0.03145141296018039,11.471868109291615
snr,No intelligent surface,34.0,3.0,15.0,23.27747194651736,13.818080648532735,9.459391297984624,83.579240934273,75.83871803105436,7.740522903218647,-11.66367298851642
snr,Digital MVDR array (BMI-adaptive),34.0,3.0,15.0,23.27747194651736,23.23377500733009,0.04369693918726725,83.579240934273,83.5859626543899,0.006721720116900087,10.873771123924648
snr,1-layer RIS (BMI-adaptive),34.0,3.0,15.0,23.27747194651736,23.23535684734212,0.0421150991752377,83.579240934273,83.54477920404678,0.03446173022622645,7.202773631183654
snr,3-layer SIM (universal),34.0,3.0,15.0,23.27747194651736,23.23351669313968,0.04395525337767836,83.579240934273,83.59574413683934,0.016503202566340747,9.980037063403786
snr,3-layer SIM (BMI-adaptive),34.0,3.0,15.0,23.27747194651736,23.23158011870718,0.04589182781018053,83.579240934273,83.57010007214396,0.00914086212904408,10.95318608767296
snr,No intelligent surface,34.0,4.0,15.0,11.173151093022016,7.547872974633714,3.6252781183883016,68.65858016179155,85.68408401478538,17.025503852993836,-11.66386009486998
snr,Digital MVDR array (BMI-adaptive),34.0,4.0,15.0,11.173151093022016,11.126278351595518,0.046872741426497555,68.65858016179155,68.64958728194239,0.008992879849159863,11.426745820156324
snr,1-layer RIS (BMI-adaptive),34.0,4.0,15.0,11.173151093022016,11.125203860400637,0.04794723262137879,68.65858016179155,68.65832525701929,0.0002549047722624209,7.485347964187319
snr,3-layer SIM (universal),34.0,4.0,15.0,11.173151093022016,11.127765659192354,0.04538543382966154,68.65858016179155,68.61416704932071,0.0444131124708349,10.809486483262772
snr,3-layer SIM (BMI-adaptive),34.0,4.0,15.0,11.173151093022016,11.126301736793854,0.046849356228161554,68.65858016179155,68.65386557482854,0.004714586963004308,11.427853477072475
snr,No intelligent surface,34.0,5.0,15.0,21.35785056295159,7.370700377544838,13.987150185406751,76.85368798339834,59.13217485254831,17.721513130850035,-11.663803092618775
snr,Digital MVDR array (BMI-adaptive),34.0,5.0,15.0,21.35785056295159,21.310307246220024,0.04754331673156642,76.85368798339834,76.86476586828913,0.01107788489078132,11.49027975212363
snr,1-layer RIS (BMI-adaptive),34.0,5.0,15.0,21.35785056295159,21.30933037313762,0.04852018981397066,76.85368798339834,76.8809470224666,0.02725903906825522,7.599627698626725
snr,3-layer SIM (universal),34.0,5.0,15.0,21.35785056295159,21.310993560393918,0.046857002557672445,76.85368798339834,76.85525049140978,0.0015625080114318735,10.734919133943595
snr,3-layer SIM (BMI-adaptive),34.0,5.0,15.0,21.35785056295159,21.31065448161655,0.047196081335041384,76.85368798339834,76.85509026580151,0.0014022824031627579,11.523549474262687
snr,No intelligent surface,34.0,6.0,15.0,18.52774769659098,5.335581838320872,13.192165858270107,74.74761751222518,51.006154857410365,23.74146265481481,-11.663850237209958
snr,Digital MVDR array (BMI-adaptive),34.0,6.0,15.0,18.52774769659098,18.479906839320083,0.04784085727089504,74.74761751222518,74.75818292784152,0.010565415616341056,11.489579712133473
snr,1-layer RIS (BMI-adaptive),34.0,6.0,15.0,18.52774769659098,18.479563384810582,0.04818431178039617,74.74761751222518,74.78136854635905,0.03375103413387137,7.506960645293734
snr,3-layer SIM (universal),34.0,6.0,15.0,18.52774769659098,18.481910679702978,0.0458370168880009,74.74761751222518,74.79884402311758,0.051226510892405486,10.9029230682073
snr,3-layer SIM (BMI-adaptive),34.0,6.0,15.0,18.52774769659098,18.482087022433447,0.04566067415753139,74.74761751222518,74.7906812552375,0.04306374301232552,11.47822535935777
snr,No intelligent surface,34.0,7.0,15.0,23.26742192578472,5.930738706056097,17.336683219728624,70.22662092407928,55.557842253722114,14.66877867035717,-11.663752010905027
snr,Digital MVDR array (BMI-adaptive),34.0,7.0,15.0,23.26742192578472,23.222049930377317,0.04537199540740389,70.22662092407928,70.28731541959237,0.06069449551308992,11.321902639689496
snr,1-layer RIS (BMI-adaptive),34.0,7.0,15.0,23.26742192578472,23.222838603721126,0.04458332206359472,70.22662092407928,70.3618804011219,0.13525947704260943,7.501561220775194
snr,3-layer SIM (universal),34.0,7.0,15.0,23.26742192578472,23.22479660511854,0.04262532066617908,70.22662092407928,70.18868596052837,0.037934963550910084,10.500848333878423
snr,3-layer SIM (BMI-adaptive),34.0,7.0,15.0,23.26742192578472,23.22305888941549,0.04436303636923,70.22662092407928,70.22175668359702,0.0048642404822629715,11.37473695853362
snr,No intelligent surface,34.0,8.0,15.0,12.462229058717634,7.789300145945311,4.672928912772323,59.82248683435877,47.29672700260629,12.525759831752481,-11.66384547704893
snr,Digital MVDR array (BMI-adaptive),34.0,8.0,15.0,12.462229058717634,12.417826753109978,0.044402305607656345,59.82248683435877,59.847226714562986,0.02473988020421558,11.498920649152263
snr,1-layer RIS (BMI-adaptive),34.0,8.0,15.0,12.462229058717634,12.421811735764718,0.04041732295291567,59.82248683435877,59.84317282574104,0.02068599138227256,7.576611317579115
snr,3-layer SIM (universal),34.0,8.0,15.0,12.462229058717634,12.419097039514734,0.04313201920290055,59.82248683435877,59.7561357045383,0.0663511298204682,10.81273907921949
snr,3-layer SIM (BMI-adaptive),34.0,8.0,15.0,12.462229058717634,12.418446304199128,0.04378275451850655,59.82248683435877,59.77204802579012,0.05043880856865002,11.516046943560594
snr,No intelligent surface,34.0,9.0,15.0,22.27014682176632,11.624249443322544,10.645897378443777,96.54248119763331,61.10154681767665,35.44093437995666,-11.66382900364457
snr,Digital MVDR array (BMI-adaptive),34.0,9.0,15.0,22.27014682176632,22.224386312529703,0.045760509236618674,96.54248119763331,96.59506340136937,0.05258220373606548,11.619300735982716
snr,1-layer RIS (BMI-adaptive),34.0,9.0,15.0,22.27014682176632,22.225012667258504,0.045134154507817215,96.54248119763331,96.60827212890523,0.06579093127191982,7.664587071339788
snr,3-layer SIM (universal),34.0,9.0,15.0,22.27014682176632,22.22281508671491,0.04733173505141153,96.54248119763331,96.59835495934362,0.055873761710316217,10.923387851113837
snr,3-layer SIM (BMI-adaptive),34.0,9.0,15.0,22.27014682176632,22.221758595519823,0.04838822624649808,96.54248119763331,96.56296309558377,0.020481897950460848,11.63296638337716
snr,No intelligent surface,34.0,10.0,15.0,18.926979110100177,4.628791682088467,14.29818742801171,94.16461448774389,48.247531868064,45.91708261967989,-11.663821274641304
snr,Digital MVDR array (BMI-adaptive),34.0,10.0,15.0,18.926979110100177,18.87940697821209,0.04757213188808862,94.16461448774389,94.20037595032032,0.03576146257643131,11.477078339712461
snr,1-layer RIS (BMI-adaptive),34.0,10.0,15.0,18.926979110100177,18.879552144875518,0.04742696522465906,94.16461448774389,94.20451396830902,0.0398994805651256,7.581960583253382
snr,3-layer SIM (universal),34.0,10.0,15.0,18.926979110100177,18.877896625979098,0.04908248412107952,94.16461448774389,94.20031622013416,0.035701732390265306,10.744567624558996
snr,3-layer SIM (BMI-adaptive),34.0,10.0,15.0,18.926979110100177,18.878991033577535,0.047988076522642586,94.16461448774389,94.15541577388333,0.00919871386055604,11.506030839252336
snr,No intelligent surface,34.0,11.0,15.0,24.911978796835072,9.014632339742088,15.897346457092985,63.211886976410895,47.175826618510335,16.03606035790056,-11.663814687423564
snr,Digital MVDR array (BMI-adaptive),34.0,11.0,15.0,24.911978796835072,24.866529883377048,0.045448913458024265,63.211886976410895,63.25624706892832,0.044360092517422345,11.597112620886334
snr,1-layer RIS (BMI-adaptive),34.0,11.0,15.0,24.911978796835072,24.86850640606825,0.043472390766822855,63.211886976410895,63.27472578282004,0.06283880640914674,7.661498055070496
snr,3-layer SIM (universal),34.0,11.0,15.0,24.911978796835072,24.867626109363137,0.044352687471935326,63.211886976410895,63.21755528440884,0.0056683079979436,10.873172416660061
snr,3-layer SIM (BMI-adaptive),34.0,11.0,15.0,24.911978796835072,24.866815257260406,0.045163539574666345,63.211886976410895,63.19636547887467,0.015521497536227002,11.61841393196921
snr,No intelligent surface,38.0,0.0,15.0,24.289642523995344,7.033842621273674,17.25579990272167,73.22629987528421,58.238799145265936,14.987500730018276,-13.75645269423555
snr,Digital MVDR array (BMI-adaptive),38.0,0.0,15.0,24.289642523995344,24.242314050190288,0.04732847380505589,73.22629987528421,73.28443680971341,0.05813693442919998,12.334205179335038
snr,1-layer RIS (BMI-adaptive),38.0,0.0,15.0,24.289642523995344,24.24129679537107,0.04834572862427322,73.22629987528421,73.28537836686623,0.059078491582013726,8.21301336394465
snr,3-layer SIM (universal),38.0,0.0,15.0,24.289642523995344,24.23949376798618,0.050148756009164686,73.22629987528421,73.34437390902318,0.11807403373896364,10.567376809894517
snr,3-layer SIM (BMI-adaptive),38.0,0.0,15.0,24.289642523995344,24.240696105090777,0.04894641890456697,73.22629987528421,73.25617708869719,0.029877213412973447,12.218105576762637
snr,No intelligent surface,38.0,1.0,15.0,15.668450347587532,7.6148038835496,8.053646464037932,65.0764778720385,45.91917412217336,19.157303749865136,-13.758536691322941
snr,Digital MVDR array (BMI-adaptive),38.0,1.0,15.0,15.668450347587532,15.621888845111664,0.046561502475867655,65.0764778720385,65.07472164073371,0.0017562313047818634,12.355215431225712
snr,1-layer RIS (BMI-adaptive),38.0,1.0,15.0,15.668450347587532,15.620807569002178,0.04764277858535415,65.0764778720385,65.1009667235702,0.024488851531700107,8.237351148681633
snr,3-layer SIM (universal),38.0,1.0,15.0,15.668450347587532,15.62147873934942,0.04697160823811153,65.0764778720385,65.14049734372455,0.06401947168605204,10.887338528355599
snr,3-layer SIM (BMI-adaptive),38.0,1.0,15.0,15.668450347587532,15.620364071178587,0.04808627640894514,65.0764778720385,65.11115240666827,0.034674534629772324,12.258108556632973
snr,No intelligent surface,38.0,2.0,15.0,16.6628667797777,4.758071046920144,11.904795732857558,84.31216756947916,50.908596465238844,33.403571104240314,-13.760569927995634
snr,Digital MVDR array (BMI-adaptive),38.0,2.0,15.0,16.6628667797777,16.61642903153134,0.04643774824636182,84.31216756947916,84.24119508713632,0.07097248234283882,12.357883477963512
snr,1-layer RIS (BMI-adaptive),38.0,2.0,15.0,16.6628667797777,16.615250116570103,0.04761666320759872,84.31216756947916,84.22249954235178,0.08966802712737376,8.233154623109966
snr,3-layer SIM (universal),38.0,2.0,15.0,16.6628667797777,16.613974678554985,0.04889210122271592,84.31216756947916,84.30968104092959,0.002486528549567879,11.460300072304017
snr,3-layer SIM (BMI-adaptive),38.0,2.0,15.0,16.6628667797777,16.613906702388157,0.048960077389544665,84.31216756947916,84.32713373892493,0.01496616944577056,12.335945179366465
snr,No intelligent surface,38.0,3.0,15.0,16.651440553562086,7.1240021160980564,9.52743843746403,91.77371960544336,49.59287073060643,42.18084887483693,-13.75996343552748
snr,Digital MVDR array (BMI-adaptive),38.0,3.0,15.0,16.651440553562086,16.605057641366567,0.0463829121955186,91.77371960544336,91.81436007505053,0.04064046960716894,12.469421391485486
snr,1-layer RIS (BMI-adaptive),38.0,3.0,15.0,16.651440553562086,16.60537830995208,0.04606224361000599,91.77371960544336,91.80271459624976,0.028994990806396004,8.344892438938427
snr,3-layer SIM (universal),38.0,3.0,15.0,16.651440553562086,16.604182275224296,0.047258278337789505,91.77371960544336,91.83335204853532,0.05963244309195659,11.31070819222648
snr,3-layer SIM (BMI-adaptive),38.0,3.0,15.0,16.651440553562086,16.604274220848435,0.047166332713651116,91.77371960544336,91.78310448685335,0.009384881409985724,12.420299926036385
snr,No intelligent surface,38.0,4.0,15.0,19.08478246260513,9.758069221025966,9.326713241579164,95.27844535949693,51.91358381825234,43.364861541244586,-13.758943258211945
snr,Digital MVDR array (BMI-adaptive),38.0,4.0,15.0,19.08478246260513,19.03745569769652,0.047326764908611096,95.27844535949693,95.31518264124404,0.036737281747107886,12.474219686418005
snr,1-layer RIS (BMI-adaptive),38.0,4.0,15.0,19.08478246260513,19.03974111941891,0.04504134318622022,95.27844535949693,95.31439455227357,0.035949192776641326,8.35159832933934
snr,3-layer SIM (universal),38.0,4.0,15.0,19.08478246260513,19.039808911139183,0.04497355146594728,95.27844535949693,95.32223984965734,0.04379449016040837,11.104146837224587
snr,3-layer SIM (BMI-adaptive),38.0,4.0,15.0,19.08478246260513,19.039921780783835,0.044860681821294435,95.27844535949693,95.28181304347441,0.0033676839774869904,12.40447783288709
snr,No intelligent surface,38.0,5.0,15.0,21.512272163536263,11.73476707681906,9.777505086717204,72.32559898584572,66.77167480869338,5.553924177152339,-13.759894405859898
snr,Digital MVDR array (BMI-adaptive),38.0,5.0,15.0,21.512272163536263,21.464883050158516,0.047389113377747094,72.32559898584572,72.31316398553068,0.01243500031503686,12.477085260763804
snr,1-layer RIS (BMI-adaptive),38.0,5.0,15.0,21.512272163536263,21.46327665636571,0.048995507170552344,72.32559898584572,72.3342115987008,0.008612612855088742,8.35271408691803
snr,3-layer SIM (universal),38.0,5.0,15.0,21.512272163536263,21.463837499633975,0.04843466390228812,72.32559898584572,72.31541230739111,0.01018667845460186,11.303131268500897
snr,3-layer SIM (BMI-adaptive),38.0,5.0,15.0,21.512272163536263,21.463854593003433,0.04841757053283047,72.32559898584572,72.34748805585882,0.021889070013102696,12.427408180118052
snr,No intelligent surface,38.0,6.0,15.0,21.709529199819055,7.964929586115039,13.744599613704017,74.85564008048979,49.516511217754854,25.33912886273494,-13.760424425764588
snr,Digital MVDR array (BMI-adaptive),38.0,6.0,15.0,21.709529199819055,21.661087785600518,0.048441414218537204,74.85564008048979,74.86634391526346,0.010703834773664767,12.130230165524868
snr,1-layer RIS (BMI-adaptive),38.0,6.0,15.0,21.709529199819055,21.66118094458749,0.048348255231566384,74.85564008048979,74.83633775036226,0.019302330127530354,8.012025301037076
snr,3-layer SIM (universal),38.0,6.0,15.0,21.709529199819055,21.663323563203384,0.0462056366156709,74.85564008048979,74.83611141047173,0.01952867001806169,11.326340657588304
snr,3-layer SIM (BMI-adaptive),38.0,6.0,15.0,21.709529199819055,21.663562318970467,0.04596688084858869,74.85564008048979,74.82271647847199,0.03292360201780298,12.10235147826043
snr,No intelligent surface,38.0,7.0,15.0,16.552056988503708,6.329694507978351,10.222362480525357,94.4504144981174,53.18824525444222,41.262169243675174,-13.75783451978825
snr,Digital MVDR array (BMI-adaptive),38.0,7.0,15.0,16.552056988503708,16.506577069506104,0.04547991899760362,94.4504144981174,94.44881083050294,0.0016036676144608464,12.526913014587658
snr,1-layer RIS (BMI-adaptive),38.0,7.0,15.0,16.552056988503708,16.5063203961129,0.04573659239080641,94.4504144981174,94.4664700681194,0.016055570002009745,8.439816276722533
snr,3-layer SIM (universal),38.0,7.0,15.0,16.552056988503708,16.50468877488266,0.04736821362104848,94.4504144981174,94.47590162419489,0.02548712607749337,11.130023016011318
snr,3-layer SIM (BMI-adaptive),38.0,7.0,15.0,16.552056988503708,16.504038675249788,0.04801831325391959,94.4504144981174,94.47596751556351,0.025553017446114268,12.49560953463389
snr,No intelligent surface,38.0,8.0,15.0,13.032572272377104,-0.012929047721781661,13.045501320098886,59.00393109990667,62.030567631358636,3.026636531451963,-13.757089797969687
snr,Digital MVDR array (BMI-adaptive),38.0,8.0,15.0,13.032572272377104,12.98470677702722,0.0478654953498836,59.00393109990667,59.07449707799549,0.07056597808881548,12.275635528000038
snr,1-layer RIS (BMI-adaptive),38.0,8.0,15.0,13.032572272377104,12.985781071294722,0.04679120108238166,59.00393109990667,59.16056620832208,0.15663510841540784,8.160580253931426
snr,3-layer SIM (universal),38.0,8.0,15.0,13.032572272377104,12.986786622146976,0.04578565023012793,59.00393109990667,59.02056612021524,0.016635020308569892,10.575103449929234
snr,3-layer SIM (BMI-adaptive),38.0,8.0,15.0,13.032572272377104,12.986858823409984,0.045713448967120485,59.00393109990667,59.05224825875902,0.048317158852348996,12.151678910005385
snr,No intelligent surface,38.0,9.0,15.0,10.99405114919961,4.561574957985505,6.432476191214104,98.71335836592942,46.984862510502865,51.72849585542656,-13.760407169629032
snr,Digital MVDR array (BMI-adaptive),38.0,9.0,15.0,10.99405114919961,10.94986212169159,0.04418902750802012,98.71335836592942,98.73116606496825,0.017807699038826286,12.391948211868424
snr,1-layer RIS (BMI-adaptive),38.0,9.0,15.0,10.99405114919961,10.954301250187772,0.0397498990118379,98.71335836592942,98.70212529035338,0.011233075576043916,8.274791434570293
snr,3-layer SIM (universal),38.0,9.0,15.0,10.99405114919961,10.950654104221007,0.04339704497860275,98.71335836592942,98.68112089661113,0.03223746931828941,11.58180959286356
snr,3-layer SIM (BMI-adaptive),38.0,9.0,15.0,10.99405114919961,10.950963030252915,0.043088118946695175,98.71335836592942,98.68239824678969,0.030960119139734843,12.40081941953533
snr,No intelligent surface,38.0,10.0,15.0,19.858884606129116,18.572933117831305,1.2859514882978118,75.00747224794289,51.57946814640282,23.42800410154007,-13.760100536249345
snr,Digital MVDR array (BMI-adaptive),38.0,10.0,15.0,19.858884606129116,19.813110784434553,0.045773821694563566,75.00747224794289,74.93099375126835,0.07647849667453954,12.527042790501914
snr,1-layer RIS (BMI-adaptive),38.0,10.0,15.0,19.858884606129116,19.811622315704184,0.04726229042493202,75.00747224794289,74.83693390982124,0.17053833812164498,8.40636561208082
snr,3-layer SIM (universal),38.0,10.0,15.0,19.858884606129116,19.81140397876709,0.047480627362027406,75.00747224794289,74.96845839258431,0.03901385535857571,11.453730073752748
snr,3-layer SIM (BMI-adaptive),38.0,10.0,15.0,19.858884606129116,19.810549349417286,0.048335256711830255,75.00747224794289,74.9566712968687,0.050800951074180034,12.50280464531129
snr,No intelligent surface,38.0,11.0,15.0,21.61308987132457,4.136776718115572,17.476313153209,63.705876498424146,55.44865634646897,8.257220151955174,-13.760427950749623
snr,Digital MVDR array (BMI-adaptive),38.0,11.0,15.0,21.61308987132457,21.567280755403353,0.04580911592121595,63.705876498424146,63.633773617153494,0.07210288127065212,12.463798267315314
snr,1-layer RIS (BMI-adaptive),38.0,11.0,15.0,21.61308987132457,21.56759934122912,0.045490530095449344,63.705876498424146,63.62918348178946,0.07669301663468531,8.339959644169712
snr,3-layer SIM (universal),38.0,11.0,15.0,21.61308987132457,21.567651440089044,0.04543843123552449,63.705876498424146,63.56829183050033,0.13758466792381796,11.486981988510783
snr,3-layer SIM (BMI-adaptive),38.0,11.0,15.0,21.61308987132457,21.56636652360936,0.04672334771520781,63.705876498424146,63.67387681395527,0.0319996844688788,12.443062196787025
